arm,target,method,axis,n,rep,score,n_test,n_pool
magpie,formation_energy/atom,xgboost,train,50,0,0.614383,20000,134875
magpie,formation_energy/atom,xgboost,train,50,1,0.558681,20000,134875
magpie,formation_energy/atom,xgboost,train,50,2,0.527428,20000,134875
magpie,formation_energy/atom,xgboost,train,50,3,0.704502,20000,134875
magpie,formation_energy/atom,xgboost,train,50,4,0.658529,20000,134875
magpie,formation_energy/atom,xgboost,train,50,5,0.653753,20000,134875
magpie,formation_energy/atom,xgboost,train,50,6,0.657800,20000,134875
magpie,formation_energy/atom,xgboost,train,50,7,0.643640,20000,134875
magpie,formation_energy/atom,xgboost,train,50,8,0.641528,20000,134875
magpie,formation_energy/atom,xgboost,train,50,9,0.497488,20000,134875
magpie,formation_energy/atom,xgboost,train,50,10,0.682888,20000,134875
magpie,formation_energy/atom,xgboost,train,50,11,0.613124,20000,134875
magpie,formation_energy/atom,xgboost,train,50,12,0.618390,20000,134875
magpie,formation_energy/atom,xgboost,train,50,13,0.653888,20000,134875
magpie,formation_energy/atom,xgboost,train,50,14,0.620545,20000,134875
magpie,formation_energy/atom,xgboost,train,50,15,0.618404,20000,134875
magpie,formation_energy/atom,xgboost,train,50,16,0.711983,20000,134875
magpie,formation_energy/atom,xgboost,train,50,17,0.653472,20000,134875
magpie,formation_energy/atom,xgboost,train,50,18,0.557197,20000,134875
magpie,formation_energy/atom,xgboost,train,50,19,0.668128,20000,134875
magpie,formation_energy/atom,xgboost,train,50,20,0.582788,20000,134875
magpie,formation_energy/atom,xgboost,train,50,21,0.662600,20000,134875
magpie,formation_energy/atom,xgboost,train,50,22,0.663766,20000,134875
magpie,formation_energy/atom,xgboost,train,50,23,0.530606,20000,134875
magpie,formation_energy/atom,xgboost,train,50,24,0.601484,20000,134875
magpie,formation_energy/atom,xgboost,train,50,25,0.679851,20000,134875
magpie,formation_energy/atom,xgboost,train,50,26,0.688593,20000,134875
magpie,formation_energy/atom,xgboost,train,50,27,0.430359,20000,134875
magpie,formation_energy/atom,xgboost,train,50,28,0.502769,20000,134875
magpie,formation_energy/atom,xgboost,train,50,29,0.678395,20000,134875
magpie,formation_energy/atom,linear,train,50,0,-2.295163,20000,134875
magpie,formation_energy/atom,linear,train,50,1,0.571406,20000,134875
magpie,formation_energy/atom,linear,train,50,2,0.472598,20000,134875
magpie,formation_energy/atom,linear,train,50,3,0.644641,20000,134875
magpie,formation_energy/atom,linear,train,50,4,0.657665,20000,134875
magpie,formation_energy/atom,linear,train,50,5,0.643964,20000,134875
magpie,formation_energy/atom,linear,train,50,6,0.590148,20000,134875
magpie,formation_energy/atom,linear,train,50,7,0.629598,20000,134875
magpie,formation_energy/atom,linear,train,50,8,0.702635,20000,134875
magpie,formation_energy/atom,linear,train,50,9,0.643514,20000,134875
magpie,formation_energy/atom,linear,train,50,10,0.672793,20000,134875
magpie,formation_energy/atom,linear,train,50,11,0.613180,20000,134875
magpie,formation_energy/atom,linear,train,50,12,0.586381,20000,134875
magpie,formation_energy/atom,linear,train,50,13,0.671073,20000,134875
magpie,formation_energy/atom,linear,train,50,14,0.130804,20000,134875
magpie,formation_energy/atom,linear,train,50,15,0.637288,20000,134875
magpie,formation_energy/atom,linear,train,50,16,0.636423,20000,134875
magpie,formation_energy/atom,linear,train,50,17,0.677950,20000,134875
magpie,formation_energy/atom,linear,train,50,18,-15021.791486,20000,134875
magpie,formation_energy/atom,linear,train,50,19,0.635318,20000,134875
magpie,formation_energy/atom,linear,train,50,20,0.579839,20000,134875
magpie,formation_energy/atom,linear,train,50,21,0.660339,20000,134875
magpie,formation_energy/atom,linear,train,50,22,-28081.703648,20000,134875
magpie,formation_energy/atom,linear,train,50,23,0.660994,20000,134875
magpie,formation_energy/atom,linear,train,50,24,0.558212,20000,134875
magpie,formation_energy/atom,linear,train,50,25,0.642877,20000,134875
magpie,formation_energy/atom,linear,train,50,26,0.627988,20000,134875
magpie,formation_energy/atom,linear,train,50,27,0.632412,20000,134875
magpie,formation_energy/atom,linear,train,50,28,0.415716,20000,134875
magpie,formation_energy/atom,linear,train,50,29,0.612977,20000,134875
magpie,formation_energy/atom,xgboost,train,100,0,0.727267,20000,134875
magpie,formation_energy/atom,xgboost,train,100,1,0.719713,20000,134875
magpie,formation_energy/atom,xgboost,train,100,2,0.726348,20000,134875
magpie,formation_energy/atom,xgboost,train,100,3,0.747420,20000,134875
magpie,formation_energy/atom,xgboost,train,100,4,0.727903,20000,134875
magpie,formation_energy/atom,xgboost,train,100,5,0.700634,20000,134875
magpie,formation_energy/atom,xgboost,train,100,6,0.720481,20000,134875
magpie,formation_energy/atom,xgboost,train,100,7,0.685199,20000,134875
magpie,formation_energy/atom,xgboost,train,100,8,0.698966,20000,134875
magpie,formation_energy/atom,xgboost,train,100,9,0.650334,20000,134875
magpie,formation_energy/atom,xgboost,train,100,10,0.700997,20000,134875
magpie,formation_energy/atom,xgboost,train,100,11,0.708644,20000,134875
magpie,formation_energy/atom,xgboost,train,100,12,0.622584,20000,134875
magpie,formation_energy/atom,xgboost,train,100,13,0.701011,20000,134875
magpie,formation_energy/atom,xgboost,train,100,14,0.627036,20000,134875
magpie,formation_energy/atom,xgboost,train,100,15,0.722398,20000,134875
magpie,formation_energy/atom,xgboost,train,100,16,0.702782,20000,134875
magpie,formation_energy/atom,xgboost,train,100,17,0.684601,20000,134875
magpie,formation_energy/atom,xgboost,train,100,18,0.645401,20000,134875
magpie,formation_energy/atom,xgboost,train,100,19,0.715694,20000,134875
magpie,formation_energy/atom,xgboost,train,100,20,0.714264,20000,134875
magpie,formation_energy/atom,xgboost,train,100,21,0.693748,20000,134875
magpie,formation_energy/atom,xgboost,train,100,22,0.721120,20000,134875
magpie,formation_energy/atom,xgboost,train,100,23,0.684902,20000,134875
magpie,formation_energy/atom,xgboost,train,100,24,0.755830,20000,134875
magpie,formation_energy/atom,xgboost,train,100,25,0.701174,20000,134875
magpie,formation_energy/atom,xgboost,train,100,26,0.655946,20000,134875
magpie,formation_energy/atom,xgboost,train,100,27,0.735136,20000,134875
magpie,formation_energy/atom,xgboost,train,100,28,0.686589,20000,134875
magpie,formation_energy/atom,xgboost,train,100,29,0.718336,20000,134875
magpie,formation_energy/atom,linear,train,100,0,-239421.929089,20000,134875
magpie,formation_energy/atom,linear,train,100,1,0.666754,20000,134875
magpie,formation_energy/atom,linear,train,100,2,0.712141,20000,134875
magpie,formation_energy/atom,linear,train,100,3,-266.255675,20000,134875
magpie,formation_energy/atom,linear,train,100,4,0.696321,20000,134875
magpie,formation_energy/atom,linear,train,100,5,0.524189,20000,134875
magpie,formation_energy/atom,linear,train,100,6,0.674224,20000,134875
magpie,formation_energy/atom,linear,train,100,7,0.691458,20000,134875
magpie,formation_energy/atom,linear,train,100,8,-1100376.638766,20000,134875
magpie,formation_energy/atom,linear,train,100,9,0.586248,20000,134875
magpie,formation_energy/atom,linear,train,100,10,0.668279,20000,134875
magpie,formation_energy/atom,linear,train,100,11,0.716517,20000,134875
magpie,formation_energy/atom,linear,train,100,12,0.694391,20000,134875
magpie,formation_energy/atom,linear,train,100,13,0.683327,20000,134875
magpie,formation_energy/atom,linear,train,100,14,0.459030,20000,134875
magpie,formation_energy/atom,linear,train,100,15,0.671048,20000,134875
magpie,formation_energy/atom,linear,train,100,16,0.696997,20000,134875
magpie,formation_energy/atom,linear,train,100,17,-173.020706,20000,134875
magpie,formation_energy/atom,linear,train,100,18,0.571361,20000,134875
magpie,formation_energy/atom,linear,train,100,19,0.690494,20000,134875
magpie,formation_energy/atom,linear,train,100,20,-87808.224248,20000,134875
magpie,formation_energy/atom,linear,train,100,21,0.681565,20000,134875
magpie,formation_energy/atom,linear,train,100,22,0.714230,20000,134875
magpie,formation_energy/atom,linear,train,100,23,-16261.436448,20000,134875
magpie,formation_energy/atom,linear,train,100,24,0.691837,20000,134875
magpie,formation_energy/atom,linear,train,100,25,0.699215,20000,134875
magpie,formation_energy/atom,linear,train,100,26,-626836.678989,20000,134875
magpie,formation_energy/atom,linear,train,100,27,0.722791,20000,134875
magpie,formation_energy/atom,linear,train,100,28,0.458455,20000,134875
magpie,formation_energy/atom,linear,train,100,29,0.703679,20000,134875
magpie,formation_energy/atom,xgboost,train,200,0,0.741105,20000,134875
magpie,formation_energy/atom,xgboost,train,200,1,0.735183,20000,134875
magpie,formation_energy/atom,xgboost,train,200,2,0.772596,20000,134875
magpie,formation_energy/atom,xgboost,train,200,3,0.763111,20000,134875
magpie,formation_energy/atom,xgboost,train,200,4,0.757323,20000,134875
magpie,formation_energy/atom,xgboost,train,200,5,0.756870,20000,134875
magpie,formation_energy/atom,xgboost,train,200,6,0.762304,20000,134875
magpie,formation_energy/atom,xgboost,train,200,7,0.765487,20000,134875
magpie,formation_energy/atom,xgboost,train,200,8,0.735817,20000,134875
magpie,formation_energy/atom,xgboost,train,200,9,0.723621,20000,134875
magpie,formation_energy/atom,xgboost,train,200,10,0.720732,20000,134875
magpie,formation_energy/atom,xgboost,train,200,11,0.699890,20000,134875
magpie,formation_energy/atom,xgboost,train,200,12,0.728158,20000,134875
magpie,formation_energy/atom,xgboost,train,200,13,0.753358,20000,134875
magpie,formation_energy/atom,xgboost,train,200,14,0.768546,20000,134875
magpie,formation_energy/atom,xgboost,train,200,15,0.734416,20000,134875
magpie,formation_energy/atom,xgboost,train,200,16,0.713433,20000,134875
magpie,formation_energy/atom,xgboost,train,200,17,0.763690,20000,134875
magpie,formation_energy/atom,xgboost,train,200,18,0.754962,20000,134875
magpie,formation_energy/atom,xgboost,train,200,19,0.731827,20000,134875
magpie,formation_energy/atom,xgboost,train,200,20,0.750955,20000,134875
magpie,formation_energy/atom,xgboost,train,200,21,0.691209,20000,134875
magpie,formation_energy/atom,xgboost,train,200,22,0.765527,20000,134875
magpie,formation_energy/atom,xgboost,train,200,23,0.741622,20000,134875
magpie,formation_energy/atom,xgboost,train,200,24,0.733691,20000,134875
magpie,formation_energy/atom,xgboost,train,200,25,0.748610,20000,134875
magpie,formation_energy/atom,xgboost,train,200,26,0.747074,20000,134875
magpie,formation_energy/atom,xgboost,train,200,27,0.747874,20000,134875
magpie,formation_energy/atom,xgboost,train,200,28,0.745195,20000,134875
magpie,formation_energy/atom,xgboost,train,200,29,0.750464,20000,134875
magpie,formation_energy/atom,linear,train,200,0,0.728679,20000,134875
magpie,formation_energy/atom,linear,train,200,1,0.729284,20000,134875
magpie,formation_energy/atom,linear,train,200,2,0.680101,20000,134875
magpie,formation_energy/atom,linear,train,200,3,-232892.989357,20000,134875
magpie,formation_energy/atom,linear,train,200,4,0.727411,20000,134875
magpie,formation_energy/atom,linear,train,200,5,0.714347,20000,134875
magpie,formation_energy/atom,linear,train,200,6,0.738020,20000,134875
magpie,formation_energy/atom,linear,train,200,7,0.722138,20000,134875
magpie,formation_energy/atom,linear,train,200,8,0.703771,20000,134875
magpie,formation_energy/atom,linear,train,200,9,0.618412,20000,134875
magpie,formation_energy/atom,linear,train,200,10,-4446.320344,20000,134875
magpie,formation_energy/atom,linear,train,200,11,0.725708,20000,134875
magpie,formation_energy/atom,linear,train,200,12,0.696471,20000,134875
magpie,formation_energy/atom,linear,train,200,13,0.708855,20000,134875
magpie,formation_energy/atom,linear,train,200,14,-5138.989216,20000,134875
magpie,formation_energy/atom,linear,train,200,15,0.706276,20000,134875
magpie,formation_energy/atom,linear,train,200,16,0.711917,20000,134875
magpie,formation_energy/atom,linear,train,200,17,0.727479,20000,134875
magpie,formation_energy/atom,linear,train,200,18,0.732691,20000,134875
magpie,formation_energy/atom,linear,train,200,19,0.717190,20000,134875
magpie,formation_energy/atom,linear,train,200,20,-11.344403,20000,134875
magpie,formation_energy/atom,linear,train,200,21,0.655339,20000,134875
magpie,formation_energy/atom,linear,train,200,22,0.715974,20000,134875
magpie,formation_energy/atom,linear,train,200,23,-5089.258085,20000,134875
magpie,formation_energy/atom,linear,train,200,24,0.722952,20000,134875
magpie,formation_energy/atom,linear,train,200,25,-2108.829740,20000,134875
magpie,formation_energy/atom,linear,train,200,26,-827.042233,20000,134875
magpie,formation_energy/atom,linear,train,200,27,0.701001,20000,134875
magpie,formation_energy/atom,linear,train,200,28,0.738884,20000,134875
magpie,formation_energy/atom,linear,train,200,29,0.738993,20000,134875
magpie,formation_energy/atom,xgboost,train,500,0,0.795655,20000,134875
magpie,formation_energy/atom,xgboost,train,500,1,0.780885,20000,134875
magpie,formation_energy/atom,xgboost,train,500,2,0.791935,20000,134875
magpie,formation_energy/atom,xgboost,train,500,3,0.791513,20000,134875
magpie,formation_energy/atom,xgboost,train,500,4,0.797713,20000,134875
magpie,formation_energy/atom,xgboost,train,500,5,0.776740,20000,134875
magpie,formation_energy/atom,xgboost,train,500,6,0.800038,20000,134875
magpie,formation_energy/atom,xgboost,train,500,7,0.795410,20000,134875
magpie,formation_energy/atom,xgboost,train,500,8,0.737331,20000,134875
magpie,formation_energy/atom,xgboost,train,500,9,0.796645,20000,134875
magpie,formation_energy/atom,xgboost,train,500,10,0.782152,20000,134875
magpie,formation_energy/atom,xgboost,train,500,11,0.794622,20000,134875
magpie,formation_energy/atom,xgboost,train,500,12,0.784938,20000,134875
magpie,formation_energy/atom,xgboost,train,500,13,0.797537,20000,134875
magpie,formation_energy/atom,xgboost,train,500,14,0.800627,20000,134875
magpie,formation_energy/atom,xgboost,train,500,15,0.772578,20000,134875
magpie,formation_energy/atom,xgboost,train,500,16,0.774206,20000,134875
magpie,formation_energy/atom,xgboost,train,500,17,0.798298,20000,134875
magpie,formation_energy/atom,xgboost,train,500,18,0.785041,20000,134875
magpie,formation_energy/atom,xgboost,train,500,19,0.788943,20000,134875
magpie,formation_energy/atom,xgboost,train,500,20,0.803968,20000,134875
magpie,formation_energy/atom,xgboost,train,500,21,0.773808,20000,134875
magpie,formation_energy/atom,xgboost,train,500,22,0.782234,20000,134875
magpie,formation_energy/atom,xgboost,train,500,23,0.792205,20000,134875
magpie,formation_energy/atom,xgboost,train,500,24,0.784236,20000,134875
magpie,formation_energy/atom,xgboost,train,500,25,0.756644,20000,134875
magpie,formation_energy/atom,xgboost,train,500,26,0.790456,20000,134875
magpie,formation_energy/atom,xgboost,train,500,27,0.789034,20000,134875
magpie,formation_energy/atom,xgboost,train,500,28,0.799603,20000,134875
magpie,formation_energy/atom,xgboost,train,500,29,0.797121,20000,134875
magpie,formation_energy/atom,linear,train,500,0,-16776.068487,20000,134875
magpie,formation_energy/atom,linear,train,500,1,0.744348,20000,134875
magpie,formation_energy/atom,linear,train,500,2,0.754670,20000,134875
magpie,formation_energy/atom,linear,train,500,3,0.763240,20000,134875
magpie,formation_energy/atom,linear,train,500,4,0.758488,20000,134875
magpie,formation_energy/atom,linear,train,500,5,-13406887.482240,20000,134875
magpie,formation_energy/atom,linear,train,500,6,0.723113,20000,134875
magpie,formation_energy/atom,linear,train,500,7,0.759580,20000,134875
magpie,formation_energy/atom,linear,train,500,8,0.737601,20000,134875
magpie,formation_energy/atom,linear,train,500,9,0.747914,20000,134875
magpie,formation_energy/atom,linear,train,500,10,0.754058,20000,134875
magpie,formation_energy/atom,linear,train,500,11,0.486375,20000,134875
magpie,formation_energy/atom,linear,train,500,12,0.742948,20000,134875
magpie,formation_energy/atom,linear,train,500,13,0.735606,20000,134875
magpie,formation_energy/atom,linear,train,500,14,-419723.818057,20000,134875
magpie,formation_energy/atom,linear,train,500,15,0.754227,20000,134875
magpie,formation_energy/atom,linear,train,500,16,0.748304,20000,134875
magpie,formation_energy/atom,linear,train,500,17,0.748576,20000,134875
magpie,formation_energy/atom,linear,train,500,18,0.747359,20000,134875
magpie,formation_energy/atom,linear,train,500,19,-403027.223194,20000,134875
magpie,formation_energy/atom,linear,train,500,20,0.761395,20000,134875
magpie,formation_energy/atom,linear,train,500,21,0.755959,20000,134875
magpie,formation_energy/atom,linear,train,500,22,0.743003,20000,134875
magpie,formation_energy/atom,linear,train,500,23,0.728536,20000,134875
magpie,formation_energy/atom,linear,train,500,24,-8939816.606708,20000,134875
magpie,formation_energy/atom,linear,train,500,25,0.722801,20000,134875
magpie,formation_energy/atom,linear,train,500,26,0.746147,20000,134875
magpie,formation_energy/atom,linear,train,500,27,-17353701.845967,20000,134875
magpie,formation_energy/atom,linear,train,500,28,0.759988,20000,134875
magpie,formation_energy/atom,linear,train,500,29,0.747808,20000,134875
magpie,formation_energy/atom,xgboost,train,1000,0,0.813151,20000,134875
magpie,formation_energy/atom,xgboost,train,1000,1,0.818070,20000,134875
magpie,formation_energy/atom,xgboost,train,1000,2,0.818716,20000,134875
magpie,formation_energy/atom,xgboost,train,1000,3,0.814782,20000,134875
magpie,formation_energy/atom,xgboost,train,1000,4,0.810745,20000,134875
magpie,formation_energy/atom,xgboost,train,1000,5,0.812470,20000,134875
magpie,formation_energy/atom,xgboost,train,1000,6,0.814467,20000,134875
magpie,formation_energy/atom,xgboost,train,1000,7,0.817709,20000,134875
magpie,formation_energy/atom,xgboost,train,1000,8,0.819622,20000,134875
magpie,formation_energy/atom,xgboost,train,1000,9,0.811549,20000,134875
magpie,formation_energy/atom,xgboost,train,1000,10,0.817154,20000,134875
magpie,formation_energy/atom,xgboost,train,1000,11,0.814082,20000,134875
magpie,formation_energy/atom,xgboost,train,1000,12,0.806982,20000,134875
magpie,formation_energy/atom,xgboost,train,1000,13,0.809361,20000,134875
magpie,formation_energy/atom,xgboost,train,1000,14,0.803141,20000,134875
magpie,formation_energy/atom,xgboost,train,1000,15,0.815815,20000,134875
magpie,formation_energy/atom,xgboost,train,1000,16,0.813336,20000,134875
magpie,formation_energy/atom,xgboost,train,1000,17,0.813174,20000,134875
magpie,formation_energy/atom,xgboost,train,1000,18,0.800500,20000,134875
magpie,formation_energy/atom,xgboost,train,1000,19,0.813179,20000,134875
magpie,formation_energy/atom,xgboost,train,1000,20,0.811211,20000,134875
magpie,formation_energy/atom,xgboost,train,1000,21,0.807349,20000,134875
magpie,formation_energy/atom,xgboost,train,1000,22,0.808690,20000,134875
magpie,formation_energy/atom,xgboost,train,1000,23,0.805505,20000,134875
magpie,formation_energy/atom,xgboost,train,1000,24,0.808821,20000,134875
magpie,formation_energy/atom,xgboost,train,1000,25,0.809421,20000,134875
magpie,formation_energy/atom,xgboost,train,1000,26,0.800140,20000,134875
magpie,formation_energy/atom,xgboost,train,1000,27,0.820698,20000,134875
magpie,formation_energy/atom,xgboost,train,1000,28,0.815467,20000,134875
magpie,formation_energy/atom,xgboost,train,1000,29,0.821205,20000,134875
magpie,formation_energy/atom,linear,train,1000,0,0.767218,20000,134875
magpie,formation_energy/atom,linear,train,1000,1,0.760398,20000,134875
magpie,formation_energy/atom,linear,train,1000,2,-10820557.692865,20000,134875
magpie,formation_energy/atom,linear,train,1000,3,-3.117053,20000,134875
magpie,formation_energy/atom,linear,train,1000,4,0.772552,20000,134875
magpie,formation_energy/atom,linear,train,1000,5,-322427.539882,20000,134875
magpie,formation_energy/atom,linear,train,1000,6,0.774438,20000,134875
magpie,formation_energy/atom,linear,train,1000,7,0.768466,20000,134875
magpie,formation_energy/atom,linear,train,1000,8,0.768012,20000,134875
magpie,formation_energy/atom,linear,train,1000,9,0.770245,20000,134875
magpie,formation_energy/atom,linear,train,1000,10,-1354.623164,20000,134875
magpie,formation_energy/atom,linear,train,1000,11,-1.614179,20000,134875
magpie,formation_energy/atom,linear,train,1000,12,-142.697249,20000,134875
magpie,formation_energy/atom,linear,train,1000,13,-8897007.901081,20000,134875
magpie,formation_energy/atom,linear,train,1000,14,-1080263.826688,20000,134875
magpie,formation_energy/atom,linear,train,1000,15,0.769037,20000,134875
magpie,formation_energy/atom,linear,train,1000,16,0.766747,20000,134875
magpie,formation_energy/atom,linear,train,1000,17,0.769581,20000,134875
magpie,formation_energy/atom,linear,train,1000,18,0.757203,20000,134875
magpie,formation_energy/atom,linear,train,1000,19,0.764236,20000,134875
magpie,formation_energy/atom,linear,train,1000,20,0.765738,20000,134875
magpie,formation_energy/atom,linear,train,1000,21,0.764536,20000,134875
magpie,formation_energy/atom,linear,train,1000,22,0.758551,20000,134875
magpie,formation_energy/atom,linear,train,1000,23,0.768544,20000,134875
magpie,formation_energy/atom,linear,train,1000,24,0.763340,20000,134875
magpie,formation_energy/atom,linear,train,1000,25,0.760946,20000,134875
magpie,formation_energy/atom,linear,train,1000,26,0.763759,20000,134875
magpie,formation_energy/atom,linear,train,1000,27,0.769423,20000,134875
magpie,formation_energy/atom,linear,train,1000,28,0.762435,20000,134875
magpie,formation_energy/atom,linear,train,1000,29,-3544984.883102,20000,134875
magpie,formation_energy/atom,xgboost,train,2000,0,0.825117,20000,134875
magpie,formation_energy/atom,xgboost,train,2000,1,0.828624,20000,134875
magpie,formation_energy/atom,xgboost,train,2000,2,0.823204,20000,134875
magpie,formation_energy/atom,xgboost,train,2000,3,0.828162,20000,134875
magpie,formation_energy/atom,xgboost,train,2000,4,0.833198,20000,134875
magpie,formation_energy/atom,xgboost,train,2000,5,0.824306,20000,134875
magpie,formation_energy/atom,xgboost,train,2000,6,0.817745,20000,134875
magpie,formation_energy/atom,xgboost,train,2000,7,0.830089,20000,134875
magpie,formation_energy/atom,xgboost,train,2000,8,0.828341,20000,134875
magpie,formation_energy/atom,xgboost,train,2000,9,0.832606,20000,134875
magpie,formation_energy/atom,xgboost,train,2000,10,0.820754,20000,134875
magpie,formation_energy/atom,xgboost,train,2000,11,0.816805,20000,134875
magpie,formation_energy/atom,xgboost,train,2000,12,0.829179,20000,134875
magpie,formation_energy/atom,xgboost,train,2000,13,0.828453,20000,134875
magpie,formation_energy/atom,xgboost,train,2000,14,0.820830,20000,134875
magpie,formation_energy/atom,xgboost,train,2000,15,0.830970,20000,134875
magpie,formation_energy/atom,xgboost,train,2000,16,0.834465,20000,134875
magpie,formation_energy/atom,xgboost,train,2000,17,0.825950,20000,134875
magpie,formation_energy/atom,xgboost,train,2000,18,0.826351,20000,134875
magpie,formation_energy/atom,xgboost,train,2000,19,0.829317,20000,134875
magpie,formation_energy/atom,xgboost,train,2000,20,0.832582,20000,134875
magpie,formation_energy/atom,xgboost,train,2000,21,0.831307,20000,134875
magpie,formation_energy/atom,xgboost,train,2000,22,0.832111,20000,134875
magpie,formation_energy/atom,xgboost,train,2000,23,0.833107,20000,134875
magpie,formation_energy/atom,xgboost,train,2000,24,0.827724,20000,134875
magpie,formation_energy/atom,xgboost,train,2000,25,0.833992,20000,134875
magpie,formation_energy/atom,xgboost,train,2000,26,0.834455,20000,134875
magpie,formation_energy/atom,xgboost,train,2000,27,0.832682,20000,134875
magpie,formation_energy/atom,xgboost,train,2000,28,0.815125,20000,134875
magpie,formation_energy/atom,xgboost,train,2000,29,0.831512,20000,134875
magpie,formation_energy/atom,linear,train,2000,0,-4.552406,20000,134875
magpie,formation_energy/atom,linear,train,2000,1,0.781755,20000,134875
magpie,formation_energy/atom,linear,train,2000,2,0.773496,20000,134875
magpie,formation_energy/atom,linear,train,2000,3,0.778651,20000,134875
magpie,formation_energy/atom,linear,train,2000,4,-70.015531,20000,134875
magpie,formation_energy/atom,linear,train,2000,5,0.782149,20000,134875
magpie,formation_energy/atom,linear,train,2000,6,-6967190.731369,20000,134875
magpie,formation_energy/atom,linear,train,2000,7,-554207.316242,20000,134875
magpie,formation_energy/atom,linear,train,2000,8,0.781363,20000,134875
magpie,formation_energy/atom,linear,train,2000,9,0.780476,20000,134875
magpie,formation_energy/atom,linear,train,2000,10,-4467.452896,20000,134875
magpie,formation_energy/atom,linear,train,2000,11,0.780731,20000,134875
magpie,formation_energy/atom,linear,train,2000,12,-2169.988119,20000,134875
magpie,formation_energy/atom,linear,train,2000,13,0.783433,20000,134875
magpie,formation_energy/atom,linear,train,2000,14,-36.861062,20000,134875
magpie,formation_energy/atom,linear,train,2000,15,0.777931,20000,134875
magpie,formation_energy/atom,linear,train,2000,16,-1077342.848656,20000,134875
magpie,formation_energy/atom,linear,train,2000,17,0.779457,20000,134875
magpie,formation_energy/atom,linear,train,2000,18,-0.251092,20000,134875
magpie,formation_energy/atom,linear,train,2000,19,-1498627.397112,20000,134875
magpie,formation_energy/atom,linear,train,2000,20,0.779818,20000,134875
magpie,formation_energy/atom,linear,train,2000,21,0.783599,20000,134875
magpie,formation_energy/atom,linear,train,2000,22,0.776156,20000,134875
magpie,formation_energy/atom,linear,train,2000,23,0.776604,20000,134875
magpie,formation_energy/atom,linear,train,2000,24,0.781614,20000,134875
magpie,formation_energy/atom,linear,train,2000,25,0.780598,20000,134875
magpie,formation_energy/atom,linear,train,2000,26,0.782902,20000,134875
magpie,formation_energy/atom,linear,train,2000,27,0.780647,20000,134875
magpie,formation_energy/atom,linear,train,2000,28,-61.747597,20000,134875
magpie,formation_energy/atom,linear,train,2000,29,0.783045,20000,134875
magpie,formation_energy/atom,xgboost,train,5000,0,0.842555,20000,134875
magpie,formation_energy/atom,xgboost,train,5000,1,0.845167,20000,134875
magpie,formation_energy/atom,xgboost,train,5000,2,0.842361,20000,134875
magpie,formation_energy/atom,xgboost,train,5000,3,0.845548,20000,134875
magpie,formation_energy/atom,xgboost,train,5000,4,0.844781,20000,134875
magpie,formation_energy/atom,xgboost,train,5000,5,0.846722,20000,134875
magpie,formation_energy/atom,xgboost,train,5000,6,0.848147,20000,134875
magpie,formation_energy/atom,xgboost,train,5000,7,0.846961,20000,134875
magpie,formation_energy/atom,xgboost,train,5000,8,0.844604,20000,134875
magpie,formation_energy/atom,xgboost,train,5000,9,0.849706,20000,134875
magpie,formation_energy/atom,linear,train,5000,0,0.789285,20000,134875
magpie,formation_energy/atom,linear,train,5000,1,0.788724,20000,134875
magpie,formation_energy/atom,linear,train,5000,2,0.789236,20000,134875
magpie,formation_energy/atom,linear,train,5000,3,-0.141189,20000,134875
magpie,formation_energy/atom,linear,train,5000,4,0.790809,20000,134875
magpie,formation_energy/atom,linear,train,5000,5,0.790160,20000,134875
magpie,formation_energy/atom,linear,train,5000,6,0.789356,20000,134875
magpie,formation_energy/atom,linear,train,5000,7,0.789194,20000,134875
magpie,formation_energy/atom,linear,train,5000,8,0.788487,20000,134875
magpie,formation_energy/atom,linear,train,5000,9,0.790047,20000,134875
magpie,formation_energy/atom,xgboost,train,7000,0,0.857852,20000,134875
magpie,formation_energy/atom,xgboost,train,7000,1,0.850775,20000,134875
magpie,formation_energy/atom,xgboost,train,7000,2,0.852568,20000,134875
magpie,formation_energy/atom,xgboost,train,7000,3,0.848971,20000,134875
magpie,formation_energy/atom,xgboost,train,7000,4,0.852756,20000,134875
magpie,formation_energy/atom,xgboost,train,7000,5,0.850509,20000,134875
magpie,formation_energy/atom,xgboost,train,7000,6,0.853673,20000,134875
magpie,formation_energy/atom,linear,train,7000,0,0.791258,20000,134875
magpie,formation_energy/atom,linear,train,7000,1,0.791491,20000,134875
magpie,formation_energy/atom,linear,train,7000,2,0.790192,20000,134875
magpie,formation_energy/atom,linear,train,7000,3,0.792451,20000,134875
magpie,formation_energy/atom,linear,train,7000,4,0.791845,20000,134875
magpie,formation_energy/atom,linear,train,7000,5,0.792302,20000,134875
magpie,formation_energy/atom,linear,train,7000,6,0.789594,20000,134875
magpie,formation_energy/atom,xgboost,train,10000,0,0.855170,20000,134875
magpie,formation_energy/atom,xgboost,train,10000,1,0.857656,20000,134875
magpie,formation_energy/atom,xgboost,train,10000,2,0.858854,20000,134875
magpie,formation_energy/atom,xgboost,train,10000,3,0.857699,20000,134875
magpie,formation_energy/atom,xgboost,train,10000,4,0.854894,20000,134875
magpie,formation_energy/atom,xgboost,train,10000,5,0.859771,20000,134875
magpie,formation_energy/atom,xgboost,train,10000,6,0.851965,20000,134875
magpie,formation_energy/atom,linear,train,10000,0,0.792662,20000,134875
magpie,formation_energy/atom,linear,train,10000,1,0.793304,20000,134875
magpie,formation_energy/atom,linear,train,10000,2,0.792754,20000,134875
magpie,formation_energy/atom,linear,train,10000,3,0.785201,20000,134875
magpie,formation_energy/atom,linear,train,10000,4,0.792171,20000,134875
magpie,formation_energy/atom,linear,train,10000,5,0.792704,20000,134875
magpie,formation_energy/atom,linear,train,10000,6,0.792474,20000,134875
magpie,formation_energy/atom,xgboost,train,20000,0,0.865253,20000,134875
magpie,formation_energy/atom,xgboost,train,20000,1,0.866160,20000,134875
magpie,formation_energy/atom,xgboost,train,20000,2,0.868306,20000,134875
magpie,formation_energy/atom,xgboost,train,20000,3,0.864975,20000,134875
magpie,formation_energy/atom,xgboost,train,20000,4,0.865562,20000,134875
magpie,formation_energy/atom,xgboost,train,20000,5,0.866410,20000,134875
magpie,formation_energy/atom,linear,train,20000,0,0.793992,20000,134875
magpie,formation_energy/atom,linear,train,20000,1,0.793770,20000,134875
magpie,formation_energy/atom,linear,train,20000,2,0.794096,20000,134875
magpie,formation_energy/atom,linear,train,20000,3,0.793536,20000,134875
magpie,formation_energy/atom,linear,train,20000,4,0.793254,20000,134875
magpie,formation_energy/atom,linear,train,20000,5,0.793342,20000,134875
magpie,energy_above_hull,xgboost,train,50,0,-0.062192,20000,134875
magpie,energy_above_hull,xgboost,train,50,1,-0.429896,20000,134875
magpie,energy_above_hull,xgboost,train,50,2,-1.314835,20000,134875
magpie,energy_above_hull,xgboost,train,50,3,-0.622947,20000,134875
magpie,energy_above_hull,xgboost,train,50,4,-1.353116,20000,134875
magpie,energy_above_hull,xgboost,train,50,5,-0.089480,20000,134875
magpie,energy_above_hull,xgboost,train,50,6,-0.061484,20000,134875
magpie,energy_above_hull,xgboost,train,50,7,-1.149842,20000,134875
magpie,energy_above_hull,xgboost,train,50,8,-0.050927,20000,134875
magpie,energy_above_hull,xgboost,train,50,9,-0.077229,20000,134875
magpie,energy_above_hull,xgboost,train,50,10,-1.722428,20000,134875
magpie,energy_above_hull,xgboost,train,50,11,-3.572267,20000,134875
magpie,energy_above_hull,xgboost,train,50,12,-0.490183,20000,134875
magpie,energy_above_hull,xgboost,train,50,13,-0.078907,20000,134875
magpie,energy_above_hull,xgboost,train,50,14,-0.342166,20000,134875
magpie,energy_above_hull,xgboost,train,50,15,-0.104186,20000,134875
magpie,energy_above_hull,xgboost,train,50,16,-0.369937,20000,134875
magpie,energy_above_hull,xgboost,train,50,17,-0.482824,20000,134875
magpie,energy_above_hull,xgboost,train,50,18,-0.090544,20000,134875
magpie,energy_above_hull,xgboost,train,50,19,-0.086343,20000,134875
magpie,energy_above_hull,xgboost,train,50,20,-0.940242,20000,134875
magpie,energy_above_hull,xgboost,train,50,21,-5.578611,20000,134875
magpie,energy_above_hull,xgboost,train,50,22,-0.184685,20000,134875
magpie,energy_above_hull,xgboost,train,50,23,-0.449323,20000,134875
magpie,energy_above_hull,xgboost,train,50,24,-0.359801,20000,134875
magpie,energy_above_hull,xgboost,train,50,25,-1.115332,20000,134875
magpie,energy_above_hull,xgboost,train,50,26,-0.160391,20000,134875
magpie,energy_above_hull,xgboost,train,50,27,-0.158008,20000,134875
magpie,energy_above_hull,xgboost,train,50,28,-0.040840,20000,134875
magpie,energy_above_hull,xgboost,train,50,29,-0.051888,20000,134875
magpie,energy_above_hull,linear,train,50,0,-0.055627,20000,134875
magpie,energy_above_hull,linear,train,50,1,-260.739563,20000,134875
magpie,energy_above_hull,linear,train,50,2,0.016277,20000,134875
magpie,energy_above_hull,linear,train,50,3,-65687.902921,20000,134875
magpie,energy_above_hull,linear,train,50,4,0.001566,20000,134875
magpie,energy_above_hull,linear,train,50,5,-0.027512,20000,134875
magpie,energy_above_hull,linear,train,50,6,-0.043285,20000,134875
magpie,energy_above_hull,linear,train,50,7,-0.010186,20000,134875
magpie,energy_above_hull,linear,train,50,8,-0.012751,20000,134875
magpie,energy_above_hull,linear,train,50,9,-0.080052,20000,134875
magpie,energy_above_hull,linear,train,50,10,-0.016963,20000,134875
magpie,energy_above_hull,linear,train,50,11,-179.155017,20000,134875
magpie,energy_above_hull,linear,train,50,12,-0.000869,20000,134875
magpie,energy_above_hull,linear,train,50,13,-0.006776,20000,134875
magpie,energy_above_hull,linear,train,50,14,0.006025,20000,134875
magpie,energy_above_hull,linear,train,50,15,0.002308,20000,134875
magpie,energy_above_hull,linear,train,50,16,-0.049937,20000,134875
magpie,energy_above_hull,linear,train,50,17,-0.002807,20000,134875
magpie,energy_above_hull,linear,train,50,18,-0.009907,20000,134875
magpie,energy_above_hull,linear,train,50,19,-0.005128,20000,134875
magpie,energy_above_hull,linear,train,50,20,-0.087807,20000,134875
magpie,energy_above_hull,linear,train,50,21,-0.089808,20000,134875
magpie,energy_above_hull,linear,train,50,22,-4934.548903,20000,134875
magpie,energy_above_hull,linear,train,50,23,0.013604,20000,134875
magpie,energy_above_hull,linear,train,50,24,-59616707.952215,20000,134875
magpie,energy_above_hull,linear,train,50,25,-0.042996,20000,134875
magpie,energy_above_hull,linear,train,50,26,-192.912218,20000,134875
magpie,energy_above_hull,linear,train,50,27,-0.005308,20000,134875
magpie,energy_above_hull,linear,train,50,28,-0.057134,20000,134875
magpie,energy_above_hull,linear,train,50,29,-1.632626,20000,134875
magpie,energy_above_hull,xgboost,train,100,0,-0.212195,20000,134875
magpie,energy_above_hull,xgboost,train,100,1,-0.251471,20000,134875
magpie,energy_above_hull,xgboost,train,100,2,-0.312365,20000,134875
magpie,energy_above_hull,xgboost,train,100,3,-0.227312,20000,134875
magpie,energy_above_hull,xgboost,train,100,4,-0.235436,20000,134875
magpie,energy_above_hull,xgboost,train,100,5,-0.415222,20000,134875
magpie,energy_above_hull,xgboost,train,100,6,-0.068570,20000,134875
magpie,energy_above_hull,xgboost,train,100,7,-0.833350,20000,134875
magpie,energy_above_hull,xgboost,train,100,8,-0.231179,20000,134875
magpie,energy_above_hull,xgboost,train,100,9,-1.843266,20000,134875
magpie,energy_above_hull,xgboost,train,100,10,-1.074367,20000,134875
magpie,energy_above_hull,xgboost,train,100,11,-0.421919,20000,134875
magpie,energy_above_hull,xgboost,train,100,12,-1.917580,20000,134875
magpie,energy_above_hull,xgboost,train,100,13,-0.141621,20000,134875
magpie,energy_above_hull,xgboost,train,100,14,-0.275904,20000,134875
magpie,energy_above_hull,xgboost,train,100,15,-0.433889,20000,134875
magpie,energy_above_hull,xgboost,train,100,16,-0.569974,20000,134875
magpie,energy_above_hull,xgboost,train,100,17,-0.334315,20000,134875
magpie,energy_above_hull,xgboost,train,100,18,-0.399375,20000,134875
magpie,energy_above_hull,xgboost,train,100,19,-0.175570,20000,134875
magpie,energy_above_hull,xgboost,train,100,20,-0.266946,20000,134875
magpie,energy_above_hull,xgboost,train,100,21,-0.033700,20000,134875
magpie,energy_above_hull,xgboost,train,100,22,-0.123884,20000,134875
magpie,energy_above_hull,xgboost,train,100,23,-0.563137,20000,134875
magpie,energy_above_hull,xgboost,train,100,24,-0.734648,20000,134875
magpie,energy_above_hull,xgboost,train,100,25,-0.948382,20000,134875
magpie,energy_above_hull,xgboost,train,100,26,-0.341437,20000,134875
magpie,energy_above_hull,xgboost,train,100,27,-0.236400,20000,134875
magpie,energy_above_hull,xgboost,train,100,28,-0.256860,20000,134875
magpie,energy_above_hull,xgboost,train,100,29,-0.934667,20000,134875
magpie,energy_above_hull,linear,train,100,0,-54.527393,20000,134875
magpie,energy_above_hull,linear,train,100,1,0.010639,20000,134875
magpie,energy_above_hull,linear,train,100,2,-0.011615,20000,134875
magpie,energy_above_hull,linear,train,100,3,0.024220,20000,134875
magpie,energy_above_hull,linear,train,100,4,-0.003758,20000,134875
magpie,energy_above_hull,linear,train,100,5,-7438.313780,20000,134875
magpie,energy_above_hull,linear,train,100,6,-0.035863,20000,134875
magpie,energy_above_hull,linear,train,100,7,0.009268,20000,134875
magpie,energy_above_hull,linear,train,100,8,-0.012081,20000,134875
magpie,energy_above_hull,linear,train,100,9,-0.762538,20000,134875
magpie,energy_above_hull,linear,train,100,10,-4068.195638,20000,134875
magpie,energy_above_hull,linear,train,100,11,0.037097,20000,134875
magpie,energy_above_hull,linear,train,100,12,-52.196487,20000,134875
magpie,energy_above_hull,linear,train,100,13,-0.004485,20000,134875
magpie,energy_above_hull,linear,train,100,14,-7330.113363,20000,134875
magpie,energy_above_hull,linear,train,100,15,0.019921,20000,134875
magpie,energy_above_hull,linear,train,100,16,0.007893,20000,134875
magpie,energy_above_hull,linear,train,100,17,-0.019246,20000,134875
magpie,energy_above_hull,linear,train,100,18,0.022411,20000,134875
magpie,energy_above_hull,linear,train,100,19,0.004308,20000,134875
magpie,energy_above_hull,linear,train,100,20,-0.037086,20000,134875
magpie,energy_above_hull,linear,train,100,21,-0.028707,20000,134875
magpie,energy_above_hull,linear,train,100,22,-0.074218,20000,134875
magpie,energy_above_hull,linear,train,100,23,0.008131,20000,134875
magpie,energy_above_hull,linear,train,100,24,-0.054449,20000,134875
magpie,energy_above_hull,linear,train,100,25,0.033235,20000,134875
magpie,energy_above_hull,linear,train,100,26,0.005200,20000,134875
magpie,energy_above_hull,linear,train,100,27,-0.007756,20000,134875
magpie,energy_above_hull,linear,train,100,28,-0.087981,20000,134875
magpie,energy_above_hull,linear,train,100,29,0.008480,20000,134875
magpie,energy_above_hull,xgboost,train,200,0,-0.144534,20000,134875
magpie,energy_above_hull,xgboost,train,200,1,-0.494083,20000,134875
magpie,energy_above_hull,xgboost,train,200,2,-0.262211,20000,134875
magpie,energy_above_hull,xgboost,train,200,3,-0.278228,20000,134875
magpie,energy_above_hull,xgboost,train,200,4,-0.106688,20000,134875
magpie,energy_above_hull,xgboost,train,200,5,-0.759987,20000,134875
magpie,energy_above_hull,xgboost,train,200,6,-2.240490,20000,134875
magpie,energy_above_hull,xgboost,train,200,7,-0.498165,20000,134875
magpie,energy_above_hull,xgboost,train,200,8,-0.862118,20000,134875
magpie,energy_above_hull,xgboost,train,200,9,-0.573243,20000,134875
magpie,energy_above_hull,xgboost,train,200,10,-0.235340,20000,134875
magpie,energy_above_hull,xgboost,train,200,11,-0.229391,20000,134875
magpie,energy_above_hull,xgboost,train,200,12,-0.501954,20000,134875
magpie,energy_above_hull,xgboost,train,200,13,-0.160064,20000,134875
magpie,energy_above_hull,xgboost,train,200,14,-0.036735,20000,134875
magpie,energy_above_hull,xgboost,train,200,15,-0.189329,20000,134875
magpie,energy_above_hull,xgboost,train,200,16,-0.043900,20000,134875
magpie,energy_above_hull,xgboost,train,200,17,-0.008990,20000,134875
magpie,energy_above_hull,xgboost,train,200,18,-0.115212,20000,134875
magpie,energy_above_hull,xgboost,train,200,19,-0.120316,20000,134875
magpie,energy_above_hull,xgboost,train,200,20,-0.856263,20000,134875
magpie,energy_above_hull,xgboost,train,200,21,-0.141981,20000,134875
magpie,energy_above_hull,xgboost,train,200,22,-0.152699,20000,134875
magpie,energy_above_hull,xgboost,train,200,23,-0.155922,20000,134875
magpie,energy_above_hull,xgboost,train,200,24,-0.104851,20000,134875
magpie,energy_above_hull,xgboost,train,200,25,-0.100020,20000,134875
magpie,energy_above_hull,xgboost,train,200,26,-0.120451,20000,134875
magpie,energy_above_hull,xgboost,train,200,27,-0.000060,20000,134875
magpie,energy_above_hull,xgboost,train,200,28,-0.060541,20000,134875
magpie,energy_above_hull,xgboost,train,200,29,-0.178564,20000,134875
magpie,energy_above_hull,linear,train,200,0,0.027516,20000,134875
magpie,energy_above_hull,linear,train,200,1,-0.017281,20000,134875
magpie,energy_above_hull,linear,train,200,2,-0.916419,20000,134875
magpie,energy_above_hull,linear,train,200,3,0.016570,20000,134875
magpie,energy_above_hull,linear,train,200,4,-0.114377,20000,134875
magpie,energy_above_hull,linear,train,200,5,0.014441,20000,134875
magpie,energy_above_hull,linear,train,200,6,0.033800,20000,134875
magpie,energy_above_hull,linear,train,200,7,0.016005,20000,134875
magpie,energy_above_hull,linear,train,200,8,0.038199,20000,134875
magpie,energy_above_hull,linear,train,200,9,0.013596,20000,134875
magpie,energy_above_hull,linear,train,200,10,-0.007713,20000,134875
magpie,energy_above_hull,linear,train,200,11,-0.079777,20000,134875
magpie,energy_above_hull,linear,train,200,12,0.034991,20000,134875
magpie,energy_above_hull,linear,train,200,13,-0.002608,20000,134875
magpie,energy_above_hull,linear,train,200,14,-2.113230,20000,134875
magpie,energy_above_hull,linear,train,200,15,0.025247,20000,134875
magpie,energy_above_hull,linear,train,200,16,-0.036861,20000,134875
magpie,energy_above_hull,linear,train,200,17,-0.000005,20000,134875
magpie,energy_above_hull,linear,train,200,18,0.030359,20000,134875
magpie,energy_above_hull,linear,train,200,19,-0.000254,20000,134875
magpie,energy_above_hull,linear,train,200,20,0.016581,20000,134875
magpie,energy_above_hull,linear,train,200,21,0.000497,20000,134875
magpie,energy_above_hull,linear,train,200,22,0.012481,20000,134875
magpie,energy_above_hull,linear,train,200,23,0.011551,20000,134875
magpie,energy_above_hull,linear,train,200,24,-143459.084463,20000,134875
magpie,energy_above_hull,linear,train,200,25,-0.060545,20000,134875
magpie,energy_above_hull,linear,train,200,26,0.026264,20000,134875
magpie,energy_above_hull,linear,train,200,27,-0.001284,20000,134875
magpie,energy_above_hull,linear,train,200,28,-2415.750255,20000,134875
magpie,energy_above_hull,linear,train,200,29,0.022409,20000,134875
magpie,energy_above_hull,xgboost,train,500,0,-0.072635,20000,134875
magpie,energy_above_hull,xgboost,train,500,1,-0.075719,20000,134875
magpie,energy_above_hull,xgboost,train,500,2,-0.086049,20000,134875
magpie,energy_above_hull,xgboost,train,500,3,-0.121946,20000,134875
magpie,energy_above_hull,xgboost,train,500,4,-0.254919,20000,134875
magpie,energy_above_hull,xgboost,train,500,5,-0.215156,20000,134875
magpie,energy_above_hull,xgboost,train,500,6,-0.079718,20000,134875
magpie,energy_above_hull,xgboost,train,500,7,-0.020027,20000,134875
magpie,energy_above_hull,xgboost,train,500,8,-0.025806,20000,134875
magpie,energy_above_hull,xgboost,train,500,9,-0.055707,20000,134875
magpie,energy_above_hull,xgboost,train,500,10,-0.032677,20000,134875
magpie,energy_above_hull,xgboost,train,500,11,-0.501889,20000,134875
magpie,energy_above_hull,xgboost,train,500,12,-0.050890,20000,134875
magpie,energy_above_hull,xgboost,train,500,13,-0.108685,20000,134875
magpie,energy_above_hull,xgboost,train,500,14,-0.631394,20000,134875
magpie,energy_above_hull,xgboost,train,500,15,-0.146652,20000,134875
magpie,energy_above_hull,xgboost,train,500,16,-0.156694,20000,134875
magpie,energy_above_hull,xgboost,train,500,17,-0.182061,20000,134875
magpie,energy_above_hull,xgboost,train,500,18,-0.271169,20000,134875
magpie,energy_above_hull,xgboost,train,500,19,-0.120360,20000,134875
magpie,energy_above_hull,xgboost,train,500,20,-0.295179,20000,134875
magpie,energy_above_hull,xgboost,train,500,21,-0.261832,20000,134875
magpie,energy_above_hull,xgboost,train,500,22,-0.203128,20000,134875
magpie,energy_above_hull,xgboost,train,500,23,-0.206810,20000,134875
magpie,energy_above_hull,xgboost,train,500,24,-0.009928,20000,134875
magpie,energy_above_hull,xgboost,train,500,25,-0.224649,20000,134875
magpie,energy_above_hull,xgboost,train,500,26,-0.090440,20000,134875
magpie,energy_above_hull,xgboost,train,500,27,-0.039926,20000,134875
magpie,energy_above_hull,xgboost,train,500,28,-0.067647,20000,134875
magpie,energy_above_hull,xgboost,train,500,29,-0.391026,20000,134875
magpie,energy_above_hull,linear,train,500,0,0.027951,20000,134875
magpie,energy_above_hull,linear,train,500,1,-25716.219242,20000,134875
magpie,energy_above_hull,linear,train,500,2,0.018316,20000,134875
magpie,energy_above_hull,linear,train,500,3,0.037209,20000,134875
magpie,energy_above_hull,linear,train,500,4,0.034141,20000,134875
magpie,energy_above_hull,linear,train,500,5,0.024732,20000,134875
magpie,energy_above_hull,linear,train,500,6,-113486.243394,20000,134875
magpie,energy_above_hull,linear,train,500,7,-10368.297424,20000,134875
magpie,energy_above_hull,linear,train,500,8,0.047437,20000,134875
magpie,energy_above_hull,linear,train,500,9,0.037718,20000,134875
magpie,energy_above_hull,linear,train,500,10,-27520.849324,20000,134875
magpie,energy_above_hull,linear,train,500,11,0.050590,20000,134875
magpie,energy_above_hull,linear,train,500,12,0.048988,20000,134875
magpie,energy_above_hull,linear,train,500,13,-180239561.357621,20000,134875
magpie,energy_above_hull,linear,train,500,14,-469.487483,20000,134875
magpie,energy_above_hull,linear,train,500,15,-7.854963,20000,134875
magpie,energy_above_hull,linear,train,500,16,0.032413,20000,134875
magpie,energy_above_hull,linear,train,500,17,0.033931,20000,134875
magpie,energy_above_hull,linear,train,500,18,0.024218,20000,134875
magpie,energy_above_hull,linear,train,500,19,-0.012084,20000,134875
magpie,energy_above_hull,linear,train,500,20,-1544.251857,20000,134875
magpie,energy_above_hull,linear,train,500,21,-0.111618,20000,134875
magpie,energy_above_hull,linear,train,500,22,0.022382,20000,134875
magpie,energy_above_hull,linear,train,500,23,-106.297152,20000,134875
magpie,energy_above_hull,linear,train,500,24,0.052846,20000,134875
magpie,energy_above_hull,linear,train,500,25,-241373.337608,20000,134875
magpie,energy_above_hull,linear,train,500,26,-775118.453975,20000,134875
magpie,energy_above_hull,linear,train,500,27,0.008218,20000,134875
magpie,energy_above_hull,linear,train,500,28,0.009715,20000,134875
magpie,energy_above_hull,linear,train,500,29,-833.611683,20000,134875
magpie,energy_above_hull,xgboost,train,1000,0,-0.149849,20000,134875
magpie,energy_above_hull,xgboost,train,1000,1,-0.066956,20000,134875
magpie,energy_above_hull,xgboost,train,1000,2,0.004715,20000,134875
magpie,energy_above_hull,xgboost,train,1000,3,0.006028,20000,134875
magpie,energy_above_hull,xgboost,train,1000,4,-0.017063,20000,134875
magpie,energy_above_hull,xgboost,train,1000,5,0.010273,20000,134875
magpie,energy_above_hull,xgboost,train,1000,6,-0.020360,20000,134875
magpie,energy_above_hull,xgboost,train,1000,7,-0.100005,20000,134875
magpie,energy_above_hull,xgboost,train,1000,8,0.013466,20000,134875
magpie,energy_above_hull,xgboost,train,1000,9,-0.014586,20000,134875
magpie,energy_above_hull,xgboost,train,1000,10,0.030684,20000,134875
magpie,energy_above_hull,xgboost,train,1000,11,-0.099007,20000,134875
magpie,energy_above_hull,xgboost,train,1000,12,-0.062435,20000,134875
magpie,energy_above_hull,xgboost,train,1000,13,0.013065,20000,134875
magpie,energy_above_hull,xgboost,train,1000,14,-0.026645,20000,134875
magpie,energy_above_hull,xgboost,train,1000,15,-0.079358,20000,134875
magpie,energy_above_hull,xgboost,train,1000,16,-0.024076,20000,134875
magpie,energy_above_hull,xgboost,train,1000,17,-0.095490,20000,134875
magpie,energy_above_hull,xgboost,train,1000,18,-0.121726,20000,134875
magpie,energy_above_hull,xgboost,train,1000,19,-0.016268,20000,134875
magpie,energy_above_hull,xgboost,train,1000,20,-0.001643,20000,134875
magpie,energy_above_hull,xgboost,train,1000,21,0.037738,20000,134875
magpie,energy_above_hull,xgboost,train,1000,22,-0.033269,20000,134875
magpie,energy_above_hull,xgboost,train,1000,23,-0.044229,20000,134875
magpie,energy_above_hull,xgboost,train,1000,24,-0.020795,20000,134875
magpie,energy_above_hull,xgboost,train,1000,25,0.046012,20000,134875
magpie,energy_above_hull,xgboost,train,1000,26,-0.147438,20000,134875
magpie,energy_above_hull,xgboost,train,1000,27,0.024154,20000,134875
magpie,energy_above_hull,xgboost,train,1000,28,-0.119652,20000,134875
magpie,energy_above_hull,xgboost,train,1000,29,0.038848,20000,134875
magpie,energy_above_hull,linear,train,1000,0,0.065764,20000,134875
magpie,energy_above_hull,linear,train,1000,1,-1227.408571,20000,134875
magpie,energy_above_hull,linear,train,1000,2,0.037688,20000,134875
magpie,energy_above_hull,linear,train,1000,3,0.031968,20000,134875
magpie,energy_above_hull,linear,train,1000,4,-834550.858013,20000,134875
magpie,energy_above_hull,linear,train,1000,5,0.042942,20000,134875
magpie,energy_above_hull,linear,train,1000,6,-1449.104636,20000,134875
magpie,energy_above_hull,linear,train,1000,7,0.054904,20000,134875
magpie,energy_above_hull,linear,train,1000,8,-78709.834160,20000,134875
magpie,energy_above_hull,linear,train,1000,9,-17.250914,20000,134875
magpie,energy_above_hull,linear,train,1000,10,0.048535,20000,134875
magpie,energy_above_hull,linear,train,1000,11,0.039181,20000,134875
magpie,energy_above_hull,linear,train,1000,12,-165286.308571,20000,134875
magpie,energy_above_hull,linear,train,1000,13,0.044238,20000,134875
magpie,energy_above_hull,linear,train,1000,14,0.047113,20000,134875
magpie,energy_above_hull,linear,train,1000,15,0.055715,20000,134875
magpie,energy_above_hull,linear,train,1000,16,-803.779010,20000,134875
magpie,energy_above_hull,linear,train,1000,17,-169.990882,20000,134875
magpie,energy_above_hull,linear,train,1000,18,0.060038,20000,134875
magpie,energy_above_hull,linear,train,1000,19,0.053588,20000,134875
magpie,energy_above_hull,linear,train,1000,20,0.063003,20000,134875
magpie,energy_above_hull,linear,train,1000,21,0.057904,20000,134875
magpie,energy_above_hull,linear,train,1000,22,-309733.600809,20000,134875
magpie,energy_above_hull,linear,train,1000,23,0.056334,20000,134875
magpie,energy_above_hull,linear,train,1000,24,-1115.681995,20000,134875
magpie,energy_above_hull,linear,train,1000,25,-715098.525062,20000,134875
magpie,energy_above_hull,linear,train,1000,26,-91.891432,20000,134875
magpie,energy_above_hull,linear,train,1000,27,0.065859,20000,134875
magpie,energy_above_hull,linear,train,1000,28,-168270.818927,20000,134875
magpie,energy_above_hull,linear,train,1000,29,0.051109,20000,134875
magpie,energy_above_hull,xgboost,train,2000,0,0.083315,20000,134875
magpie,energy_above_hull,xgboost,train,2000,1,0.049646,20000,134875
magpie,energy_above_hull,xgboost,train,2000,2,0.069396,20000,134875
magpie,energy_above_hull,xgboost,train,2000,3,0.044563,20000,134875
magpie,energy_above_hull,xgboost,train,2000,4,0.019714,20000,134875
magpie,energy_above_hull,xgboost,train,2000,5,0.030732,20000,134875
magpie,energy_above_hull,xgboost,train,2000,6,0.039910,20000,134875
magpie,energy_above_hull,xgboost,train,2000,7,0.105555,20000,134875
magpie,energy_above_hull,xgboost,train,2000,8,0.030119,20000,134875
magpie,energy_above_hull,xgboost,train,2000,9,0.055121,20000,134875
magpie,energy_above_hull,xgboost,train,2000,10,0.044924,20000,134875
magpie,energy_above_hull,xgboost,train,2000,11,0.053874,20000,134875
magpie,energy_above_hull,xgboost,train,2000,12,0.030227,20000,134875
magpie,energy_above_hull,xgboost,train,2000,13,0.046103,20000,134875
magpie,energy_above_hull,xgboost,train,2000,14,0.002906,20000,134875
magpie,energy_above_hull,xgboost,train,2000,15,0.036385,20000,134875
magpie,energy_above_hull,xgboost,train,2000,16,0.045970,20000,134875
magpie,energy_above_hull,xgboost,train,2000,17,0.091366,20000,134875
magpie,energy_above_hull,xgboost,train,2000,18,-0.020803,20000,134875
magpie,energy_above_hull,xgboost,train,2000,19,0.051976,20000,134875
magpie,energy_above_hull,xgboost,train,2000,20,0.093306,20000,134875
magpie,energy_above_hull,xgboost,train,2000,21,-0.009508,20000,134875
magpie,energy_above_hull,xgboost,train,2000,22,0.051681,20000,134875
magpie,energy_above_hull,xgboost,train,2000,23,0.058659,20000,134875
magpie,energy_above_hull,xgboost,train,2000,24,0.091759,20000,134875
magpie,energy_above_hull,xgboost,train,2000,25,0.042694,20000,134875
magpie,energy_above_hull,xgboost,train,2000,26,0.036042,20000,134875
magpie,energy_above_hull,xgboost,train,2000,27,0.012339,20000,134875
magpie,energy_above_hull,xgboost,train,2000,28,0.011204,20000,134875
magpie,energy_above_hull,xgboost,train,2000,29,0.074211,20000,134875
magpie,energy_above_hull,linear,train,2000,0,0.047660,20000,134875
magpie,energy_above_hull,linear,train,2000,1,-30141.374603,20000,134875
magpie,energy_above_hull,linear,train,2000,2,0.060667,20000,134875
magpie,energy_above_hull,linear,train,2000,3,-15.622171,20000,134875
magpie,energy_above_hull,linear,train,2000,4,0.056061,20000,134875
magpie,energy_above_hull,linear,train,2000,5,0.071609,20000,134875
magpie,energy_above_hull,linear,train,2000,6,-327.983050,20000,134875
magpie,energy_above_hull,linear,train,2000,7,0.064437,20000,134875
magpie,energy_above_hull,linear,train,2000,8,-9.956188,20000,134875
magpie,energy_above_hull,linear,train,2000,9,-2400.911194,20000,134875
magpie,energy_above_hull,linear,train,2000,10,-771536.576655,20000,134875
magpie,energy_above_hull,linear,train,2000,11,0.065602,20000,134875
magpie,energy_above_hull,linear,train,2000,12,0.048167,20000,134875
magpie,energy_above_hull,linear,train,2000,13,0.068149,20000,134875
magpie,energy_above_hull,linear,train,2000,14,0.064946,20000,134875
magpie,energy_above_hull,linear,train,2000,15,-201758.524611,20000,134875
magpie,energy_above_hull,linear,train,2000,16,0.053527,20000,134875
magpie,energy_above_hull,linear,train,2000,17,0.051903,20000,134875
magpie,energy_above_hull,linear,train,2000,18,-6.300580,20000,134875
magpie,energy_above_hull,linear,train,2000,19,0.058023,20000,134875
magpie,energy_above_hull,linear,train,2000,20,-21384.534429,20000,134875
magpie,energy_above_hull,linear,train,2000,21,-56.721897,20000,134875
magpie,energy_above_hull,linear,train,2000,22,0.061780,20000,134875
magpie,energy_above_hull,linear,train,2000,23,-0.504625,20000,134875
magpie,energy_above_hull,linear,train,2000,24,0.065101,20000,134875
magpie,energy_above_hull,linear,train,2000,25,0.054023,20000,134875
magpie,energy_above_hull,linear,train,2000,26,0.052996,20000,134875
magpie,energy_above_hull,linear,train,2000,27,-2490.487861,20000,134875
magpie,energy_above_hull,linear,train,2000,28,0.058211,20000,134875
magpie,energy_above_hull,linear,train,2000,29,0.067722,20000,134875
magpie,energy_above_hull,xgboost,train,5000,0,0.159688,20000,134875
magpie,energy_above_hull,xgboost,train,5000,1,0.066940,20000,134875
magpie,energy_above_hull,xgboost,train,5000,2,0.142174,20000,134875
magpie,energy_above_hull,xgboost,train,5000,3,0.149406,20000,134875
magpie,energy_above_hull,xgboost,train,5000,4,0.137832,20000,134875
magpie,energy_above_hull,xgboost,train,5000,5,0.110175,20000,134875
magpie,energy_above_hull,xgboost,train,5000,6,0.129836,20000,134875
magpie,energy_above_hull,xgboost,train,5000,7,0.165972,20000,134875
magpie,energy_above_hull,xgboost,train,5000,8,0.105763,20000,134875
magpie,energy_above_hull,xgboost,train,5000,9,0.136265,20000,134875
magpie,energy_above_hull,linear,train,5000,0,0.088086,20000,134875
magpie,energy_above_hull,linear,train,5000,1,0.067688,20000,134875
magpie,energy_above_hull,linear,train,5000,2,0.086871,20000,134875
magpie,energy_above_hull,linear,train,5000,3,0.076525,20000,134875
magpie,energy_above_hull,linear,train,5000,4,0.081904,20000,134875
magpie,energy_above_hull,linear,train,5000,5,0.079003,20000,134875
magpie,energy_above_hull,linear,train,5000,6,0.075782,20000,134875
magpie,energy_above_hull,linear,train,5000,7,0.081237,20000,134875
magpie,energy_above_hull,linear,train,5000,8,0.088784,20000,134875
magpie,energy_above_hull,linear,train,5000,9,0.077481,20000,134875
magpie,energy_above_hull,xgboost,train,7000,0,0.165841,20000,134875
magpie,energy_above_hull,xgboost,train,7000,1,0.187627,20000,134875
magpie,energy_above_hull,xgboost,train,7000,2,0.142549,20000,134875
magpie,energy_above_hull,xgboost,train,7000,3,0.133672,20000,134875
magpie,energy_above_hull,xgboost,train,7000,4,0.132473,20000,134875
magpie,energy_above_hull,xgboost,train,7000,5,0.132683,20000,134875
magpie,energy_above_hull,xgboost,train,7000,6,0.131521,20000,134875
magpie,energy_above_hull,linear,train,7000,0,0.088820,20000,134875
magpie,energy_above_hull,linear,train,7000,1,0.085140,20000,134875
magpie,energy_above_hull,linear,train,7000,2,0.086819,20000,134875
magpie,energy_above_hull,linear,train,7000,3,0.093258,20000,134875
magpie,energy_above_hull,linear,train,7000,4,0.078901,20000,134875
magpie,energy_above_hull,linear,train,7000,5,0.076816,20000,134875
magpie,energy_above_hull,linear,train,7000,6,0.085059,20000,134875
magpie,energy_above_hull,xgboost,train,10000,0,0.200579,20000,134875
magpie,energy_above_hull,xgboost,train,10000,1,0.153533,20000,134875
magpie,energy_above_hull,xgboost,train,10000,2,0.180443,20000,134875
magpie,energy_above_hull,xgboost,train,10000,3,0.175754,20000,134875
magpie,energy_above_hull,xgboost,train,10000,4,0.183453,20000,134875
magpie,energy_above_hull,xgboost,train,10000,5,0.163807,20000,134875
magpie,energy_above_hull,xgboost,train,10000,6,0.183955,20000,134875
magpie,energy_above_hull,linear,train,10000,0,0.093238,20000,134875
magpie,energy_above_hull,linear,train,10000,1,0.087724,20000,134875
magpie,energy_above_hull,linear,train,10000,2,0.096107,20000,134875
magpie,energy_above_hull,linear,train,10000,3,0.091531,20000,134875
magpie,energy_above_hull,linear,train,10000,4,0.093618,20000,134875
magpie,energy_above_hull,linear,train,10000,5,0.082621,20000,134875
magpie,energy_above_hull,linear,train,10000,6,0.092496,20000,134875
magpie,energy_above_hull,xgboost,train,20000,0,0.225252,20000,134875
magpie,energy_above_hull,xgboost,train,20000,1,0.231575,20000,134875
magpie,energy_above_hull,xgboost,train,20000,2,0.231989,20000,134875
magpie,energy_above_hull,xgboost,train,20000,3,0.236224,20000,134875
magpie,energy_above_hull,xgboost,train,20000,4,0.238678,20000,134875
magpie,energy_above_hull,xgboost,train,20000,5,0.220501,20000,134875
magpie,energy_above_hull,linear,train,20000,0,0.098640,20000,134875
magpie,energy_above_hull,linear,train,20000,1,0.099515,20000,134875
magpie,energy_above_hull,linear,train,20000,2,0.098982,20000,134875
magpie,energy_above_hull,linear,train,20000,3,0.098748,20000,134875
magpie,energy_above_hull,linear,train,20000,4,0.097504,20000,134875
magpie,energy_above_hull,linear,train,20000,5,0.099473,20000,134875
magpie,band_gap,xgboost,train,50,0,0.247999,20000,134875
magpie,band_gap,xgboost,train,50,1,0.153247,20000,134875
magpie,band_gap,xgboost,train,50,2,0.290607,20000,134875
magpie,band_gap,xgboost,train,50,3,0.211811,20000,134875
magpie,band_gap,xgboost,train,50,4,0.160148,20000,134875
magpie,band_gap,xgboost,train,50,5,0.072832,20000,134875
magpie,band_gap,xgboost,train,50,6,0.106209,20000,134875
magpie,band_gap,xgboost,train,50,7,0.045268,20000,134875
magpie,band_gap,xgboost,train,50,8,0.084737,20000,134875
magpie,band_gap,xgboost,train,50,9,0.254791,20000,134875
magpie,band_gap,xgboost,train,50,10,0.232303,20000,134875
magpie,band_gap,xgboost,train,50,11,-0.099446,20000,134875
magpie,band_gap,xgboost,train,50,12,0.287688,20000,134875
magpie,band_gap,xgboost,train,50,13,0.218650,20000,134875
magpie,band_gap,xgboost,train,50,14,0.170821,20000,134875
magpie,band_gap,xgboost,train,50,15,0.097512,20000,134875
magpie,band_gap,xgboost,train,50,16,0.170568,20000,134875
magpie,band_gap,xgboost,train,50,17,0.205553,20000,134875
magpie,band_gap,xgboost,train,50,18,0.078442,20000,134875
magpie,band_gap,xgboost,train,50,19,0.236067,20000,134875
magpie,band_gap,xgboost,train,50,20,0.135663,20000,134875
magpie,band_gap,xgboost,train,50,21,0.245045,20000,134875
magpie,band_gap,xgboost,train,50,22,0.011986,20000,134875
magpie,band_gap,xgboost,train,50,23,0.211131,20000,134875
magpie,band_gap,xgboost,train,50,24,0.176791,20000,134875
magpie,band_gap,xgboost,train,50,25,0.194258,20000,134875
magpie,band_gap,xgboost,train,50,26,0.201664,20000,134875
magpie,band_gap,xgboost,train,50,27,0.244036,20000,134875
magpie,band_gap,xgboost,train,50,28,0.208768,20000,134875
magpie,band_gap,xgboost,train,50,29,0.233936,20000,134875
magpie,band_gap,linear,train,50,0,0.173556,20000,134875
magpie,band_gap,linear,train,50,1,0.130800,20000,134875
magpie,band_gap,linear,train,50,2,0.278038,20000,134875
magpie,band_gap,linear,train,50,3,-0.218898,20000,134875
magpie,band_gap,linear,train,50,4,0.177529,20000,134875
magpie,band_gap,linear,train,50,5,0.224763,20000,134875
magpie,band_gap,linear,train,50,6,-1.130606,20000,134875
magpie,band_gap,linear,train,50,7,0.110915,20000,134875
magpie,band_gap,linear,train,50,8,0.166354,20000,134875
magpie,band_gap,linear,train,50,9,0.247178,20000,134875
magpie,band_gap,linear,train,50,10,0.193737,20000,134875
magpie,band_gap,linear,train,50,11,-454.516012,20000,134875
magpie,band_gap,linear,train,50,12,0.213691,20000,134875
magpie,band_gap,linear,train,50,13,-8.147127,20000,134875
magpie,band_gap,linear,train,50,14,0.156428,20000,134875
magpie,band_gap,linear,train,50,15,0.191298,20000,134875
magpie,band_gap,linear,train,50,16,0.275214,20000,134875
magpie,band_gap,linear,train,50,17,0.262663,20000,134875
magpie,band_gap,linear,train,50,18,0.186831,20000,134875
magpie,band_gap,linear,train,50,19,0.258254,20000,134875
magpie,band_gap,linear,train,50,20,0.099745,20000,134875
magpie,band_gap,linear,train,50,21,-14375.492468,20000,134875
magpie,band_gap,linear,train,50,22,0.190494,20000,134875
magpie,band_gap,linear,train,50,23,0.185628,20000,134875
magpie,band_gap,linear,train,50,24,0.259712,20000,134875
magpie,band_gap,linear,train,50,25,0.204767,20000,134875
magpie,band_gap,linear,train,50,26,0.203211,20000,134875
magpie,band_gap,linear,train,50,27,0.198837,20000,134875
magpie,band_gap,linear,train,50,28,-1.749263,20000,134875
magpie,band_gap,linear,train,50,29,0.200639,20000,134875
magpie,band_gap,xgboost,train,100,0,0.180225,20000,134875
magpie,band_gap,xgboost,train,100,1,0.211587,20000,134875
magpie,band_gap,xgboost,train,100,2,0.256093,20000,134875
magpie,band_gap,xgboost,train,100,3,0.269253,20000,134875
magpie,band_gap,xgboost,train,100,4,0.309427,20000,134875
magpie,band_gap,xgboost,train,100,5,0.323588,20000,134875
magpie,band_gap,xgboost,train,100,6,0.027103,20000,134875
magpie,band_gap,xgboost,train,100,7,0.267975,20000,134875
magpie,band_gap,xgboost,train,100,8,0.209785,20000,134875
magpie,band_gap,xgboost,train,100,9,0.261485,20000,134875
magpie,band_gap,xgboost,train,100,10,0.281626,20000,134875
magpie,band_gap,xgboost,train,100,11,0.235345,20000,134875
magpie,band_gap,xgboost,train,100,12,0.262079,20000,134875
magpie,band_gap,xgboost,train,100,13,0.287644,20000,134875
magpie,band_gap,xgboost,train,100,14,0.195590,20000,134875
magpie,band_gap,xgboost,train,100,15,0.266642,20000,134875
magpie,band_gap,xgboost,train,100,16,0.288525,20000,134875
magpie,band_gap,xgboost,train,100,17,0.193944,20000,134875
magpie,band_gap,xgboost,train,100,18,0.252435,20000,134875
magpie,band_gap,xgboost,train,100,19,0.314128,20000,134875
magpie,band_gap,xgboost,train,100,20,0.202568,20000,134875
magpie,band_gap,xgboost,train,100,21,0.262355,20000,134875
magpie,band_gap,xgboost,train,100,22,0.286248,20000,134875
magpie,band_gap,xgboost,train,100,23,0.234859,20000,134875
magpie,band_gap,xgboost,train,100,24,0.261161,20000,134875
magpie,band_gap,xgboost,train,100,25,0.258635,20000,134875
magpie,band_gap,xgboost,train,100,26,0.267967,20000,134875
magpie,band_gap,xgboost,train,100,27,0.162306,20000,134875
magpie,band_gap,xgboost,train,100,28,0.144400,20000,134875
magpie,band_gap,xgboost,train,100,29,0.142194,20000,134875
magpie,band_gap,linear,train,100,0,-376168.370486,20000,134875
magpie,band_gap,linear,train,100,1,0.276177,20000,134875
magpie,band_gap,linear,train,100,2,0.237174,20000,134875
magpie,band_gap,linear,train,100,3,0.259528,20000,134875
magpie,band_gap,linear,train,100,4,0.236826,20000,134875
magpie,band_gap,linear,train,100,5,0.226137,20000,134875
magpie,band_gap,linear,train,100,6,-315.817722,20000,134875
magpie,band_gap,linear,train,100,7,-7682.802820,20000,134875
magpie,band_gap,linear,train,100,8,0.255258,20000,134875
magpie,band_gap,linear,train,100,9,-15499.068913,20000,134875
magpie,band_gap,linear,train,100,10,0.229287,20000,134875
magpie,band_gap,linear,train,100,11,0.243264,20000,134875
magpie,band_gap,linear,train,100,12,0.193598,20000,134875
magpie,band_gap,linear,train,100,13,0.210332,20000,134875
magpie,band_gap,linear,train,100,14,-642.056444,20000,134875
magpie,band_gap,linear,train,100,15,0.247695,20000,134875
magpie,band_gap,linear,train,100,16,0.279307,20000,134875
magpie,band_gap,linear,train,100,17,0.160320,20000,134875
magpie,band_gap,linear,train,100,18,0.257081,20000,134875
magpie,band_gap,linear,train,100,19,0.291389,20000,134875
magpie,band_gap,linear,train,100,20,0.256279,20000,134875
magpie,band_gap,linear,train,100,21,-12.332147,20000,134875
magpie,band_gap,linear,train,100,22,0.227684,20000,134875
magpie,band_gap,linear,train,100,23,0.226533,20000,134875
magpie,band_gap,linear,train,100,24,0.237658,20000,134875
magpie,band_gap,linear,train,100,25,0.238599,20000,134875
magpie,band_gap,linear,train,100,26,0.194329,20000,134875
magpie,band_gap,linear,train,100,27,0.265518,20000,134875
magpie,band_gap,linear,train,100,28,0.136578,20000,134875
magpie,band_gap,linear,train,100,29,0.287899,20000,134875
magpie,band_gap,xgboost,train,200,0,0.324065,20000,134875
magpie,band_gap,xgboost,train,200,1,0.346744,20000,134875
magpie,band_gap,xgboost,train,200,2,0.278054,20000,134875
magpie,band_gap,xgboost,train,200,3,0.322734,20000,134875
magpie,band_gap,xgboost,train,200,4,0.294495,20000,134875
magpie,band_gap,xgboost,train,200,5,0.354160,20000,134875
magpie,band_gap,xgboost,train,200,6,0.332804,20000,134875
magpie,band_gap,xgboost,train,200,7,0.360721,20000,134875
magpie,band_gap,xgboost,train,200,8,0.313725,20000,134875
magpie,band_gap,xgboost,train,200,9,0.343744,20000,134875
magpie,band_gap,xgboost,train,200,10,0.308786,20000,134875
magpie,band_gap,xgboost,train,200,11,0.358504,20000,134875
magpie,band_gap,xgboost,train,200,12,0.305822,20000,134875
magpie,band_gap,xgboost,train,200,13,0.280031,20000,134875
magpie,band_gap,xgboost,train,200,14,0.328709,20000,134875
magpie,band_gap,xgboost,train,200,15,0.316533,20000,134875
magpie,band_gap,xgboost,train,200,16,0.328400,20000,134875
magpie,band_gap,xgboost,train,200,17,0.282147,20000,134875
magpie,band_gap,xgboost,train,200,18,0.344317,20000,134875
magpie,band_gap,xgboost,train,200,19,0.305948,20000,134875
magpie,band_gap,xgboost,train,200,20,0.338624,20000,134875
magpie,band_gap,xgboost,train,200,21,0.355980,20000,134875
magpie,band_gap,xgboost,train,200,22,0.331866,20000,134875
magpie,band_gap,xgboost,train,200,23,0.280197,20000,134875
magpie,band_gap,xgboost,train,200,24,0.352779,20000,134875
magpie,band_gap,xgboost,train,200,25,0.326027,20000,134875
magpie,band_gap,xgboost,train,200,26,0.273247,20000,134875
magpie,band_gap,xgboost,train,200,27,0.327069,20000,134875
magpie,band_gap,xgboost,train,200,28,0.292791,20000,134875
magpie,band_gap,xgboost,train,200,29,0.313210,20000,134875
magpie,band_gap,linear,train,200,0,-535.007749,20000,134875
magpie,band_gap,linear,train,200,1,-140660.103786,20000,134875
magpie,band_gap,linear,train,200,2,0.236169,20000,134875
magpie,band_gap,linear,train,200,3,0.314317,20000,134875
magpie,band_gap,linear,train,200,4,0.309031,20000,134875
magpie,band_gap,linear,train,200,5,0.307794,20000,134875
magpie,band_gap,linear,train,200,6,0.295445,20000,134875
magpie,band_gap,linear,train,200,7,0.319238,20000,134875
magpie,band_gap,linear,train,200,8,0.295558,20000,134875
magpie,band_gap,linear,train,200,9,0.270940,20000,134875
magpie,band_gap,linear,train,200,10,0.252709,20000,134875
magpie,band_gap,linear,train,200,11,0.291044,20000,134875
magpie,band_gap,linear,train,200,12,0.304582,20000,134875
magpie,band_gap,linear,train,200,13,0.216084,20000,134875
magpie,band_gap,linear,train,200,14,0.286192,20000,134875
magpie,band_gap,linear,train,200,15,0.284659,20000,134875
magpie,band_gap,linear,train,200,16,0.308518,20000,134875
magpie,band_gap,linear,train,200,17,0.269656,20000,134875
magpie,band_gap,linear,train,200,18,0.326471,20000,134875
magpie,band_gap,linear,train,200,19,0.288730,20000,134875
magpie,band_gap,linear,train,200,20,0.317312,20000,134875
magpie,band_gap,linear,train,200,21,0.313557,20000,134875
magpie,band_gap,linear,train,200,22,-82.407138,20000,134875
magpie,band_gap,linear,train,200,23,0.253655,20000,134875
magpie,band_gap,linear,train,200,24,0.246773,20000,134875
magpie,band_gap,linear,train,200,25,0.309279,20000,134875
magpie,band_gap,linear,train,200,26,0.229953,20000,134875
magpie,band_gap,linear,train,200,27,0.262652,20000,134875
magpie,band_gap,linear,train,200,28,0.279704,20000,134875
magpie,band_gap,linear,train,200,29,0.314087,20000,134875
magpie,band_gap,xgboost,train,500,0,0.381717,20000,134875
magpie,band_gap,xgboost,train,500,1,0.395276,20000,134875
magpie,band_gap,xgboost,train,500,2,0.380119,20000,134875
magpie,band_gap,xgboost,train,500,3,0.417579,20000,134875
magpie,band_gap,xgboost,train,500,4,0.413869,20000,134875
magpie,band_gap,xgboost,train,500,5,0.402195,20000,134875
magpie,band_gap,xgboost,train,500,6,0.390342,20000,134875
magpie,band_gap,xgboost,train,500,7,0.384190,20000,134875
magpie,band_gap,xgboost,train,500,8,0.403773,20000,134875
magpie,band_gap,xgboost,train,500,9,0.360524,20000,134875
magpie,band_gap,xgboost,train,500,10,0.420788,20000,134875
magpie,band_gap,xgboost,train,500,11,0.415421,20000,134875
magpie,band_gap,xgboost,train,500,12,0.392103,20000,134875
magpie,band_gap,xgboost,train,500,13,0.392700,20000,134875
magpie,band_gap,xgboost,train,500,14,0.386682,20000,134875
magpie,band_gap,xgboost,train,500,15,0.378828,20000,134875
magpie,band_gap,xgboost,train,500,16,0.398203,20000,134875
magpie,band_gap,xgboost,train,500,17,0.387644,20000,134875
magpie,band_gap,xgboost,train,500,18,0.391810,20000,134875
magpie,band_gap,xgboost,train,500,19,0.388088,20000,134875
magpie,band_gap,xgboost,train,500,20,0.375206,20000,134875
magpie,band_gap,xgboost,train,500,21,0.376782,20000,134875
magpie,band_gap,xgboost,train,500,22,0.332783,20000,134875
magpie,band_gap,xgboost,train,500,23,0.400875,20000,134875
magpie,band_gap,xgboost,train,500,24,0.397824,20000,134875
magpie,band_gap,xgboost,train,500,25,0.373068,20000,134875
magpie,band_gap,xgboost,train,500,26,0.388012,20000,134875
magpie,band_gap,xgboost,train,500,27,0.365110,20000,134875
magpie,band_gap,xgboost,train,500,28,0.396448,20000,134875
magpie,band_gap,xgboost,train,500,29,0.384909,20000,134875
magpie,band_gap,linear,train,500,0,0.306628,20000,134875
magpie,band_gap,linear,train,500,1,0.355122,20000,134875
magpie,band_gap,linear,train,500,2,-90890.157542,20000,134875
magpie,band_gap,linear,train,500,3,-758.148047,20000,134875
magpie,band_gap,linear,train,500,4,-207.060272,20000,134875
magpie,band_gap,linear,train,500,5,0.340003,20000,134875
magpie,band_gap,linear,train,500,6,0.299257,20000,134875
magpie,band_gap,linear,train,500,7,0.346124,20000,134875
magpie,band_gap,linear,train,500,8,-4092476.840593,20000,134875
magpie,band_gap,linear,train,500,9,0.330234,20000,134875
magpie,band_gap,linear,train,500,10,0.339246,20000,134875
magpie,band_gap,linear,train,500,11,0.343259,20000,134875
magpie,band_gap,linear,train,500,12,0.351502,20000,134875
magpie,band_gap,linear,train,500,13,0.322890,20000,134875
magpie,band_gap,linear,train,500,14,0.351171,20000,134875
magpie,band_gap,linear,train,500,15,-66.943210,20000,134875
magpie,band_gap,linear,train,500,16,0.318742,20000,134875
magpie,band_gap,linear,train,500,17,0.339106,20000,134875
magpie,band_gap,linear,train,500,18,-523015.210962,20000,134875
magpie,band_gap,linear,train,500,19,0.335919,20000,134875
magpie,band_gap,linear,train,500,20,-61.952337,20000,134875
magpie,band_gap,linear,train,500,21,0.326993,20000,134875
magpie,band_gap,linear,train,500,22,-97815.997909,20000,134875
magpie,band_gap,linear,train,500,23,0.331042,20000,134875
magpie,band_gap,linear,train,500,24,0.346168,20000,134875
magpie,band_gap,linear,train,500,25,-1033.511138,20000,134875
magpie,band_gap,linear,train,500,26,0.336070,20000,134875
magpie,band_gap,linear,train,500,27,0.325015,20000,134875
magpie,band_gap,linear,train,500,28,0.322373,20000,134875
magpie,band_gap,linear,train,500,29,0.336545,20000,134875
magpie,band_gap,xgboost,train,1000,0,0.455754,20000,134875
magpie,band_gap,xgboost,train,1000,1,0.478068,20000,134875
magpie,band_gap,xgboost,train,1000,2,0.452632,20000,134875
magpie,band_gap,xgboost,train,1000,3,0.439600,20000,134875
magpie,band_gap,xgboost,train,1000,4,0.448236,20000,134875
magpie,band_gap,xgboost,train,1000,5,0.458535,20000,134875
magpie,band_gap,xgboost,train,1000,6,0.466201,20000,134875
magpie,band_gap,xgboost,train,1000,7,0.449044,20000,134875
magpie,band_gap,xgboost,train,1000,8,0.474079,20000,134875
magpie,band_gap,xgboost,train,1000,9,0.443753,20000,134875
magpie,band_gap,xgboost,train,1000,10,0.454315,20000,134875
magpie,band_gap,xgboost,train,1000,11,0.446273,20000,134875
magpie,band_gap,xgboost,train,1000,12,0.454478,20000,134875
magpie,band_gap,xgboost,train,1000,13,0.430637,20000,134875
magpie,band_gap,xgboost,train,1000,14,0.448923,20000,134875
magpie,band_gap,xgboost,train,1000,15,0.426254,20000,134875
magpie,band_gap,xgboost,train,1000,16,0.437124,20000,134875
magpie,band_gap,xgboost,train,1000,17,0.455765,20000,134875
magpie,band_gap,xgboost,train,1000,18,0.459807,20000,134875
magpie,band_gap,xgboost,train,1000,19,0.447426,20000,134875
magpie,band_gap,xgboost,train,1000,20,0.436765,20000,134875
magpie,band_gap,xgboost,train,1000,21,0.431801,20000,134875
magpie,band_gap,xgboost,train,1000,22,0.465709,20000,134875
magpie,band_gap,xgboost,train,1000,23,0.450148,20000,134875
magpie,band_gap,xgboost,train,1000,24,0.458278,20000,134875
magpie,band_gap,xgboost,train,1000,25,0.461438,20000,134875
magpie,band_gap,xgboost,train,1000,26,0.421274,20000,134875
magpie,band_gap,xgboost,train,1000,27,0.435929,20000,134875
magpie,band_gap,xgboost,train,1000,28,0.463523,20000,134875
magpie,band_gap,xgboost,train,1000,29,0.417919,20000,134875
magpie,band_gap,linear,train,1000,0,0.362652,20000,134875
magpie,band_gap,linear,train,1000,1,0.361242,20000,134875
magpie,band_gap,linear,train,1000,2,0.337396,20000,134875
magpie,band_gap,linear,train,1000,3,0.355700,20000,134875
magpie,band_gap,linear,train,1000,4,0.345562,20000,134875
magpie,band_gap,linear,train,1000,5,-0.598649,20000,134875
magpie,band_gap,linear,train,1000,6,0.325591,20000,134875
magpie,band_gap,linear,train,1000,7,0.365439,20000,134875
magpie,band_gap,linear,train,1000,8,0.367750,20000,134875
magpie,band_gap,linear,train,1000,9,-558817.482327,20000,134875
magpie,band_gap,linear,train,1000,10,-202178.915623,20000,134875
magpie,band_gap,linear,train,1000,11,-93842.514380,20000,134875
magpie,band_gap,linear,train,1000,12,0.346511,20000,134875
magpie,band_gap,linear,train,1000,13,0.347817,20000,134875
magpie,band_gap,linear,train,1000,14,0.346308,20000,134875
magpie,band_gap,linear,train,1000,15,0.364823,20000,134875
magpie,band_gap,linear,train,1000,16,0.360635,20000,134875
magpie,band_gap,linear,train,1000,17,-40946.777415,20000,134875
magpie,band_gap,linear,train,1000,18,0.365031,20000,134875
magpie,band_gap,linear,train,1000,19,-846.752420,20000,134875
magpie,band_gap,linear,train,1000,20,0.354401,20000,134875
magpie,band_gap,linear,train,1000,21,-0.468604,20000,134875
magpie,band_gap,linear,train,1000,22,0.358532,20000,134875
magpie,band_gap,linear,train,1000,23,0.363555,20000,134875
magpie,band_gap,linear,train,1000,24,-10364.778280,20000,134875
magpie,band_gap,linear,train,1000,25,-1245.492078,20000,134875
magpie,band_gap,linear,train,1000,26,0.356835,20000,134875
magpie,band_gap,linear,train,1000,27,0.337261,20000,134875
magpie,band_gap,linear,train,1000,28,-12355.362922,20000,134875
magpie,band_gap,linear,train,1000,29,-130526.806518,20000,134875
magpie,band_gap,xgboost,train,2000,0,0.500308,20000,134875
magpie,band_gap,xgboost,train,2000,1,0.502414,20000,134875
magpie,band_gap,xgboost,train,2000,2,0.503411,20000,134875
magpie,band_gap,xgboost,train,2000,3,0.508260,20000,134875
magpie,band_gap,xgboost,train,2000,4,0.518793,20000,134875
magpie,band_gap,xgboost,train,2000,5,0.506514,20000,134875
magpie,band_gap,xgboost,train,2000,6,0.501661,20000,134875
magpie,band_gap,xgboost,train,2000,7,0.513921,20000,134875
magpie,band_gap,xgboost,train,2000,8,0.493798,20000,134875
magpie,band_gap,xgboost,train,2000,9,0.495601,20000,134875
magpie,band_gap,xgboost,train,2000,10,0.514107,20000,134875
magpie,band_gap,xgboost,train,2000,11,0.518741,20000,134875
magpie,band_gap,xgboost,train,2000,12,0.507319,20000,134875
magpie,band_gap,xgboost,train,2000,13,0.529824,20000,134875
magpie,band_gap,xgboost,train,2000,14,0.493984,20000,134875
magpie,band_gap,xgboost,train,2000,15,0.510996,20000,134875
magpie,band_gap,xgboost,train,2000,16,0.522699,20000,134875
magpie,band_gap,xgboost,train,2000,17,0.509665,20000,134875
magpie,band_gap,xgboost,train,2000,18,0.499439,20000,134875
magpie,band_gap,xgboost,train,2000,19,0.486098,20000,134875
magpie,band_gap,xgboost,train,2000,20,0.509057,20000,134875
magpie,band_gap,xgboost,train,2000,21,0.495843,20000,134875
magpie,band_gap,xgboost,train,2000,22,0.504309,20000,134875
magpie,band_gap,xgboost,train,2000,23,0.482759,20000,134875
magpie,band_gap,xgboost,train,2000,24,0.494346,20000,134875
magpie,band_gap,xgboost,train,2000,25,0.515778,20000,134875
magpie,band_gap,xgboost,train,2000,26,0.502056,20000,134875
magpie,band_gap,xgboost,train,2000,27,0.505732,20000,134875
magpie,band_gap,xgboost,train,2000,28,0.500498,20000,134875
magpie,band_gap,xgboost,train,2000,29,0.511233,20000,134875
magpie,band_gap,linear,train,2000,0,0.378747,20000,134875
magpie,band_gap,linear,train,2000,1,-21569.484596,20000,134875
magpie,band_gap,linear,train,2000,2,0.381659,20000,134875
magpie,band_gap,linear,train,2000,3,0.377313,20000,134875
magpie,band_gap,linear,train,2000,4,0.369900,20000,134875
magpie,band_gap,linear,train,2000,5,0.377087,20000,134875
magpie,band_gap,linear,train,2000,6,0.378657,20000,134875
magpie,band_gap,linear,train,2000,7,0.376971,20000,134875
magpie,band_gap,linear,train,2000,8,0.386249,20000,134875
magpie,band_gap,linear,train,2000,9,0.363558,20000,134875
magpie,band_gap,linear,train,2000,10,0.374203,20000,134875
magpie,band_gap,linear,train,2000,11,0.377719,20000,134875
magpie,band_gap,linear,train,2000,12,0.379200,20000,134875
magpie,band_gap,linear,train,2000,13,0.381269,20000,134875
magpie,band_gap,linear,train,2000,14,0.375337,20000,134875
magpie,band_gap,linear,train,2000,15,-220.633156,20000,134875
magpie,band_gap,linear,train,2000,16,0.388015,20000,134875
magpie,band_gap,linear,train,2000,17,0.362417,20000,134875
magpie,band_gap,linear,train,2000,18,-10.727378,20000,134875
magpie,band_gap,linear,train,2000,19,0.384160,20000,134875
magpie,band_gap,linear,train,2000,20,0.376519,20000,134875
magpie,band_gap,linear,train,2000,21,0.369269,20000,134875
magpie,band_gap,linear,train,2000,22,0.378849,20000,134875
magpie,band_gap,linear,train,2000,23,-1107.345066,20000,134875
magpie,band_gap,linear,train,2000,24,-75314.359617,20000,134875
magpie,band_gap,linear,train,2000,25,0.380336,20000,134875
magpie,band_gap,linear,train,2000,26,-153.220881,20000,134875
magpie,band_gap,linear,train,2000,27,0.380580,20000,134875
magpie,band_gap,linear,train,2000,28,0.362939,20000,134875
magpie,band_gap,linear,train,2000,29,0.378437,20000,134875
magpie,band_gap,xgboost,train,5000,0,0.569619,20000,134875
magpie,band_gap,xgboost,train,5000,1,0.575636,20000,134875
magpie,band_gap,xgboost,train,5000,2,0.563467,20000,134875
magpie,band_gap,xgboost,train,5000,3,0.582153,20000,134875
magpie,band_gap,xgboost,train,5000,4,0.587752,20000,134875
magpie,band_gap,xgboost,train,5000,5,0.577614,20000,134875
magpie,band_gap,xgboost,train,5000,6,0.575373,20000,134875
magpie,band_gap,xgboost,train,5000,7,0.577093,20000,134875
magpie,band_gap,xgboost,train,5000,8,0.570814,20000,134875
magpie,band_gap,xgboost,train,5000,9,0.577040,20000,134875
magpie,band_gap,linear,train,5000,0,0.387659,20000,134875
magpie,band_gap,linear,train,5000,1,0.396156,20000,134875
magpie,band_gap,linear,train,5000,2,0.390546,20000,134875
magpie,band_gap,linear,train,5000,3,0.398637,20000,134875
magpie,band_gap,linear,train,5000,4,0.397770,20000,134875
magpie,band_gap,linear,train,5000,5,0.398267,20000,134875
magpie,band_gap,linear,train,5000,6,0.391715,20000,134875
magpie,band_gap,linear,train,5000,7,-21.776560,20000,134875
magpie,band_gap,linear,train,5000,8,0.393325,20000,134875
magpie,band_gap,linear,train,5000,9,0.394631,20000,134875
magpie,band_gap,xgboost,train,7000,0,0.596908,20000,134875
magpie,band_gap,xgboost,train,7000,1,0.601324,20000,134875
magpie,band_gap,xgboost,train,7000,2,0.597266,20000,134875
magpie,band_gap,xgboost,train,7000,3,0.598545,20000,134875
magpie,band_gap,xgboost,train,7000,4,0.584515,20000,134875
magpie,band_gap,xgboost,train,7000,5,0.603322,20000,134875
magpie,band_gap,xgboost,train,7000,6,0.603161,20000,134875
magpie,band_gap,linear,train,7000,0,0.396938,20000,134875
magpie,band_gap,linear,train,7000,1,0.399001,20000,134875
magpie,band_gap,linear,train,7000,2,0.399396,20000,134875
magpie,band_gap,linear,train,7000,3,0.398758,20000,134875
magpie,band_gap,linear,train,7000,4,0.396150,20000,134875
magpie,band_gap,linear,train,7000,5,0.393493,20000,134875
magpie,band_gap,linear,train,7000,6,0.399174,20000,134875
magpie,band_gap,xgboost,train,10000,0,0.627834,20000,134875
magpie,band_gap,xgboost,train,10000,1,0.626155,20000,134875
magpie,band_gap,xgboost,train,10000,2,0.615586,20000,134875
magpie,band_gap,xgboost,train,10000,3,0.626719,20000,134875
magpie,band_gap,xgboost,train,10000,4,0.607759,20000,134875
magpie,band_gap,xgboost,train,10000,5,0.620529,20000,134875
magpie,band_gap,xgboost,train,10000,6,0.615346,20000,134875
magpie,band_gap,linear,train,10000,0,0.403723,20000,134875
magpie,band_gap,linear,train,10000,1,0.398505,20000,134875
magpie,band_gap,linear,train,10000,2,0.402959,20000,134875
magpie,band_gap,linear,train,10000,3,0.401589,20000,134875
magpie,band_gap,linear,train,10000,4,0.398367,20000,134875
magpie,band_gap,linear,train,10000,5,0.403393,20000,134875
magpie,band_gap,linear,train,10000,6,0.401068,20000,134875
magpie,band_gap,xgboost,train,20000,0,0.652658,20000,134875
magpie,band_gap,xgboost,train,20000,1,0.655885,20000,134875
magpie,band_gap,xgboost,train,20000,2,0.664342,20000,134875
magpie,band_gap,xgboost,train,20000,3,0.654384,20000,134875
magpie,band_gap,xgboost,train,20000,4,0.655073,20000,134875
magpie,band_gap,xgboost,train,20000,5,0.655418,20000,134875
magpie,band_gap,linear,train,20000,0,0.402101,20000,134875
magpie,band_gap,linear,train,20000,1,0.403204,20000,134875
magpie,band_gap,linear,train,20000,2,0.405031,20000,134875
magpie,band_gap,linear,train,20000,3,0.405263,20000,134875
magpie,band_gap,linear,train,20000,4,0.404129,20000,134875
magpie,band_gap,linear,train,20000,5,0.403725,20000,134875
magpie,density,xgboost,train,50,0,0.628636,20000,134875
magpie,density,xgboost,train,50,1,0.649451,20000,134875
magpie,density,xgboost,train,50,2,0.481936,20000,134875
magpie,density,xgboost,train,50,3,0.583588,20000,134875
magpie,density,xgboost,train,50,4,0.668638,20000,134875
magpie,density,xgboost,train,50,5,0.532030,20000,134875
magpie,density,xgboost,train,50,6,0.358457,20000,134875
magpie,density,xgboost,train,50,7,0.614495,20000,134875
magpie,density,xgboost,train,50,8,0.600587,20000,134875
magpie,density,xgboost,train,50,9,0.585429,20000,134875
magpie,density,xgboost,train,50,10,0.546161,20000,134875
magpie,density,xgboost,train,50,11,0.328721,20000,134875
magpie,density,xgboost,train,50,12,0.592304,20000,134875
magpie,density,xgboost,train,50,13,0.404927,20000,134875
magpie,density,xgboost,train,50,14,0.610229,20000,134875
magpie,density,xgboost,train,50,15,0.586116,20000,134875
magpie,density,xgboost,train,50,16,0.523284,20000,134875
magpie,density,xgboost,train,50,17,0.384275,20000,134875
magpie,density,xgboost,train,50,18,0.590608,20000,134875
magpie,density,xgboost,train,50,19,0.625897,20000,134875
magpie,density,xgboost,train,50,20,0.610923,20000,134875
magpie,density,xgboost,train,50,21,0.642608,20000,134875
magpie,density,xgboost,train,50,22,0.593410,20000,134875
magpie,density,xgboost,train,50,23,0.461750,20000,134875
magpie,density,xgboost,train,50,24,0.639584,20000,134875
magpie,density,xgboost,train,50,25,0.506969,20000,134875
magpie,density,xgboost,train,50,26,0.590843,20000,134875
magpie,density,xgboost,train,50,27,0.344873,20000,134875
magpie,density,xgboost,train,50,28,0.441946,20000,134875
magpie,density,xgboost,train,50,29,0.594080,20000,134875
magpie,density,linear,train,50,0,0.727215,20000,134875
magpie,density,linear,train,50,1,-3.148106,20000,134875
magpie,density,linear,train,50,2,0.556481,20000,134875
magpie,density,linear,train,50,3,0.490922,20000,134875
magpie,density,linear,train,50,4,0.595030,20000,134875
magpie,density,linear,train,50,5,0.622812,20000,134875
magpie,density,linear,train,50,6,0.364050,20000,134875
magpie,density,linear,train,50,7,0.430543,20000,134875
magpie,density,linear,train,50,8,0.667102,20000,134875
magpie,density,linear,train,50,9,-29893.635552,20000,134875
magpie,density,linear,train,50,10,0.649268,20000,134875
magpie,density,linear,train,50,11,0.302537,20000,134875
magpie,density,linear,train,50,12,0.679176,20000,134875
magpie,density,linear,train,50,13,-16805796.733942,20000,134875
magpie,density,linear,train,50,14,0.696172,20000,134875
magpie,density,linear,train,50,15,0.577008,20000,134875
magpie,density,linear,train,50,16,0.622804,20000,134875
magpie,density,linear,train,50,17,0.533241,20000,134875
magpie,density,linear,train,50,18,0.536161,20000,134875
magpie,density,linear,train,50,19,0.690141,20000,134875
magpie,density,linear,train,50,20,0.644559,20000,134875
magpie,density,linear,train,50,21,0.593460,20000,134875
magpie,density,linear,train,50,22,0.622090,20000,134875
magpie,density,linear,train,50,23,0.285593,20000,134875
magpie,density,linear,train,50,24,0.625383,20000,134875
magpie,density,linear,train,50,25,-128.729048,20000,134875
magpie,density,linear,train,50,26,0.229982,20000,134875
magpie,density,linear,train,50,27,0.358253,20000,134875
magpie,density,linear,train,50,28,0.222164,20000,134875
magpie,density,linear,train,50,29,-8841.423365,20000,134875
magpie,density,xgboost,train,100,0,0.544347,20000,134875
magpie,density,xgboost,train,100,1,0.631939,20000,134875
magpie,density,xgboost,train,100,2,0.581547,20000,134875
magpie,density,xgboost,train,100,3,0.689246,20000,134875
magpie,density,xgboost,train,100,4,0.662245,20000,134875
magpie,density,xgboost,train,100,5,0.705481,20000,134875
magpie,density,xgboost,train,100,6,0.689592,20000,134875
magpie,density,xgboost,train,100,7,0.655834,20000,134875
magpie,density,xgboost,train,100,8,0.698476,20000,134875
magpie,density,xgboost,train,100,9,0.681313,20000,134875
magpie,density,xgboost,train,100,10,0.625053,20000,134875
magpie,density,xgboost,train,100,11,0.618256,20000,134875
magpie,density,xgboost,train,100,12,0.611533,20000,134875
magpie,density,xgboost,train,100,13,0.591127,20000,134875
magpie,density,xgboost,train,100,14,0.682127,20000,134875
magpie,density,xgboost,train,100,15,0.631741,20000,134875
magpie,density,xgboost,train,100,16,0.644873,20000,134875
magpie,density,xgboost,train,100,17,0.521682,20000,134875
magpie,density,xgboost,train,100,18,0.401768,20000,134875
magpie,density,xgboost,train,100,19,0.511612,20000,134875
magpie,density,xgboost,train,100,20,0.684235,20000,134875
magpie,density,xgboost,train,100,21,0.664904,20000,134875
magpie,density,xgboost,train,100,22,0.653000,20000,134875
magpie,density,xgboost,train,100,23,0.702576,20000,134875
magpie,density,xgboost,train,100,24,0.641048,20000,134875
magpie,density,xgboost,train,100,25,0.651902,20000,134875
magpie,density,xgboost,train,100,26,0.659722,20000,134875
magpie,density,xgboost,train,100,27,0.649006,20000,134875
magpie,density,xgboost,train,100,28,0.563258,20000,134875
magpie,density,xgboost,train,100,29,0.638773,20000,134875
magpie,density,linear,train,100,0,0.663173,20000,134875
magpie,density,linear,train,100,1,0.604476,20000,134875
magpie,density,linear,train,100,2,0.463132,20000,134875
magpie,density,linear,train,100,3,0.679064,20000,134875
magpie,density,linear,train,100,4,0.693055,20000,134875
magpie,density,linear,train,100,5,0.640782,20000,134875
magpie,density,linear,train,100,6,0.578487,20000,134875
magpie,density,linear,train,100,7,0.680930,20000,134875
magpie,density,linear,train,100,8,0.717674,20000,134875
magpie,density,linear,train,100,9,0.682165,20000,134875
magpie,density,linear,train,100,10,0.518810,20000,134875
magpie,density,linear,train,100,11,0.374830,20000,134875
magpie,density,linear,train,100,12,0.679115,20000,134875
magpie,density,linear,train,100,13,0.658561,20000,134875
magpie,density,linear,train,100,14,0.603629,20000,134875
magpie,density,linear,train,100,15,0.533696,20000,134875
magpie,density,linear,train,100,16,0.676705,20000,134875
magpie,density,linear,train,100,17,0.294815,20000,134875
magpie,density,linear,train,100,18,0.478393,20000,134875
magpie,density,linear,train,100,19,0.541323,20000,134875
magpie,density,linear,train,100,20,0.629836,20000,134875
magpie,density,linear,train,100,21,0.679786,20000,134875
magpie,density,linear,train,100,22,0.548322,20000,134875
magpie,density,linear,train,100,23,0.687045,20000,134875
magpie,density,linear,train,100,24,0.568703,20000,134875
magpie,density,linear,train,100,25,0.632367,20000,134875
magpie,density,linear,train,100,26,-602848.373639,20000,134875
magpie,density,linear,train,100,27,0.694633,20000,134875
magpie,density,linear,train,100,28,0.571605,20000,134875
magpie,density,linear,train,100,29,0.665770,20000,134875
magpie,density,xgboost,train,200,0,0.655900,20000,134875
magpie,density,xgboost,train,200,1,0.717466,20000,134875
magpie,density,xgboost,train,200,2,0.735730,20000,134875
magpie,density,xgboost,train,200,3,0.716754,20000,134875
magpie,density,xgboost,train,200,4,0.739241,20000,134875
magpie,density,xgboost,train,200,5,0.740400,20000,134875
magpie,density,xgboost,train,200,6,0.718116,20000,134875
magpie,density,xgboost,train,200,7,0.725471,20000,134875
magpie,density,xgboost,train,200,8,0.729915,20000,134875
magpie,density,xgboost,train,200,9,0.727081,20000,134875
magpie,density,xgboost,train,200,10,0.676210,20000,134875
magpie,density,xgboost,train,200,11,0.742766,20000,134875
magpie,density,xgboost,train,200,12,0.735760,20000,134875
magpie,density,xgboost,train,200,13,0.732014,20000,134875
magpie,density,xgboost,train,200,14,0.712211,20000,134875
magpie,density,xgboost,train,200,15,0.637836,20000,134875
magpie,density,xgboost,train,200,16,0.720589,20000,134875
magpie,density,xgboost,train,200,17,0.725153,20000,134875
magpie,density,xgboost,train,200,18,0.724138,20000,134875
magpie,density,xgboost,train,200,19,0.687096,20000,134875
magpie,density,xgboost,train,200,20,0.677967,20000,134875
magpie,density,xgboost,train,200,21,0.635858,20000,134875
magpie,density,xgboost,train,200,22,0.707254,20000,134875
magpie,density,xgboost,train,200,23,0.721988,20000,134875
magpie,density,xgboost,train,200,24,0.730604,20000,134875
magpie,density,xgboost,train,200,25,0.724838,20000,134875
magpie,density,xgboost,train,200,26,0.719994,20000,134875
magpie,density,xgboost,train,200,27,0.725883,20000,134875
magpie,density,xgboost,train,200,28,0.703159,20000,134875
magpie,density,xgboost,train,200,29,0.714159,20000,134875
magpie,density,linear,train,200,0,0.124796,20000,134875
magpie,density,linear,train,200,1,-7669785.538642,20000,134875
magpie,density,linear,train,200,2,-952.011458,20000,134875
magpie,density,linear,train,200,3,0.742342,20000,134875
magpie,density,linear,train,200,4,0.724009,20000,134875
magpie,density,linear,train,200,5,0.737483,20000,134875
magpie,density,linear,train,200,6,0.732041,20000,134875
magpie,density,linear,train,200,7,0.723330,20000,134875
magpie,density,linear,train,200,8,0.673369,20000,134875
magpie,density,linear,train,200,9,0.694504,20000,134875
magpie,density,linear,train,200,10,0.661515,20000,134875
magpie,density,linear,train,200,11,-511.289073,20000,134875
magpie,density,linear,train,200,12,0.734972,20000,134875
magpie,density,linear,train,200,13,0.720138,20000,134875
magpie,density,linear,train,200,14,-2290.120683,20000,134875
magpie,density,linear,train,200,15,0.644523,20000,134875
magpie,density,linear,train,200,16,0.691912,20000,134875
magpie,density,linear,train,200,17,0.695329,20000,134875
magpie,density,linear,train,200,18,0.715865,20000,134875
magpie,density,linear,train,200,19,0.674658,20000,134875
magpie,density,linear,train,200,20,0.715599,20000,134875
magpie,density,linear,train,200,21,0.692175,20000,134875
magpie,density,linear,train,200,22,0.679060,20000,134875
magpie,density,linear,train,200,23,0.687254,20000,134875
magpie,density,linear,train,200,24,0.723728,20000,134875
magpie,density,linear,train,200,25,0.717467,20000,134875
magpie,density,linear,train,200,26,0.711432,20000,134875
magpie,density,linear,train,200,27,0.442430,20000,134875
magpie,density,linear,train,200,28,0.708834,20000,134875
magpie,density,linear,train,200,29,0.224851,20000,134875
magpie,density,xgboost,train,500,0,0.731887,20000,134875
magpie,density,xgboost,train,500,1,0.775144,20000,134875
magpie,density,xgboost,train,500,2,0.780361,20000,134875
magpie,density,xgboost,train,500,3,0.728107,20000,134875
magpie,density,xgboost,train,500,4,0.718789,20000,134875
magpie,density,xgboost,train,500,5,0.759580,20000,134875
magpie,density,xgboost,train,500,6,0.766341,20000,134875
magpie,density,xgboost,train,500,7,0.761607,20000,134875
magpie,density,xgboost,train,500,8,0.761571,20000,134875
magpie,density,xgboost,train,500,9,0.769812,20000,134875
magpie,density,xgboost,train,500,10,0.739947,20000,134875
magpie,density,xgboost,train,500,11,0.749636,20000,134875
magpie,density,xgboost,train,500,12,0.782597,20000,134875
magpie,density,xgboost,train,500,13,0.776167,20000,134875
magpie,density,xgboost,train,500,14,0.782720,20000,134875
magpie,density,xgboost,train,500,15,0.750729,20000,134875
magpie,density,xgboost,train,500,16,0.773720,20000,134875
magpie,density,xgboost,train,500,17,0.784234,20000,134875
magpie,density,xgboost,train,500,18,0.759442,20000,134875
magpie,density,xgboost,train,500,19,0.745391,20000,134875
magpie,density,xgboost,train,500,20,0.779307,20000,134875
magpie,density,xgboost,train,500,21,0.764529,20000,134875
magpie,density,xgboost,train,500,22,0.780350,20000,134875
magpie,density,xgboost,train,500,23,0.731226,20000,134875
magpie,density,xgboost,train,500,24,0.776508,20000,134875
magpie,density,xgboost,train,500,25,0.753158,20000,134875
magpie,density,xgboost,train,500,26,0.758081,20000,134875
magpie,density,xgboost,train,500,27,0.763769,20000,134875
magpie,density,xgboost,train,500,28,0.759699,20000,134875
magpie,density,xgboost,train,500,29,0.778960,20000,134875
magpie,density,linear,train,500,0,-28.825276,20000,134875
magpie,density,linear,train,500,1,0.758628,20000,134875
magpie,density,linear,train,500,2,-84160.728873,20000,134875
magpie,density,linear,train,500,3,0.727213,20000,134875
magpie,density,linear,train,500,4,0.731983,20000,134875
magpie,density,linear,train,500,5,0.750003,20000,134875
magpie,density,linear,train,500,6,0.742629,20000,134875
magpie,density,linear,train,500,7,0.749537,20000,134875
magpie,density,linear,train,500,8,-1024503.738209,20000,134875
magpie,density,linear,train,500,9,0.762364,20000,134875
magpie,density,linear,train,500,10,0.735400,20000,134875
magpie,density,linear,train,500,11,0.714820,20000,134875
magpie,density,linear,train,500,12,0.758336,20000,134875
magpie,density,linear,train,500,13,0.730673,20000,134875
magpie,density,linear,train,500,14,0.760944,20000,134875
magpie,density,linear,train,500,15,-6782.396967,20000,134875
magpie,density,linear,train,500,16,0.760243,20000,134875
magpie,density,linear,train,500,17,0.700191,20000,134875
magpie,density,linear,train,500,18,0.440201,20000,134875
magpie,density,linear,train,500,19,0.712962,20000,134875
magpie,density,linear,train,500,20,0.769042,20000,134875
magpie,density,linear,train,500,21,0.751163,20000,134875
magpie,density,linear,train,500,22,0.702839,20000,134875
magpie,density,linear,train,500,23,-10289685.970422,20000,134875
magpie,density,linear,train,500,24,0.758399,20000,134875
magpie,density,linear,train,500,25,0.758280,20000,134875
magpie,density,linear,train,500,26,-198980.389394,20000,134875
magpie,density,linear,train,500,27,0.753653,20000,134875
magpie,density,linear,train,500,28,0.724273,20000,134875
magpie,density,linear,train,500,29,0.750510,20000,134875
magpie,density,xgboost,train,1000,0,0.774124,20000,134875
magpie,density,xgboost,train,1000,1,0.806459,20000,134875
magpie,density,xgboost,train,1000,2,0.800965,20000,134875
magpie,density,xgboost,train,1000,3,0.797529,20000,134875
magpie,density,xgboost,train,1000,4,0.801862,20000,134875
magpie,density,xgboost,train,1000,5,0.774694,20000,134875
magpie,density,xgboost,train,1000,6,0.780485,20000,134875
magpie,density,xgboost,train,1000,7,0.804328,20000,134875
magpie,density,xgboost,train,1000,8,0.795470,20000,134875
magpie,density,xgboost,train,1000,9,0.793171,20000,134875
magpie,density,xgboost,train,1000,10,0.779143,20000,134875
magpie,density,xgboost,train,1000,11,0.808601,20000,134875
magpie,density,xgboost,train,1000,12,0.796704,20000,134875
magpie,density,xgboost,train,1000,13,0.804044,20000,134875
magpie,density,xgboost,train,1000,14,0.791640,20000,134875
magpie,density,xgboost,train,1000,15,0.792636,20000,134875
magpie,density,xgboost,train,1000,16,0.783566,20000,134875
magpie,density,xgboost,train,1000,17,0.770106,20000,134875
magpie,density,xgboost,train,1000,18,0.800950,20000,134875
magpie,density,xgboost,train,1000,19,0.797491,20000,134875
magpie,density,xgboost,train,1000,20,0.796648,20000,134875
magpie,density,xgboost,train,1000,21,0.803336,20000,134875
magpie,density,xgboost,train,1000,22,0.761035,20000,134875
magpie,density,xgboost,train,1000,23,0.782932,20000,134875
magpie,density,xgboost,train,1000,24,0.771044,20000,134875
magpie,density,xgboost,train,1000,25,0.800923,20000,134875
magpie,density,xgboost,train,1000,26,0.790412,20000,134875
magpie,density,xgboost,train,1000,27,0.792901,20000,134875
magpie,density,xgboost,train,1000,28,0.785328,20000,134875
magpie,density,xgboost,train,1000,29,0.794580,20000,134875
magpie,density,linear,train,1000,0,-73.736586,20000,134875
magpie,density,linear,train,1000,1,0.779791,20000,134875
magpie,density,linear,train,1000,2,0.768192,20000,134875
magpie,density,linear,train,1000,3,0.771429,20000,134875
magpie,density,linear,train,1000,4,0.755239,20000,134875
magpie,density,linear,train,1000,5,0.768079,20000,134875
magpie,density,linear,train,1000,6,0.772545,20000,134875
magpie,density,linear,train,1000,7,0.746992,20000,134875
magpie,density,linear,train,1000,8,0.772897,20000,134875
magpie,density,linear,train,1000,9,0.772636,20000,134875
magpie,density,linear,train,1000,10,0.755969,20000,134875
magpie,density,linear,train,1000,11,-118131.787728,20000,134875
magpie,density,linear,train,1000,12,-180.125160,20000,134875
magpie,density,linear,train,1000,13,0.774783,20000,134875
magpie,density,linear,train,1000,14,0.749350,20000,134875
magpie,density,linear,train,1000,15,0.771751,20000,134875
magpie,density,linear,train,1000,16,0.757163,20000,134875
magpie,density,linear,train,1000,17,0.772424,20000,134875
magpie,density,linear,train,1000,18,0.758087,20000,134875
magpie,density,linear,train,1000,19,0.741497,20000,134875
magpie,density,linear,train,1000,20,0.775284,20000,134875
magpie,density,linear,train,1000,21,0.778738,20000,134875
magpie,density,linear,train,1000,22,0.721546,20000,134875
magpie,density,linear,train,1000,23,0.762331,20000,134875
magpie,density,linear,train,1000,24,0.769250,20000,134875
magpie,density,linear,train,1000,25,0.763644,20000,134875
magpie,density,linear,train,1000,26,0.744125,20000,134875
magpie,density,linear,train,1000,27,-1205574.858948,20000,134875
magpie,density,linear,train,1000,28,0.764434,20000,134875
magpie,density,linear,train,1000,29,0.744469,20000,134875
magpie,density,xgboost,train,2000,0,0.820581,20000,134875
magpie,density,xgboost,train,2000,1,0.820991,20000,134875
magpie,density,xgboost,train,2000,2,0.815301,20000,134875
magpie,density,xgboost,train,2000,3,0.812835,20000,134875
magpie,density,xgboost,train,2000,4,0.809849,20000,134875
magpie,density,xgboost,train,2000,5,0.819726,20000,134875
magpie,density,xgboost,train,2000,6,0.793640,20000,134875
magpie,density,xgboost,train,2000,7,0.817606,20000,134875
magpie,density,xgboost,train,2000,8,0.808923,20000,134875
magpie,density,xgboost,train,2000,9,0.817493,20000,134875
magpie,density,xgboost,train,2000,10,0.818589,20000,134875
magpie,density,xgboost,train,2000,11,0.809994,20000,134875
magpie,density,xgboost,train,2000,12,0.817479,20000,134875
magpie,density,xgboost,train,2000,13,0.795888,20000,134875
magpie,density,xgboost,train,2000,14,0.816990,20000,134875
magpie,density,xgboost,train,2000,15,0.812060,20000,134875
magpie,density,xgboost,train,2000,16,0.804847,20000,134875
magpie,density,xgboost,train,2000,17,0.812387,20000,134875
magpie,density,xgboost,train,2000,18,0.808669,20000,134875
magpie,density,xgboost,train,2000,19,0.824363,20000,134875
magpie,density,xgboost,train,2000,20,0.813782,20000,134875
magpie,density,xgboost,train,2000,21,0.802077,20000,134875
magpie,density,xgboost,train,2000,22,0.819065,20000,134875
magpie,density,xgboost,train,2000,23,0.828524,20000,134875
magpie,density,xgboost,train,2000,24,0.819542,20000,134875
magpie,density,xgboost,train,2000,25,0.805046,20000,134875
magpie,density,xgboost,train,2000,26,0.816394,20000,134875
magpie,density,xgboost,train,2000,27,0.800161,20000,134875
magpie,density,xgboost,train,2000,28,0.787915,20000,134875
magpie,density,xgboost,train,2000,29,0.820272,20000,134875
magpie,density,linear,train,2000,0,0.701082,20000,134875
magpie,density,linear,train,2000,1,0.783576,20000,134875
magpie,density,linear,train,2000,2,0.774947,20000,134875
magpie,density,linear,train,2000,3,0.779979,20000,134875
magpie,density,linear,train,2000,4,0.786959,20000,134875
magpie,density,linear,train,2000,5,0.784079,20000,134875
magpie,density,linear,train,2000,6,0.780651,20000,134875
magpie,density,linear,train,2000,7,0.791636,20000,134875
magpie,density,linear,train,2000,8,0.778522,20000,134875
magpie,density,linear,train,2000,9,0.788024,20000,134875
magpie,density,linear,train,2000,10,0.781211,20000,134875
magpie,density,linear,train,2000,11,-33221.468324,20000,134875
magpie,density,linear,train,2000,12,0.779354,20000,134875
magpie,density,linear,train,2000,13,0.774853,20000,134875
magpie,density,linear,train,2000,14,-1.261927,20000,134875
magpie,density,linear,train,2000,15,0.781044,20000,134875
magpie,density,linear,train,2000,16,0.777895,20000,134875
magpie,density,linear,train,2000,17,0.776426,20000,134875
magpie,density,linear,train,2000,18,0.785510,20000,134875
magpie,density,linear,train,2000,19,0.784043,20000,134875
magpie,density,linear,train,2000,20,0.777407,20000,134875
magpie,density,linear,train,2000,21,0.776672,20000,134875
magpie,density,linear,train,2000,22,0.777680,20000,134875
magpie,density,linear,train,2000,23,0.775416,20000,134875
magpie,density,linear,train,2000,24,-481.027192,20000,134875
magpie,density,linear,train,2000,25,0.781197,20000,134875
magpie,density,linear,train,2000,26,0.784976,20000,134875
magpie,density,linear,train,2000,27,0.770798,20000,134875
magpie,density,linear,train,2000,28,0.776474,20000,134875
magpie,density,linear,train,2000,29,0.785423,20000,134875
magpie,density,xgboost,train,5000,0,0.834871,20000,134875
magpie,density,xgboost,train,5000,1,0.836611,20000,134875
magpie,density,xgboost,train,5000,2,0.831328,20000,134875
magpie,density,xgboost,train,5000,3,0.835063,20000,134875
magpie,density,xgboost,train,5000,4,0.836452,20000,134875
magpie,density,xgboost,train,5000,5,0.827592,20000,134875
magpie,density,xgboost,train,5000,6,0.832054,20000,134875
magpie,density,xgboost,train,5000,7,0.839202,20000,134875
magpie,density,xgboost,train,5000,8,0.837083,20000,134875
magpie,density,xgboost,train,5000,9,0.835530,20000,134875
magpie,density,linear,train,5000,0,0.791848,20000,134875
magpie,density,linear,train,5000,1,0.791741,20000,134875
magpie,density,linear,train,5000,2,0.792129,20000,134875
magpie,density,linear,train,5000,3,0.792050,20000,134875
magpie,density,linear,train,5000,4,0.793324,20000,134875
magpie,density,linear,train,5000,5,0.790738,20000,134875
magpie,density,linear,train,5000,6,0.795032,20000,134875
magpie,density,linear,train,5000,7,0.796021,20000,134875
magpie,density,linear,train,5000,8,0.792882,20000,134875
magpie,density,linear,train,5000,9,0.792001,20000,134875
magpie,density,xgboost,train,7000,0,0.842535,20000,134875
magpie,density,xgboost,train,7000,1,0.841048,20000,134875
magpie,density,xgboost,train,7000,2,0.836759,20000,134875
magpie,density,xgboost,train,7000,3,0.836621,20000,134875
magpie,density,xgboost,train,7000,4,0.847482,20000,134875
magpie,density,xgboost,train,7000,5,0.847510,20000,134875
magpie,density,xgboost,train,7000,6,0.844186,20000,134875
magpie,density,linear,train,7000,0,0.793383,20000,134875
magpie,density,linear,train,7000,1,0.795421,20000,134875
magpie,density,linear,train,7000,2,0.794127,20000,134875
magpie,density,linear,train,7000,3,0.795515,20000,134875
magpie,density,linear,train,7000,4,0.794958,20000,134875
magpie,density,linear,train,7000,5,0.796334,20000,134875
magpie,density,linear,train,7000,6,0.794076,20000,134875
magpie,density,xgboost,train,10000,0,0.848841,20000,134875
magpie,density,xgboost,train,10000,1,0.851376,20000,134875
magpie,density,xgboost,train,10000,2,0.844099,20000,134875
magpie,density,xgboost,train,10000,3,0.853725,20000,134875
magpie,density,xgboost,train,10000,4,0.859289,20000,134875
magpie,density,xgboost,train,10000,5,0.855376,20000,134875
magpie,density,xgboost,train,10000,6,0.851758,20000,134875
magpie,density,linear,train,10000,0,0.797332,20000,134875
magpie,density,linear,train,10000,1,0.798308,20000,134875
magpie,density,linear,train,10000,2,0.791469,20000,134875
magpie,density,linear,train,10000,3,0.798077,20000,134875
magpie,density,linear,train,10000,4,0.797360,20000,134875
magpie,density,linear,train,10000,5,0.798420,20000,134875
magpie,density,linear,train,10000,6,0.796898,20000,134875
magpie,density,xgboost,train,20000,0,0.862489,20000,134875
magpie,density,xgboost,train,20000,1,0.866015,20000,134875
magpie,density,xgboost,train,20000,2,0.862693,20000,134875
magpie,density,xgboost,train,20000,3,0.853692,20000,134875
magpie,density,xgboost,train,20000,4,0.857144,20000,134875
magpie,density,xgboost,train,20000,5,0.855877,20000,134875
magpie,density,linear,train,20000,0,0.800022,20000,134875
magpie,density,linear,train,20000,1,0.799863,20000,134875
magpie,density,linear,train,20000,2,0.799241,20000,134875
magpie,density,linear,train,20000,3,0.798718,20000,134875
magpie,density,linear,train,20000,4,0.799193,20000,134875
magpie,density,linear,train,20000,5,0.798685,20000,134875
magpie,bulk_modulus,xgboost,train,50,0,0.625274,6426,6427
magpie,bulk_modulus,xgboost,train,50,1,0.502063,6426,6427
magpie,bulk_modulus,xgboost,train,50,2,0.571271,6426,6427
magpie,bulk_modulus,xgboost,train,50,3,0.518853,6426,6427
magpie,bulk_modulus,xgboost,train,50,4,0.391544,6426,6427
magpie,bulk_modulus,xgboost,train,50,5,0.538555,6426,6427
magpie,bulk_modulus,xgboost,train,50,6,0.362250,6426,6427
magpie,bulk_modulus,xgboost,train,50,7,0.432306,6426,6427
magpie,bulk_modulus,xgboost,train,50,8,0.578662,6426,6427
magpie,bulk_modulus,xgboost,train,50,9,0.231010,6426,6427
magpie,bulk_modulus,xgboost,train,50,10,0.631038,6426,6427
magpie,bulk_modulus,xgboost,train,50,11,0.581781,6426,6427
magpie,bulk_modulus,xgboost,train,50,12,0.566443,6426,6427
magpie,bulk_modulus,xgboost,train,50,13,0.539525,6426,6427
magpie,bulk_modulus,xgboost,train,50,14,0.493292,6426,6427
magpie,bulk_modulus,xgboost,train,50,15,0.593397,6426,6427
magpie,bulk_modulus,xgboost,train,50,16,0.583313,6426,6427
magpie,bulk_modulus,xgboost,train,50,17,0.445519,6426,6427
magpie,bulk_modulus,xgboost,train,50,18,0.588415,6426,6427
magpie,bulk_modulus,xgboost,train,50,19,0.454260,6426,6427
magpie,bulk_modulus,xgboost,train,50,20,0.627852,6426,6427
magpie,bulk_modulus,xgboost,train,50,21,0.552983,6426,6427
magpie,bulk_modulus,xgboost,train,50,22,0.684126,6426,6427
magpie,bulk_modulus,xgboost,train,50,23,0.647796,6426,6427
magpie,bulk_modulus,xgboost,train,50,24,0.646998,6426,6427
magpie,bulk_modulus,xgboost,train,50,25,0.656559,6426,6427
magpie,bulk_modulus,xgboost,train,50,26,0.521307,6426,6427
magpie,bulk_modulus,xgboost,train,50,27,0.604903,6426,6427
magpie,bulk_modulus,xgboost,train,50,28,0.608632,6426,6427
magpie,bulk_modulus,xgboost,train,50,29,0.601598,6426,6427
magpie,bulk_modulus,linear,train,50,0,0.409775,6426,6427
magpie,bulk_modulus,linear,train,50,1,-25035.552182,6426,6427
magpie,bulk_modulus,linear,train,50,2,0.415595,6426,6427
magpie,bulk_modulus,linear,train,50,3,0.472690,6426,6427
magpie,bulk_modulus,linear,train,50,4,0.252593,6426,6427
magpie,bulk_modulus,linear,train,50,5,0.523658,6426,6427
magpie,bulk_modulus,linear,train,50,6,-0.167781,6426,6427
magpie,bulk_modulus,linear,train,50,7,0.341480,6426,6427
magpie,bulk_modulus,linear,train,50,8,-164900.133127,6426,6427
magpie,bulk_modulus,linear,train,50,9,0.347062,6426,6427
magpie,bulk_modulus,linear,train,50,10,0.503117,6426,6427
magpie,bulk_modulus,linear,train,50,11,0.396556,6426,6427
magpie,bulk_modulus,linear,train,50,12,-1605787.449581,6426,6427
magpie,bulk_modulus,linear,train,50,13,0.414232,6426,6427
magpie,bulk_modulus,linear,train,50,14,0.119265,6426,6427
magpie,bulk_modulus,linear,train,50,15,-176482.521700,6426,6427
magpie,bulk_modulus,linear,train,50,16,0.544634,6426,6427
magpie,bulk_modulus,linear,train,50,17,0.434165,6426,6427
magpie,bulk_modulus,linear,train,50,18,0.381535,6426,6427
magpie,bulk_modulus,linear,train,50,19,0.168608,6426,6427
magpie,bulk_modulus,linear,train,50,20,0.487877,6426,6427
magpie,bulk_modulus,linear,train,50,21,0.355356,6426,6427
magpie,bulk_modulus,linear,train,50,22,0.507799,6426,6427
magpie,bulk_modulus,linear,train,50,23,-345681.722252,6426,6427
magpie,bulk_modulus,linear,train,50,24,0.507921,6426,6427
magpie,bulk_modulus,linear,train,50,25,-1.251396,6426,6427
magpie,bulk_modulus,linear,train,50,26,-4506771.999515,6426,6427
magpie,bulk_modulus,linear,train,50,27,-41674888.051961,6426,6427
magpie,bulk_modulus,linear,train,50,28,-3374593.345997,6426,6427
magpie,bulk_modulus,linear,train,50,29,0.496658,6426,6427
magpie,bulk_modulus,xgboost,train,100,0,0.675525,6426,6427
magpie,bulk_modulus,xgboost,train,100,1,0.705924,6426,6427
magpie,bulk_modulus,xgboost,train,100,2,0.656279,6426,6427
magpie,bulk_modulus,xgboost,train,100,3,0.548735,6426,6427
magpie,bulk_modulus,xgboost,train,100,4,0.696297,6426,6427
magpie,bulk_modulus,xgboost,train,100,5,0.703348,6426,6427
magpie,bulk_modulus,xgboost,train,100,6,0.631328,6426,6427
magpie,bulk_modulus,xgboost,train,100,7,0.642908,6426,6427
magpie,bulk_modulus,xgboost,train,100,8,0.662999,6426,6427
magpie,bulk_modulus,xgboost,train,100,9,0.705367,6426,6427
magpie,bulk_modulus,xgboost,train,100,10,0.685408,6426,6427
magpie,bulk_modulus,xgboost,train,100,11,0.649465,6426,6427
magpie,bulk_modulus,xgboost,train,100,12,0.655265,6426,6427
magpie,bulk_modulus,xgboost,train,100,13,0.668378,6426,6427
magpie,bulk_modulus,xgboost,train,100,14,0.637123,6426,6427
magpie,bulk_modulus,xgboost,train,100,15,0.597628,6426,6427
magpie,bulk_modulus,xgboost,train,100,16,0.580356,6426,6427
magpie,bulk_modulus,xgboost,train,100,17,0.665193,6426,6427
magpie,bulk_modulus,xgboost,train,100,18,0.471889,6426,6427
magpie,bulk_modulus,xgboost,train,100,19,0.644273,6426,6427
magpie,bulk_modulus,xgboost,train,100,20,0.678422,6426,6427
magpie,bulk_modulus,xgboost,train,100,21,0.609335,6426,6427
magpie,bulk_modulus,xgboost,train,100,22,0.713288,6426,6427
magpie,bulk_modulus,xgboost,train,100,23,0.633531,6426,6427
magpie,bulk_modulus,xgboost,train,100,24,0.584436,6426,6427
magpie,bulk_modulus,xgboost,train,100,25,0.601929,6426,6427
magpie,bulk_modulus,xgboost,train,100,26,0.616306,6426,6427
magpie,bulk_modulus,xgboost,train,100,27,0.622111,6426,6427
magpie,bulk_modulus,xgboost,train,100,28,0.678082,6426,6427
magpie,bulk_modulus,xgboost,train,100,29,0.678896,6426,6427
magpie,bulk_modulus,linear,train,100,0,0.502007,6426,6427
magpie,bulk_modulus,linear,train,100,1,-32343.775539,6426,6427
magpie,bulk_modulus,linear,train,100,2,0.531182,6426,6427
magpie,bulk_modulus,linear,train,100,3,0.440199,6426,6427
magpie,bulk_modulus,linear,train,100,4,-550864.350460,6426,6427
magpie,bulk_modulus,linear,train,100,5,0.581433,6426,6427
magpie,bulk_modulus,linear,train,100,6,0.459788,6426,6427
magpie,bulk_modulus,linear,train,100,7,0.556248,6426,6427
magpie,bulk_modulus,linear,train,100,8,0.544841,6426,6427
magpie,bulk_modulus,linear,train,100,9,0.549343,6426,6427
magpie,bulk_modulus,linear,train,100,10,0.538092,6426,6427
magpie,bulk_modulus,linear,train,100,11,-10.641917,6426,6427
magpie,bulk_modulus,linear,train,100,12,0.321515,6426,6427
magpie,bulk_modulus,linear,train,100,13,-112579.455970,6426,6427
magpie,bulk_modulus,linear,train,100,14,0.569969,6426,6427
magpie,bulk_modulus,linear,train,100,15,0.484117,6426,6427
magpie,bulk_modulus,linear,train,100,16,0.513969,6426,6427
magpie,bulk_modulus,linear,train,100,17,0.525474,6426,6427
magpie,bulk_modulus,linear,train,100,18,0.490393,6426,6427
magpie,bulk_modulus,linear,train,100,19,0.577265,6426,6427
magpie,bulk_modulus,linear,train,100,20,0.539342,6426,6427
magpie,bulk_modulus,linear,train,100,21,-194304.486772,6426,6427
magpie,bulk_modulus,linear,train,100,22,0.531517,6426,6427
magpie,bulk_modulus,linear,train,100,23,0.424831,6426,6427
magpie,bulk_modulus,linear,train,100,24,0.255107,6426,6427
magpie,bulk_modulus,linear,train,100,25,0.511372,6426,6427
magpie,bulk_modulus,linear,train,100,26,-172500082.260387,6426,6427
magpie,bulk_modulus,linear,train,100,27,0.531829,6426,6427
magpie,bulk_modulus,linear,train,100,28,0.512126,6426,6427
magpie,bulk_modulus,linear,train,100,29,0.553592,6426,6427
magpie,bulk_modulus,xgboost,train,200,0,0.756703,6426,6427
magpie,bulk_modulus,xgboost,train,200,1,0.741641,6426,6427
magpie,bulk_modulus,xgboost,train,200,2,0.719472,6426,6427
magpie,bulk_modulus,xgboost,train,200,3,0.722206,6426,6427
magpie,bulk_modulus,xgboost,train,200,4,0.744513,6426,6427
magpie,bulk_modulus,xgboost,train,200,5,0.724331,6426,6427
magpie,bulk_modulus,xgboost,train,200,6,0.734505,6426,6427
magpie,bulk_modulus,xgboost,train,200,7,0.743743,6426,6427
magpie,bulk_modulus,xgboost,train,200,8,0.688495,6426,6427
magpie,bulk_modulus,xgboost,train,200,9,0.725705,6426,6427
magpie,bulk_modulus,xgboost,train,200,10,0.752507,6426,6427
magpie,bulk_modulus,xgboost,train,200,11,0.710924,6426,6427
magpie,bulk_modulus,xgboost,train,200,12,0.725492,6426,6427
magpie,bulk_modulus,xgboost,train,200,13,0.721369,6426,6427
magpie,bulk_modulus,xgboost,train,200,14,0.662288,6426,6427
magpie,bulk_modulus,xgboost,train,200,15,0.702273,6426,6427
magpie,bulk_modulus,xgboost,train,200,16,0.693648,6426,6427
magpie,bulk_modulus,xgboost,train,200,17,0.743547,6426,6427
magpie,bulk_modulus,xgboost,train,200,18,0.750137,6426,6427
magpie,bulk_modulus,xgboost,train,200,19,0.716118,6426,6427
magpie,bulk_modulus,xgboost,train,200,20,0.785912,6426,6427
magpie,bulk_modulus,xgboost,train,200,21,0.763540,6426,6427
magpie,bulk_modulus,xgboost,train,200,22,0.736096,6426,6427
magpie,bulk_modulus,xgboost,train,200,23,0.712712,6426,6427
magpie,bulk_modulus,xgboost,train,200,24,0.717379,6426,6427
magpie,bulk_modulus,xgboost,train,200,25,0.690301,6426,6427
magpie,bulk_modulus,xgboost,train,200,26,0.730904,6426,6427
magpie,bulk_modulus,xgboost,train,200,27,0.727283,6426,6427
magpie,bulk_modulus,xgboost,train,200,28,0.742547,6426,6427
magpie,bulk_modulus,xgboost,train,200,29,0.726840,6426,6427
magpie,bulk_modulus,linear,train,200,0,0.556261,6426,6427
magpie,bulk_modulus,linear,train,200,1,-80634393.229294,6426,6427
magpie,bulk_modulus,linear,train,200,2,0.563082,6426,6427
magpie,bulk_modulus,linear,train,200,3,-0.010651,6426,6427
magpie,bulk_modulus,linear,train,200,4,-228213.536750,6426,6427
magpie,bulk_modulus,linear,train,200,5,0.608253,6426,6427
magpie,bulk_modulus,linear,train,200,6,-332.774217,6426,6427
magpie,bulk_modulus,linear,train,200,7,0.342956,6426,6427
magpie,bulk_modulus,linear,train,200,8,-73.892474,6426,6427
magpie,bulk_modulus,linear,train,200,9,-22123403.616576,6426,6427
magpie,bulk_modulus,linear,train,200,10,0.527859,6426,6427
magpie,bulk_modulus,linear,train,200,11,0.537910,6426,6427
magpie,bulk_modulus,linear,train,200,12,0.594895,6426,6427
magpie,bulk_modulus,linear,train,200,13,0.599332,6426,6427
magpie,bulk_modulus,linear,train,200,14,0.516248,6426,6427
magpie,bulk_modulus,linear,train,200,15,-394210.299254,6426,6427
magpie,bulk_modulus,linear,train,200,16,0.608515,6426,6427
magpie,bulk_modulus,linear,train,200,17,0.566766,6426,6427
magpie,bulk_modulus,linear,train,200,18,0.602115,6426,6427
magpie,bulk_modulus,linear,train,200,19,0.580606,6426,6427
magpie,bulk_modulus,linear,train,200,20,0.595598,6426,6427
magpie,bulk_modulus,linear,train,200,21,-10210.505924,6426,6427
magpie,bulk_modulus,linear,train,200,22,-479623.808573,6426,6427
magpie,bulk_modulus,linear,train,200,23,-1709148.101222,6426,6427
magpie,bulk_modulus,linear,train,200,24,0.559117,6426,6427
magpie,bulk_modulus,linear,train,200,25,0.518223,6426,6427
magpie,bulk_modulus,linear,train,200,26,-2131589.237865,6426,6427
magpie,bulk_modulus,linear,train,200,27,0.599318,6426,6427
magpie,bulk_modulus,linear,train,200,28,0.584396,6426,6427
magpie,bulk_modulus,linear,train,200,29,0.596599,6426,6427
magpie,bulk_modulus,xgboost,train,500,0,0.801116,6426,6427
magpie,bulk_modulus,xgboost,train,500,1,0.767193,6426,6427
magpie,bulk_modulus,xgboost,train,500,2,0.786577,6426,6427
magpie,bulk_modulus,xgboost,train,500,3,0.805375,6426,6427
magpie,bulk_modulus,xgboost,train,500,4,0.754196,6426,6427
magpie,bulk_modulus,xgboost,train,500,5,0.800122,6426,6427
magpie,bulk_modulus,xgboost,train,500,6,0.808689,6426,6427
magpie,bulk_modulus,xgboost,train,500,7,0.795552,6426,6427
magpie,bulk_modulus,xgboost,train,500,8,0.796622,6426,6427
magpie,bulk_modulus,xgboost,train,500,9,0.799639,6426,6427
magpie,bulk_modulus,xgboost,train,500,10,0.785327,6426,6427
magpie,bulk_modulus,xgboost,train,500,11,0.798620,6426,6427
magpie,bulk_modulus,linear,train,500,0,0.674037,6426,6427
magpie,bulk_modulus,linear,train,500,1,0.667623,6426,6427
magpie,bulk_modulus,linear,train,500,2,-271.427025,6426,6427
magpie,bulk_modulus,linear,train,500,3,0.673812,6426,6427
magpie,bulk_modulus,linear,train,500,4,0.585614,6426,6427
magpie,bulk_modulus,linear,train,500,5,0.678388,6426,6427
magpie,bulk_modulus,linear,train,500,6,0.652007,6426,6427
magpie,bulk_modulus,linear,train,500,7,0.670895,6426,6427
magpie,bulk_modulus,linear,train,500,8,-605.271263,6426,6427
magpie,bulk_modulus,linear,train,500,9,0.678172,6426,6427
magpie,bulk_modulus,linear,train,500,10,0.651498,6426,6427
magpie,bulk_modulus,linear,train,500,11,0.655534,6426,6427
magpie,bulk_modulus,xgboost,train,1000,0,0.819300,6426,6427
magpie,bulk_modulus,xgboost,train,1000,1,0.814482,6426,6427
magpie,bulk_modulus,xgboost,train,1000,2,0.828306,6426,6427
magpie,bulk_modulus,xgboost,train,1000,3,0.822015,6426,6427
magpie,bulk_modulus,xgboost,train,1000,4,0.824027,6426,6427
magpie,bulk_modulus,xgboost,train,1000,5,0.825314,6426,6427
magpie,bulk_modulus,linear,train,1000,0,0.689774,6426,6427
magpie,bulk_modulus,linear,train,1000,1,-16420.095228,6426,6427
magpie,bulk_modulus,linear,train,1000,2,0.689760,6426,6427
magpie,bulk_modulus,linear,train,1000,3,0.698082,6426,6427
magpie,bulk_modulus,linear,train,1000,4,0.701866,6426,6427
magpie,bulk_modulus,linear,train,1000,5,0.690283,6426,6427
magpie,bulk_modulus,xgboost,train,2000,0,0.850354,6426,6427
magpie,bulk_modulus,xgboost,train,2000,1,0.850930,6426,6427
magpie,bulk_modulus,xgboost,train,2000,2,0.844304,6426,6427
magpie,bulk_modulus,linear,train,2000,0,0.705164,6426,6427
magpie,bulk_modulus,linear,train,2000,1,0.718642,6426,6427
magpie,bulk_modulus,linear,train,2000,2,0.712057,6426,6427
magpie,bulk_modulus,xgboost,train,5000,0,0.869525,6426,6427
magpie,bulk_modulus,linear,train,5000,0,0.724737,6426,6427
magpie,mag_density,xgboost,train,50,0,0.177454,20000,134875
magpie,mag_density,xgboost,train,50,1,0.051923,20000,134875
magpie,mag_density,xgboost,train,50,2,0.289801,20000,134875
magpie,mag_density,xgboost,train,50,3,0.162999,20000,134875
magpie,mag_density,xgboost,train,50,4,0.156323,20000,134875
magpie,mag_density,xgboost,train,50,5,0.088284,20000,134875
magpie,mag_density,xgboost,train,50,6,0.162715,20000,134875
magpie,mag_density,xgboost,train,50,7,-0.009296,20000,134875
magpie,mag_density,xgboost,train,50,8,0.219306,20000,134875
magpie,mag_density,xgboost,train,50,9,-0.114046,20000,134875
magpie,mag_density,xgboost,train,50,10,0.082835,20000,134875
magpie,mag_density,xgboost,train,50,11,0.107815,20000,134875
magpie,mag_density,xgboost,train,50,12,0.124971,20000,134875
magpie,mag_density,xgboost,train,50,13,0.100524,20000,134875
magpie,mag_density,xgboost,train,50,14,0.309765,20000,134875
magpie,mag_density,xgboost,train,50,15,0.250542,20000,134875
magpie,mag_density,xgboost,train,50,16,0.344461,20000,134875
magpie,mag_density,xgboost,train,50,17,0.028972,20000,134875
magpie,mag_density,xgboost,train,50,18,0.010549,20000,134875
magpie,mag_density,xgboost,train,50,19,0.175347,20000,134875
magpie,mag_density,xgboost,train,50,20,0.206524,20000,134875
magpie,mag_density,xgboost,train,50,21,0.209297,20000,134875
magpie,mag_density,xgboost,train,50,22,0.139320,20000,134875
magpie,mag_density,xgboost,train,50,23,-0.011195,20000,134875
magpie,mag_density,xgboost,train,50,24,-0.288751,20000,134875
magpie,mag_density,xgboost,train,50,25,0.152957,20000,134875
magpie,mag_density,xgboost,train,50,26,-0.424245,20000,134875
magpie,mag_density,xgboost,train,50,27,0.113248,20000,134875
magpie,mag_density,xgboost,train,50,28,-0.049518,20000,134875
magpie,mag_density,xgboost,train,50,29,-0.037195,20000,134875
magpie,mag_density,linear,train,50,0,0.163981,20000,134875
magpie,mag_density,linear,train,50,1,0.092964,20000,134875
magpie,mag_density,linear,train,50,2,0.158375,20000,134875
magpie,mag_density,linear,train,50,3,0.127630,20000,134875
magpie,mag_density,linear,train,50,4,-669.442227,20000,134875
magpie,mag_density,linear,train,50,5,0.131652,20000,134875
magpie,mag_density,linear,train,50,6,0.260550,20000,134875
magpie,mag_density,linear,train,50,7,0.049576,20000,134875
magpie,mag_density,linear,train,50,8,0.175926,20000,134875
magpie,mag_density,linear,train,50,9,-8974059.066647,20000,134875
magpie,mag_density,linear,train,50,10,-2981630.442795,20000,134875
magpie,mag_density,linear,train,50,11,0.033610,20000,134875
magpie,mag_density,linear,train,50,12,0.177458,20000,134875
magpie,mag_density,linear,train,50,13,0.121208,20000,134875
magpie,mag_density,linear,train,50,14,0.121806,20000,134875
magpie,mag_density,linear,train,50,15,0.246094,20000,134875
magpie,mag_density,linear,train,50,16,0.275945,20000,134875
magpie,mag_density,linear,train,50,17,-12172296.952681,20000,134875
magpie,mag_density,linear,train,50,18,0.022352,20000,134875
magpie,mag_density,linear,train,50,19,0.119247,20000,134875
magpie,mag_density,linear,train,50,20,0.042006,20000,134875
magpie,mag_density,linear,train,50,21,0.174268,20000,134875
magpie,mag_density,linear,train,50,22,0.010657,20000,134875
magpie,mag_density,linear,train,50,23,0.097372,20000,134875
magpie,mag_density,linear,train,50,24,0.055893,20000,134875
magpie,mag_density,linear,train,50,25,0.175672,20000,134875
magpie,mag_density,linear,train,50,26,-0.990195,20000,134875
magpie,mag_density,linear,train,50,27,-266122.501844,20000,134875
magpie,mag_density,linear,train,50,28,-3743.953223,20000,134875
magpie,mag_density,linear,train,50,29,-0.258349,20000,134875
magpie,mag_density,xgboost,train,100,0,0.409833,20000,134875
magpie,mag_density,xgboost,train,100,1,0.335059,20000,134875
magpie,mag_density,xgboost,train,100,2,0.331218,20000,134875
magpie,mag_density,xgboost,train,100,3,0.241811,20000,134875
magpie,mag_density,xgboost,train,100,4,0.076275,20000,134875
magpie,mag_density,xgboost,train,100,5,0.274279,20000,134875
magpie,mag_density,xgboost,train,100,6,0.345819,20000,134875
magpie,mag_density,xgboost,train,100,7,0.232237,20000,134875
magpie,mag_density,xgboost,train,100,8,0.406743,20000,134875
magpie,mag_density,xgboost,train,100,9,0.306630,20000,134875
magpie,mag_density,xgboost,train,100,10,0.220851,20000,134875
magpie,mag_density,xgboost,train,100,11,0.251387,20000,134875
magpie,mag_density,xgboost,train,100,12,0.269384,20000,134875
magpie,mag_density,xgboost,train,100,13,0.359008,20000,134875
magpie,mag_density,xgboost,train,100,14,0.348690,20000,134875
magpie,mag_density,xgboost,train,100,15,0.363671,20000,134875
magpie,mag_density,xgboost,train,100,16,0.265911,20000,134875
magpie,mag_density,xgboost,train,100,17,0.011843,20000,134875
magpie,mag_density,xgboost,train,100,18,0.353156,20000,134875
magpie,mag_density,xgboost,train,100,19,0.337566,20000,134875
magpie,mag_density,xgboost,train,100,20,0.364722,20000,134875
magpie,mag_density,xgboost,train,100,21,0.131754,20000,134875
magpie,mag_density,xgboost,train,100,22,0.245739,20000,134875
magpie,mag_density,xgboost,train,100,23,0.132326,20000,134875
magpie,mag_density,xgboost,train,100,24,0.220248,20000,134875
magpie,mag_density,xgboost,train,100,25,0.385869,20000,134875
magpie,mag_density,xgboost,train,100,26,0.398208,20000,134875
magpie,mag_density,xgboost,train,100,27,0.287907,20000,134875
magpie,mag_density,xgboost,train,100,28,0.391875,20000,134875
magpie,mag_density,xgboost,train,100,29,-0.036360,20000,134875
magpie,mag_density,linear,train,100,0,0.293772,20000,134875
magpie,mag_density,linear,train,100,1,-35533.276448,20000,134875
magpie,mag_density,linear,train,100,2,0.140944,20000,134875
magpie,mag_density,linear,train,100,3,0.169066,20000,134875
magpie,mag_density,linear,train,100,4,0.116421,20000,134875
magpie,mag_density,linear,train,100,5,0.195652,20000,134875
magpie,mag_density,linear,train,100,6,-31.810465,20000,134875
magpie,mag_density,linear,train,100,7,0.171560,20000,134875
magpie,mag_density,linear,train,100,8,0.282630,20000,134875
magpie,mag_density,linear,train,100,9,-444017.271922,20000,134875
magpie,mag_density,linear,train,100,10,0.233179,20000,134875
magpie,mag_density,linear,train,100,11,-88917.037497,20000,134875
magpie,mag_density,linear,train,100,12,0.173110,20000,134875
magpie,mag_density,linear,train,100,13,0.254140,20000,134875
magpie,mag_density,linear,train,100,14,0.252819,20000,134875
magpie,mag_density,linear,train,100,15,0.255601,20000,134875
magpie,mag_density,linear,train,100,16,-3487.357403,20000,134875
magpie,mag_density,linear,train,100,17,-85.109624,20000,134875
magpie,mag_density,linear,train,100,18,0.276192,20000,134875
magpie,mag_density,linear,train,100,19,0.233876,20000,134875
magpie,mag_density,linear,train,100,20,-24072.036313,20000,134875
magpie,mag_density,linear,train,100,21,-396900.135334,20000,134875
magpie,mag_density,linear,train,100,22,0.126807,20000,134875
magpie,mag_density,linear,train,100,23,-126417.289396,20000,134875
magpie,mag_density,linear,train,100,24,0.085223,20000,134875
magpie,mag_density,linear,train,100,25,0.306235,20000,134875
magpie,mag_density,linear,train,100,26,0.198010,20000,134875
magpie,mag_density,linear,train,100,27,0.238779,20000,134875
magpie,mag_density,linear,train,100,28,0.158271,20000,134875
magpie,mag_density,linear,train,100,29,0.156865,20000,134875
magpie,mag_density,xgboost,train,200,0,0.365250,20000,134875
magpie,mag_density,xgboost,train,200,1,0.330937,20000,134875
magpie,mag_density,xgboost,train,200,2,0.332360,20000,134875
magpie,mag_density,xgboost,train,200,3,0.514805,20000,134875
magpie,mag_density,xgboost,train,200,4,0.389015,20000,134875
magpie,mag_density,xgboost,train,200,5,0.326928,20000,134875
magpie,mag_density,xgboost,train,200,6,0.393447,20000,134875
magpie,mag_density,xgboost,train,200,7,0.428237,20000,134875
magpie,mag_density,xgboost,train,200,8,0.433270,20000,134875
magpie,mag_density,xgboost,train,200,9,0.452234,20000,134875
magpie,mag_density,xgboost,train,200,10,0.418399,20000,134875
magpie,mag_density,xgboost,train,200,11,0.425911,20000,134875
magpie,mag_density,xgboost,train,200,12,0.427999,20000,134875
magpie,mag_density,xgboost,train,200,13,0.453149,20000,134875
magpie,mag_density,xgboost,train,200,14,0.405682,20000,134875
magpie,mag_density,xgboost,train,200,15,0.432731,20000,134875
magpie,mag_density,xgboost,train,200,16,0.548062,20000,134875
magpie,mag_density,xgboost,train,200,17,0.431658,20000,134875
magpie,mag_density,xgboost,train,200,18,0.334719,20000,134875
magpie,mag_density,xgboost,train,200,19,0.454874,20000,134875
magpie,mag_density,xgboost,train,200,20,0.476166,20000,134875
magpie,mag_density,xgboost,train,200,21,0.338851,20000,134875
magpie,mag_density,xgboost,train,200,22,0.409849,20000,134875
magpie,mag_density,xgboost,train,200,23,0.323206,20000,134875
magpie,mag_density,xgboost,train,200,24,0.469906,20000,134875
magpie,mag_density,xgboost,train,200,25,0.483287,20000,134875
magpie,mag_density,xgboost,train,200,26,0.488449,20000,134875
magpie,mag_density,xgboost,train,200,27,0.502479,20000,134875
magpie,mag_density,xgboost,train,200,28,0.406581,20000,134875
magpie,mag_density,xgboost,train,200,29,0.521166,20000,134875
magpie,mag_density,linear,train,200,0,0.306766,20000,134875
magpie,mag_density,linear,train,200,1,0.316510,20000,134875
magpie,mag_density,linear,train,200,2,0.238577,20000,134875
magpie,mag_density,linear,train,200,3,0.319838,20000,134875
magpie,mag_density,linear,train,200,4,0.275651,20000,134875
magpie,mag_density,linear,train,200,5,0.151613,20000,134875
magpie,mag_density,linear,train,200,6,-0.564071,20000,134875
magpie,mag_density,linear,train,200,7,0.211615,20000,134875
magpie,mag_density,linear,train,200,8,0.221434,20000,134875
magpie,mag_density,linear,train,200,9,-0.000664,20000,134875
magpie,mag_density,linear,train,200,10,0.254372,20000,134875
magpie,mag_density,linear,train,200,11,0.274713,20000,134875
magpie,mag_density,linear,train,200,12,0.151387,20000,134875
magpie,mag_density,linear,train,200,13,0.246327,20000,134875
magpie,mag_density,linear,train,200,14,-826009.864299,20000,134875
magpie,mag_density,linear,train,200,15,0.269785,20000,134875
magpie,mag_density,linear,train,200,16,0.218163,20000,134875
magpie,mag_density,linear,train,200,17,0.309589,20000,134875
magpie,mag_density,linear,train,200,18,0.251359,20000,134875
magpie,mag_density,linear,train,200,19,0.217716,20000,134875
magpie,mag_density,linear,train,200,20,0.224831,20000,134875
magpie,mag_density,linear,train,200,21,0.262694,20000,134875
magpie,mag_density,linear,train,200,22,0.306437,20000,134875
magpie,mag_density,linear,train,200,23,0.188593,20000,134875
magpie,mag_density,linear,train,200,24,0.304152,20000,134875
magpie,mag_density,linear,train,200,25,0.229590,20000,134875
magpie,mag_density,linear,train,200,26,-50646.981372,20000,134875
magpie,mag_density,linear,train,200,27,0.292527,20000,134875
magpie,mag_density,linear,train,200,28,-4304.357712,20000,134875
magpie,mag_density,linear,train,200,29,-1834905.101169,20000,134875
magpie,mag_density,xgboost,train,500,0,0.543393,20000,134875
magpie,mag_density,xgboost,train,500,1,0.399844,20000,134875
magpie,mag_density,xgboost,train,500,2,0.532587,20000,134875
magpie,mag_density,xgboost,train,500,3,0.589580,20000,134875
magpie,mag_density,xgboost,train,500,4,0.605119,20000,134875
magpie,mag_density,xgboost,train,500,5,0.526401,20000,134875
magpie,mag_density,xgboost,train,500,6,0.611918,20000,134875
magpie,mag_density,xgboost,train,500,7,0.584159,20000,134875
magpie,mag_density,xgboost,train,500,8,0.553010,20000,134875
magpie,mag_density,xgboost,train,500,9,0.570226,20000,134875
magpie,mag_density,xgboost,train,500,10,0.578348,20000,134875
magpie,mag_density,xgboost,train,500,11,0.572658,20000,134875
magpie,mag_density,xgboost,train,500,12,0.542533,20000,134875
magpie,mag_density,xgboost,train,500,13,0.501195,20000,134875
magpie,mag_density,xgboost,train,500,14,0.601768,20000,134875
magpie,mag_density,xgboost,train,500,15,0.574431,20000,134875
magpie,mag_density,xgboost,train,500,16,0.616369,20000,134875
magpie,mag_density,xgboost,train,500,17,0.580871,20000,134875
magpie,mag_density,xgboost,train,500,18,0.604941,20000,134875
magpie,mag_density,xgboost,train,500,19,0.536678,20000,134875
magpie,mag_density,xgboost,train,500,20,0.579813,20000,134875
magpie,mag_density,xgboost,train,500,21,0.573166,20000,134875
magpie,mag_density,xgboost,train,500,22,0.560905,20000,134875
magpie,mag_density,xgboost,train,500,23,0.495698,20000,134875
magpie,mag_density,xgboost,train,500,24,0.579355,20000,134875
magpie,mag_density,xgboost,train,500,25,0.573645,20000,134875
magpie,mag_density,xgboost,train,500,26,0.516877,20000,134875
magpie,mag_density,xgboost,train,500,27,0.615772,20000,134875
magpie,mag_density,xgboost,train,500,28,0.557938,20000,134875
magpie,mag_density,xgboost,train,500,29,0.612510,20000,134875
magpie,mag_density,linear,train,500,0,-174.567331,20000,134875
magpie,mag_density,linear,train,500,1,0.294284,20000,134875
magpie,mag_density,linear,train,500,2,0.345903,20000,134875
magpie,mag_density,linear,train,500,3,0.325478,20000,134875
magpie,mag_density,linear,train,500,4,-3.632469,20000,134875
magpie,mag_density,linear,train,500,5,0.323870,20000,134875
magpie,mag_density,linear,train,500,6,-24.888074,20000,134875
magpie,mag_density,linear,train,500,7,0.346085,20000,134875
magpie,mag_density,linear,train,500,8,0.308654,20000,134875
magpie,mag_density,linear,train,500,9,0.333511,20000,134875
magpie,mag_density,linear,train,500,10,0.335892,20000,134875
magpie,mag_density,linear,train,500,11,0.323451,20000,134875
magpie,mag_density,linear,train,500,12,-2054062.125715,20000,134875
magpie,mag_density,linear,train,500,13,0.111517,20000,134875
magpie,mag_density,linear,train,500,14,0.319421,20000,134875
magpie,mag_density,linear,train,500,15,-270989.372628,20000,134875
magpie,mag_density,linear,train,500,16,0.311726,20000,134875
magpie,mag_density,linear,train,500,17,0.342406,20000,134875
magpie,mag_density,linear,train,500,18,0.338212,20000,134875
magpie,mag_density,linear,train,500,19,0.297491,20000,134875
magpie,mag_density,linear,train,500,20,0.326054,20000,134875
magpie,mag_density,linear,train,500,21,-85507.902928,20000,134875
magpie,mag_density,linear,train,500,22,0.331179,20000,134875
magpie,mag_density,linear,train,500,23,0.328344,20000,134875
magpie,mag_density,linear,train,500,24,0.335149,20000,134875
magpie,mag_density,linear,train,500,25,0.116130,20000,134875
magpie,mag_density,linear,train,500,26,-100692.982053,20000,134875
magpie,mag_density,linear,train,500,27,0.289789,20000,134875
magpie,mag_density,linear,train,500,28,0.272525,20000,134875
magpie,mag_density,linear,train,500,29,0.303114,20000,134875
magpie,mag_density,xgboost,train,1000,0,0.645853,20000,134875
magpie,mag_density,xgboost,train,1000,1,0.633898,20000,134875
magpie,mag_density,xgboost,train,1000,2,0.649121,20000,134875
magpie,mag_density,xgboost,train,1000,3,0.660851,20000,134875
magpie,mag_density,xgboost,train,1000,4,0.631812,20000,134875
magpie,mag_density,xgboost,train,1000,5,0.633506,20000,134875
magpie,mag_density,xgboost,train,1000,6,0.578622,20000,134875
magpie,mag_density,xgboost,train,1000,7,0.646419,20000,134875
magpie,mag_density,xgboost,train,1000,8,0.636027,20000,134875
magpie,mag_density,xgboost,train,1000,9,0.623615,20000,134875
magpie,mag_density,xgboost,train,1000,10,0.648603,20000,134875
magpie,mag_density,xgboost,train,1000,11,0.637094,20000,134875
magpie,mag_density,xgboost,train,1000,12,0.671443,20000,134875
magpie,mag_density,xgboost,train,1000,13,0.618848,20000,134875
magpie,mag_density,xgboost,train,1000,14,0.630272,20000,134875
magpie,mag_density,xgboost,train,1000,15,0.612964,20000,134875
magpie,mag_density,xgboost,train,1000,16,0.653965,20000,134875
magpie,mag_density,xgboost,train,1000,17,0.663916,20000,134875
magpie,mag_density,xgboost,train,1000,18,0.607564,20000,134875
magpie,mag_density,xgboost,train,1000,19,0.641992,20000,134875
magpie,mag_density,xgboost,train,1000,20,0.674557,20000,134875
magpie,mag_density,xgboost,train,1000,21,0.592611,20000,134875
magpie,mag_density,xgboost,train,1000,22,0.654690,20000,134875
magpie,mag_density,xgboost,train,1000,23,0.659125,20000,134875
magpie,mag_density,xgboost,train,1000,24,0.654139,20000,134875
magpie,mag_density,xgboost,train,1000,25,0.617815,20000,134875
magpie,mag_density,xgboost,train,1000,26,0.608688,20000,134875
magpie,mag_density,xgboost,train,1000,27,0.583169,20000,134875
magpie,mag_density,xgboost,train,1000,28,0.666930,20000,134875
magpie,mag_density,xgboost,train,1000,29,0.639571,20000,134875
magpie,mag_density,linear,train,1000,0,0.364409,20000,134875
magpie,mag_density,linear,train,1000,1,0.347952,20000,134875
magpie,mag_density,linear,train,1000,2,0.357335,20000,134875
magpie,mag_density,linear,train,1000,3,-3744.096116,20000,134875
magpie,mag_density,linear,train,1000,4,-29665.293443,20000,134875
magpie,mag_density,linear,train,1000,5,-440317.259364,20000,134875
magpie,mag_density,linear,train,1000,6,0.354719,20000,134875
magpie,mag_density,linear,train,1000,7,-73.244002,20000,134875
magpie,mag_density,linear,train,1000,8,-8514254.453341,20000,134875
magpie,mag_density,linear,train,1000,9,0.365356,20000,134875
magpie,mag_density,linear,train,1000,10,0.332221,20000,134875
magpie,mag_density,linear,train,1000,11,-43.283820,20000,134875
magpie,mag_density,linear,train,1000,12,0.373942,20000,134875
magpie,mag_density,linear,train,1000,13,-187100.641713,20000,134875
magpie,mag_density,linear,train,1000,14,0.359631,20000,134875
magpie,mag_density,linear,train,1000,15,0.373602,20000,134875
magpie,mag_density,linear,train,1000,16,-1932956.968616,20000,134875
magpie,mag_density,linear,train,1000,17,0.379148,20000,134875
magpie,mag_density,linear,train,1000,18,0.369511,20000,134875
magpie,mag_density,linear,train,1000,19,0.322567,20000,134875
magpie,mag_density,linear,train,1000,20,0.358524,20000,134875
magpie,mag_density,linear,train,1000,21,0.327972,20000,134875
magpie,mag_density,linear,train,1000,22,0.353486,20000,134875
magpie,mag_density,linear,train,1000,23,0.238832,20000,134875
magpie,mag_density,linear,train,1000,24,0.366073,20000,134875
magpie,mag_density,linear,train,1000,25,0.356212,20000,134875
magpie,mag_density,linear,train,1000,26,0.340293,20000,134875
magpie,mag_density,linear,train,1000,27,-817030.812541,20000,134875
magpie,mag_density,linear,train,1000,28,-379.385263,20000,134875
magpie,mag_density,linear,train,1000,29,0.373436,20000,134875
magpie,mag_density,xgboost,train,2000,0,0.701200,20000,134875
magpie,mag_density,xgboost,train,2000,1,0.680250,20000,134875
magpie,mag_density,xgboost,train,2000,2,0.680832,20000,134875
magpie,mag_density,xgboost,train,2000,3,0.700212,20000,134875
magpie,mag_density,xgboost,train,2000,4,0.697170,20000,134875
magpie,mag_density,xgboost,train,2000,5,0.685467,20000,134875
magpie,mag_density,xgboost,train,2000,6,0.666897,20000,134875
magpie,mag_density,xgboost,train,2000,7,0.684628,20000,134875
magpie,mag_density,xgboost,train,2000,8,0.688081,20000,134875
magpie,mag_density,xgboost,train,2000,9,0.691340,20000,134875
magpie,mag_density,xgboost,train,2000,10,0.711319,20000,134875
magpie,mag_density,xgboost,train,2000,11,0.696324,20000,134875
magpie,mag_density,xgboost,train,2000,12,0.702937,20000,134875
magpie,mag_density,xgboost,train,2000,13,0.702899,20000,134875
magpie,mag_density,xgboost,train,2000,14,0.693334,20000,134875
magpie,mag_density,xgboost,train,2000,15,0.688162,20000,134875
magpie,mag_density,xgboost,train,2000,16,0.684459,20000,134875
magpie,mag_density,xgboost,train,2000,17,0.679867,20000,134875
magpie,mag_density,xgboost,train,2000,18,0.678555,20000,134875
magpie,mag_density,xgboost,train,2000,19,0.705919,20000,134875
magpie,mag_density,xgboost,train,2000,20,0.693478,20000,134875
magpie,mag_density,xgboost,train,2000,21,0.707879,20000,134875
magpie,mag_density,xgboost,train,2000,22,0.684649,20000,134875
magpie,mag_density,xgboost,train,2000,23,0.691025,20000,134875
magpie,mag_density,xgboost,train,2000,24,0.696559,20000,134875
magpie,mag_density,xgboost,train,2000,25,0.688027,20000,134875
magpie,mag_density,xgboost,train,2000,26,0.703610,20000,134875
magpie,mag_density,xgboost,train,2000,27,0.683555,20000,134875
magpie,mag_density,xgboost,train,2000,28,0.684012,20000,134875
magpie,mag_density,xgboost,train,2000,29,0.681564,20000,134875
magpie,mag_density,linear,train,2000,0,0.380538,20000,134875
magpie,mag_density,linear,train,2000,1,0.378471,20000,134875
magpie,mag_density,linear,train,2000,2,0.390415,20000,134875
magpie,mag_density,linear,train,2000,3,0.374694,20000,134875
magpie,mag_density,linear,train,2000,4,-3.619557,20000,134875
magpie,mag_density,linear,train,2000,5,0.386563,20000,134875
magpie,mag_density,linear,train,2000,6,-483978.483159,20000,134875
magpie,mag_density,linear,train,2000,7,0.332454,20000,134875
magpie,mag_density,linear,train,2000,8,0.388431,20000,134875
magpie,mag_density,linear,train,2000,9,0.398492,20000,134875
magpie,mag_density,linear,train,2000,10,0.380848,20000,134875
magpie,mag_density,linear,train,2000,11,0.373278,20000,134875
magpie,mag_density,linear,train,2000,12,0.390739,20000,134875
magpie,mag_density,linear,train,2000,13,0.384545,20000,134875
magpie,mag_density,linear,train,2000,14,0.388168,20000,134875
magpie,mag_density,linear,train,2000,15,-404439.097696,20000,134875
magpie,mag_density,linear,train,2000,16,0.404653,20000,134875
magpie,mag_density,linear,train,2000,17,-9.779022,20000,134875
magpie,mag_density,linear,train,2000,18,0.400407,20000,134875
magpie,mag_density,linear,train,2000,19,0.388550,20000,134875
magpie,mag_density,linear,train,2000,20,0.379749,20000,134875
magpie,mag_density,linear,train,2000,21,0.384093,20000,134875
magpie,mag_density,linear,train,2000,22,0.392964,20000,134875
magpie,mag_density,linear,train,2000,23,-221394.351733,20000,134875
magpie,mag_density,linear,train,2000,24,0.387480,20000,134875
magpie,mag_density,linear,train,2000,25,-56289.040219,20000,134875
magpie,mag_density,linear,train,2000,26,0.368572,20000,134875
magpie,mag_density,linear,train,2000,27,-35.019905,20000,134875
magpie,mag_density,linear,train,2000,28,-10443439.714836,20000,134875
magpie,mag_density,linear,train,2000,29,-17892999.948061,20000,134875
magpie,mag_density,xgboost,train,5000,0,0.743006,20000,134875
magpie,mag_density,xgboost,train,5000,1,0.745910,20000,134875
magpie,mag_density,xgboost,train,5000,2,0.753736,20000,134875
magpie,mag_density,xgboost,train,5000,3,0.728645,20000,134875
magpie,mag_density,xgboost,train,5000,4,0.733281,20000,134875
magpie,mag_density,xgboost,train,5000,5,0.730968,20000,134875
magpie,mag_density,xgboost,train,5000,6,0.727037,20000,134875
magpie,mag_density,xgboost,train,5000,7,0.740060,20000,134875
magpie,mag_density,xgboost,train,5000,8,0.726646,20000,134875
magpie,mag_density,xgboost,train,5000,9,0.742385,20000,134875
magpie,mag_density,linear,train,5000,0,0.419614,20000,134875
magpie,mag_density,linear,train,5000,1,0.407347,20000,134875
magpie,mag_density,linear,train,5000,2,0.407612,20000,134875
magpie,mag_density,linear,train,5000,3,0.347502,20000,134875
magpie,mag_density,linear,train,5000,4,0.416541,20000,134875
magpie,mag_density,linear,train,5000,5,0.414311,20000,134875
magpie,mag_density,linear,train,5000,6,0.405751,20000,134875
magpie,mag_density,linear,train,5000,7,0.416176,20000,134875
magpie,mag_density,linear,train,5000,8,0.415858,20000,134875
magpie,mag_density,linear,train,5000,9,0.416735,20000,134875
magpie,mag_density,xgboost,train,7000,0,0.748735,20000,134875
magpie,mag_density,xgboost,train,7000,1,0.757586,20000,134875
magpie,mag_density,xgboost,train,7000,2,0.748614,20000,134875
magpie,mag_density,xgboost,train,7000,3,0.752681,20000,134875
magpie,mag_density,xgboost,train,7000,4,0.736517,20000,134875
magpie,mag_density,xgboost,train,7000,5,0.749538,20000,134875
magpie,mag_density,xgboost,train,7000,6,0.750878,20000,134875
magpie,mag_density,linear,train,7000,0,0.420551,20000,134875
magpie,mag_density,linear,train,7000,1,0.417255,20000,134875
magpie,mag_density,linear,train,7000,2,0.415866,20000,134875
magpie,mag_density,linear,train,7000,3,0.419545,20000,134875
magpie,mag_density,linear,train,7000,4,0.420830,20000,134875
magpie,mag_density,linear,train,7000,5,-6.738019,20000,134875
magpie,mag_density,linear,train,7000,6,0.421172,20000,134875
magpie,mag_density,xgboost,train,10000,0,0.764107,20000,134875
magpie,mag_density,xgboost,train,10000,1,0.760879,20000,134875
magpie,mag_density,xgboost,train,10000,2,0.760454,20000,134875
magpie,mag_density,xgboost,train,10000,3,0.759864,20000,134875
magpie,mag_density,xgboost,train,10000,4,0.770708,20000,134875
magpie,mag_density,xgboost,train,10000,5,0.761610,20000,134875
magpie,mag_density,xgboost,train,10000,6,0.755322,20000,134875
magpie,mag_density,linear,train,10000,0,0.422814,20000,134875
magpie,mag_density,linear,train,10000,1,0.420028,20000,134875
magpie,mag_density,linear,train,10000,2,0.420984,20000,134875
magpie,mag_density,linear,train,10000,3,0.416364,20000,134875
magpie,mag_density,linear,train,10000,4,0.420361,20000,134875
magpie,mag_density,linear,train,10000,5,0.422040,20000,134875
magpie,mag_density,linear,train,10000,6,0.415993,20000,134875
magpie,mag_density,xgboost,train,20000,0,0.782114,20000,134875
magpie,mag_density,xgboost,train,20000,1,0.774207,20000,134875
magpie,mag_density,xgboost,train,20000,2,0.785613,20000,134875
magpie,mag_density,xgboost,train,20000,3,0.787745,20000,134875
magpie,mag_density,xgboost,train,20000,4,0.779902,20000,134875
magpie,mag_density,xgboost,train,20000,5,0.783092,20000,134875
magpie,mag_density,linear,train,20000,0,0.423841,20000,134875
magpie,mag_density,linear,train,20000,1,0.422930,20000,134875
magpie,mag_density,linear,train,20000,2,0.425183,20000,134875
magpie,mag_density,linear,train,20000,3,0.424700,20000,134875
magpie,mag_density,linear,train,20000,4,0.424590,20000,134875
magpie,mag_density,linear,train,20000,5,0.426632,20000,134875
magpie,crystal_system,xgboost,train,50,0,0.203376,20000,134875
magpie,crystal_system,xgboost,train,50,1,0.221414,20000,134875
magpie,crystal_system,xgboost,train,50,2,0.200644,20000,134875
magpie,crystal_system,xgboost,train,50,3,0.208594,20000,134875
magpie,crystal_system,xgboost,train,50,4,0.190571,20000,134875
magpie,crystal_system,xgboost,train,50,5,0.201314,20000,134875
magpie,crystal_system,xgboost,train,50,6,0.200249,20000,134875
magpie,crystal_system,xgboost,train,50,7,0.175354,20000,134875
magpie,crystal_system,xgboost,train,50,8,0.197518,20000,134875
magpie,crystal_system,xgboost,train,50,9,0.210233,20000,134875
magpie,crystal_system,xgboost,train,50,10,0.190786,20000,134875
magpie,crystal_system,xgboost,train,50,11,0.210339,20000,134875
magpie,crystal_system,xgboost,train,50,12,0.199956,20000,134875
magpie,crystal_system,xgboost,train,50,13,0.197746,20000,134875
magpie,crystal_system,xgboost,train,50,14,0.214753,20000,134875
magpie,crystal_system,xgboost,train,50,15,0.224227,20000,134875
magpie,crystal_system,xgboost,train,50,16,0.221987,20000,134875
magpie,crystal_system,xgboost,train,50,17,0.189907,20000,134875
magpie,crystal_system,xgboost,train,50,18,0.208850,20000,134875
magpie,crystal_system,xgboost,train,50,19,0.201501,20000,134875
magpie,crystal_system,xgboost,train,50,20,0.225660,20000,134875
magpie,crystal_system,xgboost,train,50,21,0.169793,20000,134875
magpie,crystal_system,xgboost,train,50,22,0.216927,20000,134875
magpie,crystal_system,xgboost,train,50,23,0.215751,20000,134875
magpie,crystal_system,xgboost,train,50,24,0.214036,20000,134875
magpie,crystal_system,xgboost,train,50,25,0.222540,20000,134875
magpie,crystal_system,xgboost,train,50,26,0.207601,20000,134875
magpie,crystal_system,xgboost,train,50,27,0.186013,20000,134875
magpie,crystal_system,xgboost,train,50,28,0.195147,20000,134875
magpie,crystal_system,xgboost,train,50,29,0.203438,20000,134875
magpie,crystal_system,linear,train,50,0,0.196888,20000,134875
magpie,crystal_system,linear,train,50,1,0.224667,20000,134875
magpie,crystal_system,linear,train,50,2,0.209953,20000,134875
magpie,crystal_system,linear,train,50,3,0.182066,20000,134875
magpie,crystal_system,linear,train,50,4,0.192456,20000,134875
magpie,crystal_system,linear,train,50,5,0.184098,20000,134875
magpie,crystal_system,linear,train,50,6,0.190295,20000,134875
magpie,crystal_system,linear,train,50,7,0.182694,20000,134875
magpie,crystal_system,linear,train,50,8,0.185865,20000,134875
magpie,crystal_system,linear,train,50,9,0.202889,20000,134875
magpie,crystal_system,linear,train,50,10,0.194446,20000,134875
magpie,crystal_system,linear,train,50,11,0.202467,20000,134875
magpie,crystal_system,linear,train,50,12,0.189385,20000,134875
magpie,crystal_system,linear,train,50,13,0.189882,20000,134875
magpie,crystal_system,linear,train,50,14,0.217710,20000,134875
magpie,crystal_system,linear,train,50,15,0.191839,20000,134875
magpie,crystal_system,linear,train,50,16,0.208394,20000,134875
magpie,crystal_system,linear,train,50,17,0.169479,20000,134875
magpie,crystal_system,linear,train,50,18,0.202967,20000,134875
magpie,crystal_system,linear,train,50,19,0.192580,20000,134875
magpie,crystal_system,linear,train,50,20,0.214252,20000,134875
magpie,crystal_system,linear,train,50,21,0.177389,20000,134875
magpie,crystal_system,linear,train,50,22,0.198578,20000,134875
magpie,crystal_system,linear,train,50,23,0.201399,20000,134875
magpie,crystal_system,linear,train,50,24,0.208385,20000,134875
magpie,crystal_system,linear,train,50,25,0.205573,20000,134875
magpie,crystal_system,linear,train,50,26,0.193435,20000,134875
magpie,crystal_system,linear,train,50,27,0.194190,20000,134875
magpie,crystal_system,linear,train,50,28,0.173771,20000,134875
magpie,crystal_system,linear,train,50,29,0.175522,20000,134875
magpie,crystal_system,xgboost,train,100,0,0.213107,20000,134875
magpie,crystal_system,xgboost,train,100,1,0.218341,20000,134875
magpie,crystal_system,xgboost,train,100,2,0.230104,20000,134875
magpie,crystal_system,xgboost,train,100,3,0.251531,20000,134875
magpie,crystal_system,xgboost,train,100,4,0.238083,20000,134875
magpie,crystal_system,xgboost,train,100,5,0.240878,20000,134875
magpie,crystal_system,xgboost,train,100,6,0.211109,20000,134875
magpie,crystal_system,xgboost,train,100,7,0.198610,20000,134875
magpie,crystal_system,xgboost,train,100,8,0.263656,20000,134875
magpie,crystal_system,xgboost,train,100,9,0.221412,20000,134875
magpie,crystal_system,xgboost,train,100,10,0.226523,20000,134875
magpie,crystal_system,xgboost,train,100,11,0.220060,20000,134875
magpie,crystal_system,xgboost,train,100,12,0.256987,20000,134875
magpie,crystal_system,xgboost,train,100,13,0.213003,20000,134875
magpie,crystal_system,xgboost,train,100,14,0.254516,20000,134875
magpie,crystal_system,xgboost,train,100,15,0.217432,20000,134875
magpie,crystal_system,xgboost,train,100,16,0.213395,20000,134875
magpie,crystal_system,xgboost,train,100,17,0.200784,20000,134875
magpie,crystal_system,xgboost,train,100,18,0.209099,20000,134875
magpie,crystal_system,xgboost,train,100,19,0.222843,20000,134875
magpie,crystal_system,xgboost,train,100,20,0.242362,20000,134875
magpie,crystal_system,xgboost,train,100,21,0.217153,20000,134875
magpie,crystal_system,xgboost,train,100,22,0.203121,20000,134875
magpie,crystal_system,xgboost,train,100,23,0.231697,20000,134875
magpie,crystal_system,xgboost,train,100,24,0.224460,20000,134875
magpie,crystal_system,xgboost,train,100,25,0.229907,20000,134875
magpie,crystal_system,xgboost,train,100,26,0.234693,20000,134875
magpie,crystal_system,xgboost,train,100,27,0.197617,20000,134875
magpie,crystal_system,xgboost,train,100,28,0.213045,20000,134875
magpie,crystal_system,xgboost,train,100,29,0.229599,20000,134875
magpie,crystal_system,linear,train,100,0,0.205029,20000,134875
magpie,crystal_system,linear,train,100,1,0.214065,20000,134875
magpie,crystal_system,linear,train,100,2,0.208178,20000,134875
magpie,crystal_system,linear,train,100,3,0.223263,20000,134875
magpie,crystal_system,linear,train,100,4,0.225990,20000,134875
magpie,crystal_system,linear,train,100,5,0.222626,20000,134875
magpie,crystal_system,linear,train,100,6,0.199785,20000,134875
magpie,crystal_system,linear,train,100,7,0.183345,20000,134875
magpie,crystal_system,linear,train,100,8,0.239433,20000,134875
magpie,crystal_system,linear,train,100,9,0.218327,20000,134875
magpie,crystal_system,linear,train,100,10,0.188746,20000,134875
magpie,crystal_system,linear,train,100,11,0.209774,20000,134875
magpie,crystal_system,linear,train,100,12,0.245632,20000,134875
magpie,crystal_system,linear,train,100,13,0.199868,20000,134875
magpie,crystal_system,linear,train,100,14,0.234262,20000,134875
magpie,crystal_system,linear,train,100,15,0.208968,20000,134875
magpie,crystal_system,linear,train,100,16,0.204039,20000,134875
magpie,crystal_system,linear,train,100,17,0.206197,20000,134875
magpie,crystal_system,linear,train,100,18,0.211575,20000,134875
magpie,crystal_system,linear,train,100,19,0.207232,20000,134875
magpie,crystal_system,linear,train,100,20,0.213391,20000,134875
magpie,crystal_system,linear,train,100,21,0.222693,20000,134875
magpie,crystal_system,linear,train,100,22,0.212162,20000,134875
magpie,crystal_system,linear,train,100,23,0.223270,20000,134875
magpie,crystal_system,linear,train,100,24,0.199907,20000,134875
magpie,crystal_system,linear,train,100,25,0.214590,20000,134875
magpie,crystal_system,linear,train,100,26,0.225429,20000,134875
magpie,crystal_system,linear,train,100,27,0.175078,20000,134875
magpie,crystal_system,linear,train,100,28,0.210396,20000,134875
magpie,crystal_system,linear,train,100,29,0.210910,20000,134875
magpie,crystal_system,xgboost,train,200,0,0.263767,20000,134875
magpie,crystal_system,xgboost,train,200,1,0.278648,20000,134875
magpie,crystal_system,xgboost,train,200,2,0.258761,20000,134875
magpie,crystal_system,xgboost,train,200,3,0.271578,20000,134875
magpie,crystal_system,xgboost,train,200,4,0.258584,20000,134875
magpie,crystal_system,xgboost,train,200,5,0.261047,20000,134875
magpie,crystal_system,xgboost,train,200,6,0.249699,20000,134875
magpie,crystal_system,xgboost,train,200,7,0.244216,20000,134875
magpie,crystal_system,xgboost,train,200,8,0.271279,20000,134875
magpie,crystal_system,xgboost,train,200,9,0.277707,20000,134875
magpie,crystal_system,xgboost,train,200,10,0.252607,20000,134875
magpie,crystal_system,xgboost,train,200,11,0.271188,20000,134875
magpie,crystal_system,xgboost,train,200,12,0.288521,20000,134875
magpie,crystal_system,xgboost,train,200,13,0.251222,20000,134875
magpie,crystal_system,xgboost,train,200,14,0.253415,20000,134875
magpie,crystal_system,xgboost,train,200,15,0.269198,20000,134875
magpie,crystal_system,xgboost,train,200,16,0.251835,20000,134875
magpie,crystal_system,xgboost,train,200,17,0.276988,20000,134875
magpie,crystal_system,xgboost,train,200,18,0.231626,20000,134875
magpie,crystal_system,xgboost,train,200,19,0.262741,20000,134875
magpie,crystal_system,xgboost,train,200,20,0.249526,20000,134875
magpie,crystal_system,xgboost,train,200,21,0.244984,20000,134875
magpie,crystal_system,xgboost,train,200,22,0.273704,20000,134875
magpie,crystal_system,xgboost,train,200,23,0.254308,20000,134875
magpie,crystal_system,xgboost,train,200,24,0.264334,20000,134875
magpie,crystal_system,xgboost,train,200,25,0.252645,20000,134875
magpie,crystal_system,xgboost,train,200,26,0.247586,20000,134875
magpie,crystal_system,xgboost,train,200,27,0.251004,20000,134875
magpie,crystal_system,xgboost,train,200,28,0.249614,20000,134875
magpie,crystal_system,xgboost,train,200,29,0.264309,20000,134875
magpie,crystal_system,linear,train,200,0,0.239599,20000,134875
magpie,crystal_system,linear,train,200,1,0.236821,20000,134875
magpie,crystal_system,linear,train,200,2,0.230367,20000,134875
magpie,crystal_system,linear,train,200,3,0.245348,20000,134875
magpie,crystal_system,linear,train,200,4,0.251592,20000,134875
magpie,crystal_system,linear,train,200,5,0.243751,20000,134875
magpie,crystal_system,linear,train,200,6,0.216584,20000,134875
magpie,crystal_system,linear,train,200,7,0.226145,20000,134875
magpie,crystal_system,linear,train,200,8,0.248640,20000,134875
magpie,crystal_system,linear,train,200,9,0.236840,20000,134875
magpie,crystal_system,linear,train,200,10,0.248080,20000,134875
magpie,crystal_system,linear,train,200,11,0.251929,20000,134875
magpie,crystal_system,linear,train,200,12,0.257740,20000,134875
magpie,crystal_system,linear,train,200,13,0.231124,20000,134875
magpie,crystal_system,linear,train,200,14,0.219151,20000,134875
magpie,crystal_system,linear,train,200,15,0.229957,20000,134875
magpie,crystal_system,linear,train,200,16,0.222851,20000,134875
magpie,crystal_system,linear,train,200,17,0.240927,20000,134875
magpie,crystal_system,linear,train,200,18,0.212449,20000,134875
magpie,crystal_system,linear,train,200,19,0.222713,20000,134875
magpie,crystal_system,linear,train,200,20,0.213936,20000,134875
magpie,crystal_system,linear,train,200,21,0.243681,20000,134875
magpie,crystal_system,linear,train,200,22,0.253244,20000,134875
magpie,crystal_system,linear,train,200,23,0.220562,20000,134875
magpie,crystal_system,linear,train,200,24,0.230303,20000,134875
magpie,crystal_system,linear,train,200,25,0.221283,20000,134875
magpie,crystal_system,linear,train,200,26,0.224056,20000,134875
magpie,crystal_system,linear,train,200,27,0.225585,20000,134875
magpie,crystal_system,linear,train,200,28,0.227595,20000,134875
magpie,crystal_system,linear,train,200,29,0.234649,20000,134875
magpie,crystal_system,xgboost,train,500,0,0.296624,20000,134875
magpie,crystal_system,xgboost,train,500,1,0.283242,20000,134875
magpie,crystal_system,xgboost,train,500,2,0.290998,20000,134875
magpie,crystal_system,xgboost,train,500,3,0.286575,20000,134875
magpie,crystal_system,xgboost,train,500,4,0.292092,20000,134875
magpie,crystal_system,xgboost,train,500,5,0.278377,20000,134875
magpie,crystal_system,xgboost,train,500,6,0.295663,20000,134875
magpie,crystal_system,xgboost,train,500,7,0.292390,20000,134875
magpie,crystal_system,xgboost,train,500,8,0.292350,20000,134875
magpie,crystal_system,xgboost,train,500,9,0.300219,20000,134875
magpie,crystal_system,xgboost,train,500,10,0.304213,20000,134875
magpie,crystal_system,xgboost,train,500,11,0.293177,20000,134875
magpie,crystal_system,xgboost,train,500,12,0.295925,20000,134875
magpie,crystal_system,xgboost,train,500,13,0.274376,20000,134875
magpie,crystal_system,xgboost,train,500,14,0.303235,20000,134875
magpie,crystal_system,xgboost,train,500,15,0.295467,20000,134875
magpie,crystal_system,xgboost,train,500,16,0.288741,20000,134875
magpie,crystal_system,xgboost,train,500,17,0.291071,20000,134875
magpie,crystal_system,xgboost,train,500,18,0.294406,20000,134875
magpie,crystal_system,xgboost,train,500,19,0.302674,20000,134875
magpie,crystal_system,xgboost,train,500,20,0.290047,20000,134875
magpie,crystal_system,xgboost,train,500,21,0.293430,20000,134875
magpie,crystal_system,xgboost,train,500,22,0.262176,20000,134875
magpie,crystal_system,xgboost,train,500,23,0.310206,20000,134875
magpie,crystal_system,xgboost,train,500,24,0.282011,20000,134875
magpie,crystal_system,xgboost,train,500,25,0.291950,20000,134875
magpie,crystal_system,xgboost,train,500,26,0.295987,20000,134875
magpie,crystal_system,xgboost,train,500,27,0.300198,20000,134875
magpie,crystal_system,xgboost,train,500,28,0.303396,20000,134875
magpie,crystal_system,xgboost,train,500,29,0.280257,20000,134875
magpie,crystal_system,linear,train,500,0,0.255824,20000,134875
magpie,crystal_system,linear,train,500,1,0.256147,20000,134875
magpie,crystal_system,linear,train,500,2,0.259963,20000,134875
magpie,crystal_system,linear,train,500,3,0.254710,20000,134875
magpie,crystal_system,linear,train,500,4,0.254386,20000,134875
magpie,crystal_system,linear,train,500,5,0.253889,20000,134875
magpie,crystal_system,linear,train,500,6,0.259721,20000,134875
magpie,crystal_system,linear,train,500,7,0.256740,20000,134875
magpie,crystal_system,linear,train,500,8,0.261603,20000,134875
magpie,crystal_system,linear,train,500,9,0.265634,20000,134875
magpie,crystal_system,linear,train,500,10,0.272301,20000,134875
magpie,crystal_system,linear,train,500,11,0.256457,20000,134875
magpie,crystal_system,linear,train,500,12,0.263211,20000,134875
magpie,crystal_system,linear,train,500,13,0.238066,20000,134875
magpie,crystal_system,linear,train,500,14,0.277066,20000,134875
magpie,crystal_system,linear,train,500,15,0.263318,20000,134875
magpie,crystal_system,linear,train,500,16,0.255992,20000,134875
magpie,crystal_system,linear,train,500,17,0.256142,20000,134875
magpie,crystal_system,linear,train,500,18,0.263375,20000,134875
magpie,crystal_system,linear,train,500,19,0.267385,20000,134875
magpie,crystal_system,linear,train,500,20,0.268773,20000,134875
magpie,crystal_system,linear,train,500,21,0.263905,20000,134875
magpie,crystal_system,linear,train,500,22,0.250367,20000,134875
magpie,crystal_system,linear,train,500,23,0.262711,20000,134875
magpie,crystal_system,linear,train,500,24,0.247856,20000,134875
magpie,crystal_system,linear,train,500,25,0.258285,20000,134875
magpie,crystal_system,linear,train,500,26,0.269523,20000,134875
magpie,crystal_system,linear,train,500,27,0.257989,20000,134875
magpie,crystal_system,linear,train,500,28,0.262923,20000,134875
magpie,crystal_system,linear,train,500,29,0.257971,20000,134875
magpie,crystal_system,xgboost,train,1000,0,0.319646,20000,134875
magpie,crystal_system,xgboost,train,1000,1,0.312542,20000,134875
magpie,crystal_system,xgboost,train,1000,2,0.319761,20000,134875
magpie,crystal_system,xgboost,train,1000,3,0.330705,20000,134875
magpie,crystal_system,xgboost,train,1000,4,0.323244,20000,134875
magpie,crystal_system,xgboost,train,1000,5,0.326619,20000,134875
magpie,crystal_system,xgboost,train,1000,6,0.327509,20000,134875
magpie,crystal_system,xgboost,train,1000,7,0.322623,20000,134875
magpie,crystal_system,xgboost,train,1000,8,0.330846,20000,134875
magpie,crystal_system,xgboost,train,1000,9,0.329094,20000,134875
magpie,crystal_system,xgboost,train,1000,10,0.327814,20000,134875
magpie,crystal_system,xgboost,train,1000,11,0.310818,20000,134875
magpie,crystal_system,xgboost,train,1000,12,0.336003,20000,134875
magpie,crystal_system,xgboost,train,1000,13,0.330238,20000,134875
magpie,crystal_system,xgboost,train,1000,14,0.313603,20000,134875
magpie,crystal_system,xgboost,train,1000,15,0.327741,20000,134875
magpie,crystal_system,xgboost,train,1000,16,0.320000,20000,134875
magpie,crystal_system,xgboost,train,1000,17,0.333355,20000,134875
magpie,crystal_system,xgboost,train,1000,18,0.339164,20000,134875
magpie,crystal_system,xgboost,train,1000,19,0.325051,20000,134875
magpie,crystal_system,xgboost,train,1000,20,0.333639,20000,134875
magpie,crystal_system,xgboost,train,1000,21,0.319747,20000,134875
magpie,crystal_system,xgboost,train,1000,22,0.313009,20000,134875
magpie,crystal_system,xgboost,train,1000,23,0.327896,20000,134875
magpie,crystal_system,xgboost,train,1000,24,0.319656,20000,134875
magpie,crystal_system,xgboost,train,1000,25,0.336605,20000,134875
magpie,crystal_system,xgboost,train,1000,26,0.329276,20000,134875
magpie,crystal_system,xgboost,train,1000,27,0.326162,20000,134875
magpie,crystal_system,xgboost,train,1000,28,0.322928,20000,134875
magpie,crystal_system,xgboost,train,1000,29,0.327294,20000,134875
magpie,crystal_system,linear,train,1000,0,0.269255,20000,134875
magpie,crystal_system,linear,train,1000,1,0.262139,20000,134875
magpie,crystal_system,linear,train,1000,2,0.274545,20000,134875
magpie,crystal_system,linear,train,1000,3,0.284100,20000,134875
magpie,crystal_system,linear,train,1000,4,0.270916,20000,134875
magpie,crystal_system,linear,train,1000,5,0.274031,20000,134875
magpie,crystal_system,linear,train,1000,6,0.273928,20000,134875
magpie,crystal_system,linear,train,1000,7,0.267251,20000,134875
magpie,crystal_system,linear,train,1000,8,0.287419,20000,134875
magpie,crystal_system,linear,train,1000,9,0.287232,20000,134875
magpie,crystal_system,linear,train,1000,10,0.278851,20000,134875
magpie,crystal_system,linear,train,1000,11,0.271571,20000,134875
magpie,crystal_system,linear,train,1000,12,0.289187,20000,134875
magpie,crystal_system,linear,train,1000,13,0.286857,20000,134875
magpie,crystal_system,linear,train,1000,14,0.259059,20000,134875
magpie,crystal_system,linear,train,1000,15,0.287595,20000,134875
magpie,crystal_system,linear,train,1000,16,0.274609,20000,134875
magpie,crystal_system,linear,train,1000,17,0.285488,20000,134875
magpie,crystal_system,linear,train,1000,18,0.292866,20000,134875
magpie,crystal_system,linear,train,1000,19,0.280636,20000,134875
magpie,crystal_system,linear,train,1000,20,0.289046,20000,134875
magpie,crystal_system,linear,train,1000,21,0.274566,20000,134875
magpie,crystal_system,linear,train,1000,22,0.283217,20000,134875
magpie,crystal_system,linear,train,1000,23,0.288439,20000,134875
magpie,crystal_system,linear,train,1000,24,0.272315,20000,134875
magpie,crystal_system,linear,train,1000,25,0.296592,20000,134875
magpie,crystal_system,linear,train,1000,26,0.289551,20000,134875
magpie,crystal_system,linear,train,1000,27,0.284537,20000,134875
magpie,crystal_system,linear,train,1000,28,0.280835,20000,134875
magpie,crystal_system,linear,train,1000,29,0.281605,20000,134875
magpie,crystal_system,xgboost,train,2000,0,0.360136,20000,134875
magpie,crystal_system,xgboost,train,2000,1,0.346932,20000,134875
magpie,crystal_system,xgboost,train,2000,2,0.357048,20000,134875
magpie,crystal_system,xgboost,train,2000,3,0.353635,20000,134875
magpie,crystal_system,xgboost,train,2000,4,0.363418,20000,134875
magpie,crystal_system,xgboost,train,2000,5,0.347837,20000,134875
magpie,crystal_system,xgboost,train,2000,6,0.351373,20000,134875
magpie,crystal_system,xgboost,train,2000,7,0.355997,20000,134875
magpie,crystal_system,xgboost,train,2000,8,0.352307,20000,134875
magpie,crystal_system,xgboost,train,2000,9,0.365452,20000,134875
magpie,crystal_system,xgboost,train,2000,10,0.353657,20000,134875
magpie,crystal_system,xgboost,train,2000,11,0.357480,20000,134875
magpie,crystal_system,xgboost,train,2000,12,0.359174,20000,134875
magpie,crystal_system,xgboost,train,2000,13,0.358141,20000,134875
magpie,crystal_system,xgboost,train,2000,14,0.365440,20000,134875
magpie,crystal_system,xgboost,train,2000,15,0.361236,20000,134875
magpie,crystal_system,xgboost,train,2000,16,0.367206,20000,134875
magpie,crystal_system,xgboost,train,2000,17,0.354584,20000,134875
magpie,crystal_system,xgboost,train,2000,18,0.357160,20000,134875
magpie,crystal_system,xgboost,train,2000,19,0.350911,20000,134875
magpie,crystal_system,xgboost,train,2000,20,0.366786,20000,134875
magpie,crystal_system,xgboost,train,2000,21,0.362342,20000,134875
magpie,crystal_system,xgboost,train,2000,22,0.350635,20000,134875
magpie,crystal_system,xgboost,train,2000,23,0.360910,20000,134875
magpie,crystal_system,xgboost,train,2000,24,0.355507,20000,134875
magpie,crystal_system,xgboost,train,2000,25,0.354324,20000,134875
magpie,crystal_system,xgboost,train,2000,26,0.362402,20000,134875
magpie,crystal_system,xgboost,train,2000,27,0.351804,20000,134875
magpie,crystal_system,xgboost,train,2000,28,0.362353,20000,134875
magpie,crystal_system,xgboost,train,2000,29,0.356489,20000,134875
magpie,crystal_system,linear,train,2000,0,0.309443,20000,134875
magpie,crystal_system,linear,train,2000,1,0.304229,20000,134875
magpie,crystal_system,linear,train,2000,2,0.302980,20000,134875
magpie,crystal_system,linear,train,2000,3,0.288745,20000,134875
magpie,crystal_system,linear,train,2000,4,0.292834,20000,134875
magpie,crystal_system,linear,train,2000,5,0.297842,20000,134875
magpie,crystal_system,linear,train,2000,6,0.307599,20000,134875
magpie,crystal_system,linear,train,2000,7,0.298495,20000,134875
magpie,crystal_system,linear,train,2000,8,0.299004,20000,134875
magpie,crystal_system,linear,train,2000,9,0.294731,20000,134875
magpie,crystal_system,linear,train,2000,10,0.301398,20000,134875
magpie,crystal_system,linear,train,2000,11,0.297726,20000,134875
magpie,crystal_system,linear,train,2000,12,0.296710,20000,134875
magpie,crystal_system,linear,train,2000,13,0.306525,20000,134875
magpie,crystal_system,linear,train,2000,14,0.302397,20000,134875
magpie,crystal_system,linear,train,2000,15,0.299125,20000,134875
magpie,crystal_system,linear,train,2000,16,0.308103,20000,134875
magpie,crystal_system,linear,train,2000,17,0.305407,20000,134875
magpie,crystal_system,linear,train,2000,18,0.295423,20000,134875
magpie,crystal_system,linear,train,2000,19,0.300418,20000,134875
magpie,crystal_system,linear,train,2000,20,0.310823,20000,134875
magpie,crystal_system,linear,train,2000,21,0.292217,20000,134875
magpie,crystal_system,linear,train,2000,22,0.305026,20000,134875
magpie,crystal_system,linear,train,2000,23,0.303076,20000,134875
magpie,crystal_system,linear,train,2000,24,0.286990,20000,134875
magpie,crystal_system,linear,train,2000,25,0.311945,20000,134875
magpie,crystal_system,linear,train,2000,26,0.293463,20000,134875
magpie,crystal_system,linear,train,2000,27,0.291152,20000,134875
magpie,crystal_system,linear,train,2000,28,0.306501,20000,134875
magpie,crystal_system,linear,train,2000,29,0.295790,20000,134875
magpie,crystal_system,xgboost,train,5000,0,0.398974,20000,134875
magpie,crystal_system,xgboost,train,5000,1,0.406438,20000,134875
magpie,crystal_system,xgboost,train,5000,2,0.407588,20000,134875
magpie,crystal_system,xgboost,train,5000,3,0.406346,20000,134875
magpie,crystal_system,xgboost,train,5000,4,0.406966,20000,134875
magpie,crystal_system,xgboost,train,5000,5,0.411522,20000,134875
magpie,crystal_system,xgboost,train,5000,6,0.404702,20000,134875
magpie,crystal_system,xgboost,train,5000,7,0.410592,20000,134875
magpie,crystal_system,xgboost,train,5000,8,0.406740,20000,134875
magpie,crystal_system,xgboost,train,5000,9,0.403825,20000,134875
magpie,crystal_system,linear,train,5000,0,0.317736,20000,134875
magpie,crystal_system,linear,train,5000,1,0.324004,20000,134875
magpie,crystal_system,linear,train,5000,2,0.317360,20000,134875
magpie,crystal_system,linear,train,5000,3,0.324154,20000,134875
magpie,crystal_system,linear,train,5000,4,0.329388,20000,134875
magpie,crystal_system,linear,train,5000,5,0.323478,20000,134875
magpie,crystal_system,linear,train,5000,6,0.320673,20000,134875
magpie,crystal_system,linear,train,5000,7,0.324585,20000,134875
magpie,crystal_system,linear,train,5000,8,0.320451,20000,134875
magpie,crystal_system,linear,train,5000,9,0.324388,20000,134875
magpie,crystal_system,xgboost,train,7000,0,0.423584,20000,134875
magpie,crystal_system,xgboost,train,7000,1,0.428047,20000,134875
magpie,crystal_system,xgboost,train,7000,2,0.421277,20000,134875
magpie,crystal_system,xgboost,train,7000,3,0.431081,20000,134875
magpie,crystal_system,xgboost,train,7000,4,0.425044,20000,134875
magpie,crystal_system,xgboost,train,7000,5,0.419710,20000,134875
magpie,crystal_system,xgboost,train,7000,6,0.418653,20000,134875
magpie,crystal_system,linear,train,7000,0,0.324171,20000,134875
magpie,crystal_system,linear,train,7000,1,0.328350,20000,134875
magpie,crystal_system,linear,train,7000,2,0.322663,20000,134875
magpie,crystal_system,linear,train,7000,3,0.321578,20000,134875
magpie,crystal_system,linear,train,7000,4,0.325756,20000,134875
magpie,crystal_system,linear,train,7000,5,0.319288,20000,134875
magpie,crystal_system,linear,train,7000,6,0.328412,20000,134875
magpie,crystal_system,xgboost,train,10000,0,0.437968,20000,134875
magpie,crystal_system,xgboost,train,10000,1,0.434653,20000,134875
magpie,crystal_system,xgboost,train,10000,2,0.438374,20000,134875
magpie,crystal_system,xgboost,train,10000,3,0.438863,20000,134875
magpie,crystal_system,xgboost,train,10000,4,0.439921,20000,134875
magpie,crystal_system,xgboost,train,10000,5,0.435106,20000,134875
magpie,crystal_system,xgboost,train,10000,6,0.444031,20000,134875
magpie,crystal_system,linear,train,10000,0,0.324738,20000,134875
magpie,crystal_system,linear,train,10000,1,0.329252,20000,134875
magpie,crystal_system,linear,train,10000,2,0.325633,20000,134875
magpie,crystal_system,linear,train,10000,3,0.327723,20000,134875
magpie,crystal_system,linear,train,10000,4,0.329673,20000,134875
magpie,crystal_system,linear,train,10000,5,0.335431,20000,134875
magpie,crystal_system,linear,train,10000,6,0.332562,20000,134875
magpie,crystal_system,xgboost,train,20000,0,0.473694,20000,134875
magpie,crystal_system,xgboost,train,20000,1,0.471905,20000,134875
magpie,crystal_system,xgboost,train,20000,2,0.470986,20000,134875
magpie,crystal_system,xgboost,train,20000,3,0.475879,20000,134875
magpie,crystal_system,xgboost,train,20000,4,0.474753,20000,134875
magpie,crystal_system,xgboost,train,20000,5,0.475550,20000,134875
magpie,crystal_system,linear,train,20000,0,0.335969,20000,134875
magpie,crystal_system,linear,train,20000,1,0.334327,20000,134875
magpie,crystal_system,linear,train,20000,2,0.327719,20000,134875
magpie,crystal_system,linear,train,20000,3,0.336792,20000,134875
magpie,crystal_system,linear,train,20000,4,0.340093,20000,134875
magpie,crystal_system,linear,train,20000,5,0.330414,20000,134875
magpie,metal_insulator,xgboost,train,50,0,0.712404,20000,134875
magpie,metal_insulator,xgboost,train,50,1,0.701361,20000,134875
magpie,metal_insulator,xgboost,train,50,2,0.744591,20000,134875
magpie,metal_insulator,xgboost,train,50,3,0.734275,20000,134875
magpie,metal_insulator,xgboost,train,50,4,0.736965,20000,134875
magpie,metal_insulator,xgboost,train,50,5,0.718294,20000,134875
magpie,metal_insulator,xgboost,train,50,6,0.701411,20000,134875
magpie,metal_insulator,xgboost,train,50,7,0.711793,20000,134875
magpie,metal_insulator,xgboost,train,50,8,0.717655,20000,134875
magpie,metal_insulator,xgboost,train,50,9,0.754393,20000,134875
magpie,metal_insulator,xgboost,train,50,10,0.731190,20000,134875
magpie,metal_insulator,xgboost,train,50,11,0.713201,20000,134875
magpie,metal_insulator,xgboost,train,50,12,0.733881,20000,134875
magpie,metal_insulator,xgboost,train,50,13,0.730690,20000,134875
magpie,metal_insulator,xgboost,train,50,14,0.712065,20000,134875
magpie,metal_insulator,xgboost,train,50,15,0.741040,20000,134875
magpie,metal_insulator,xgboost,train,50,16,0.738644,20000,134875
magpie,metal_insulator,xgboost,train,50,17,0.695699,20000,134875
magpie,metal_insulator,xgboost,train,50,18,0.710672,20000,134875
magpie,metal_insulator,xgboost,train,50,19,0.749694,20000,134875
magpie,metal_insulator,xgboost,train,50,20,0.744669,20000,134875
magpie,metal_insulator,xgboost,train,50,21,0.675488,20000,134875
magpie,metal_insulator,xgboost,train,50,22,0.748527,20000,134875
magpie,metal_insulator,xgboost,train,50,23,0.741037,20000,134875
magpie,metal_insulator,xgboost,train,50,24,0.731756,20000,134875
magpie,metal_insulator,xgboost,train,50,25,0.716149,20000,134875
magpie,metal_insulator,xgboost,train,50,26,0.683461,20000,134875
magpie,metal_insulator,xgboost,train,50,27,0.712160,20000,134875
magpie,metal_insulator,xgboost,train,50,28,0.729400,20000,134875
magpie,metal_insulator,xgboost,train,50,29,0.720929,20000,134875
magpie,metal_insulator,linear,train,50,0,0.705394,20000,134875
magpie,metal_insulator,linear,train,50,1,0.610328,20000,134875
magpie,metal_insulator,linear,train,50,2,0.740283,20000,134875
magpie,metal_insulator,linear,train,50,3,0.705955,20000,134875
magpie,metal_insulator,linear,train,50,4,0.699463,20000,134875
magpie,metal_insulator,linear,train,50,5,0.706507,20000,134875
magpie,metal_insulator,linear,train,50,6,0.652880,20000,134875
magpie,metal_insulator,linear,train,50,7,0.651229,20000,134875
magpie,metal_insulator,linear,train,50,8,0.699138,20000,134875
magpie,metal_insulator,linear,train,50,9,0.740406,20000,134875
magpie,metal_insulator,linear,train,50,10,0.718312,20000,134875
magpie,metal_insulator,linear,train,50,11,0.732172,20000,134875
magpie,metal_insulator,linear,train,50,12,0.720180,20000,134875
magpie,metal_insulator,linear,train,50,13,0.713272,20000,134875
magpie,metal_insulator,linear,train,50,14,0.644589,20000,134875
magpie,metal_insulator,linear,train,50,15,0.719107,20000,134875
magpie,metal_insulator,linear,train,50,16,0.694795,20000,134875
magpie,metal_insulator,linear,train,50,17,0.707673,20000,134875
magpie,metal_insulator,linear,train,50,18,0.609870,20000,134875
magpie,metal_insulator,linear,train,50,19,0.722554,20000,134875
magpie,metal_insulator,linear,train,50,20,0.680406,20000,134875
magpie,metal_insulator,linear,train,50,21,0.715732,20000,134875
magpie,metal_insulator,linear,train,50,22,0.706020,20000,134875
magpie,metal_insulator,linear,train,50,23,0.705140,20000,134875
magpie,metal_insulator,linear,train,50,24,0.704182,20000,134875
magpie,metal_insulator,linear,train,50,25,0.673488,20000,134875
magpie,metal_insulator,linear,train,50,26,0.640788,20000,134875
magpie,metal_insulator,linear,train,50,27,0.681927,20000,134875
magpie,metal_insulator,linear,train,50,28,0.730463,20000,134875
magpie,metal_insulator,linear,train,50,29,0.683151,20000,134875
magpie,metal_insulator,xgboost,train,100,0,0.744451,20000,134875
magpie,metal_insulator,xgboost,train,100,1,0.747851,20000,134875
magpie,metal_insulator,xgboost,train,100,2,0.735845,20000,134875
magpie,metal_insulator,xgboost,train,100,3,0.747386,20000,134875
magpie,metal_insulator,xgboost,train,100,4,0.698481,20000,134875
magpie,metal_insulator,xgboost,train,100,5,0.744697,20000,134875
magpie,metal_insulator,xgboost,train,100,6,0.742893,20000,134875
magpie,metal_insulator,xgboost,train,100,7,0.725108,20000,134875
magpie,metal_insulator,xgboost,train,100,8,0.731365,20000,134875
magpie,metal_insulator,xgboost,train,100,9,0.753205,20000,134875
magpie,metal_insulator,xgboost,train,100,10,0.709634,20000,134875
magpie,metal_insulator,xgboost,train,100,11,0.755881,20000,134875
magpie,metal_insulator,xgboost,train,100,12,0.750598,20000,134875
magpie,metal_insulator,xgboost,train,100,13,0.766546,20000,134875
magpie,metal_insulator,xgboost,train,100,14,0.748233,20000,134875
magpie,metal_insulator,xgboost,train,100,15,0.743705,20000,134875
magpie,metal_insulator,xgboost,train,100,16,0.706166,20000,134875
magpie,metal_insulator,xgboost,train,100,17,0.715595,20000,134875
magpie,metal_insulator,xgboost,train,100,18,0.742548,20000,134875
magpie,metal_insulator,xgboost,train,100,19,0.740331,20000,134875
magpie,metal_insulator,xgboost,train,100,20,0.750403,20000,134875
magpie,metal_insulator,xgboost,train,100,21,0.729294,20000,134875
magpie,metal_insulator,xgboost,train,100,22,0.720149,20000,134875
magpie,metal_insulator,xgboost,train,100,23,0.739705,20000,134875
magpie,metal_insulator,xgboost,train,100,24,0.754794,20000,134875
magpie,metal_insulator,xgboost,train,100,25,0.750523,20000,134875
magpie,metal_insulator,xgboost,train,100,26,0.751256,20000,134875
magpie,metal_insulator,xgboost,train,100,27,0.722917,20000,134875
magpie,metal_insulator,xgboost,train,100,28,0.732677,20000,134875
magpie,metal_insulator,xgboost,train,100,29,0.757729,20000,134875
magpie,metal_insulator,linear,train,100,0,0.720892,20000,134875
magpie,metal_insulator,linear,train,100,1,0.726873,20000,134875
magpie,metal_insulator,linear,train,100,2,0.692904,20000,134875
magpie,metal_insulator,linear,train,100,3,0.737652,20000,134875
magpie,metal_insulator,linear,train,100,4,0.687192,20000,134875
magpie,metal_insulator,linear,train,100,5,0.709413,20000,134875
magpie,metal_insulator,linear,train,100,6,0.690043,20000,134875
magpie,metal_insulator,linear,train,100,7,0.699140,20000,134875
magpie,metal_insulator,linear,train,100,8,0.717710,20000,134875
magpie,metal_insulator,linear,train,100,9,0.729718,20000,134875
magpie,metal_insulator,linear,train,100,10,0.661735,20000,134875
magpie,metal_insulator,linear,train,100,11,0.737531,20000,134875
magpie,metal_insulator,linear,train,100,12,0.726122,20000,134875
magpie,metal_insulator,linear,train,100,13,0.726770,20000,134875
magpie,metal_insulator,linear,train,100,14,0.730904,20000,134875
magpie,metal_insulator,linear,train,100,15,0.711444,20000,134875
magpie,metal_insulator,linear,train,100,16,0.688743,20000,134875
magpie,metal_insulator,linear,train,100,17,0.697945,20000,134875
magpie,metal_insulator,linear,train,100,18,0.725098,20000,134875
magpie,metal_insulator,linear,train,100,19,0.685078,20000,134875
magpie,metal_insulator,linear,train,100,20,0.738708,20000,134875
magpie,metal_insulator,linear,train,100,21,0.684342,20000,134875
magpie,metal_insulator,linear,train,100,22,0.702938,20000,134875
magpie,metal_insulator,linear,train,100,23,0.718728,20000,134875
magpie,metal_insulator,linear,train,100,24,0.738722,20000,134875
magpie,metal_insulator,linear,train,100,25,0.741889,20000,134875
magpie,metal_insulator,linear,train,100,26,0.724062,20000,134875
magpie,metal_insulator,linear,train,100,27,0.692130,20000,134875
magpie,metal_insulator,linear,train,100,28,0.691682,20000,134875
magpie,metal_insulator,linear,train,100,29,0.728719,20000,134875
magpie,metal_insulator,xgboost,train,200,0,0.732900,20000,134875
magpie,metal_insulator,xgboost,train,200,1,0.758067,20000,134875
magpie,metal_insulator,xgboost,train,200,2,0.744908,20000,134875
magpie,metal_insulator,xgboost,train,200,3,0.762844,20000,134875
magpie,metal_insulator,xgboost,train,200,4,0.756749,20000,134875
magpie,metal_insulator,xgboost,train,200,5,0.736583,20000,134875
magpie,metal_insulator,xgboost,train,200,6,0.736136,20000,134875
magpie,metal_insulator,xgboost,train,200,7,0.752006,20000,134875
magpie,metal_insulator,xgboost,train,200,8,0.765344,20000,134875
magpie,metal_insulator,xgboost,train,200,9,0.729496,20000,134875
magpie,metal_insulator,xgboost,train,200,10,0.750472,20000,134875
magpie,metal_insulator,xgboost,train,200,11,0.759351,20000,134875
magpie,metal_insulator,xgboost,train,200,12,0.754267,20000,134875
magpie,metal_insulator,xgboost,train,200,13,0.761492,20000,134875
magpie,metal_insulator,xgboost,train,200,14,0.763920,20000,134875
magpie,metal_insulator,xgboost,train,200,15,0.770188,20000,134875
magpie,metal_insulator,xgboost,train,200,16,0.762985,20000,134875
magpie,metal_insulator,xgboost,train,200,17,0.750346,20000,134875
magpie,metal_insulator,xgboost,train,200,18,0.759854,20000,134875
magpie,metal_insulator,xgboost,train,200,19,0.760053,20000,134875
magpie,metal_insulator,xgboost,train,200,20,0.765441,20000,134875
magpie,metal_insulator,xgboost,train,200,21,0.745833,20000,134875
magpie,metal_insulator,xgboost,train,200,22,0.747075,20000,134875
magpie,metal_insulator,xgboost,train,200,23,0.733763,20000,134875
magpie,metal_insulator,xgboost,train,200,24,0.757264,20000,134875
magpie,metal_insulator,xgboost,train,200,25,0.769591,20000,134875
magpie,metal_insulator,xgboost,train,200,26,0.766461,20000,134875
magpie,metal_insulator,xgboost,train,200,27,0.748683,20000,134875
magpie,metal_insulator,xgboost,train,200,28,0.738207,20000,134875
magpie,metal_insulator,xgboost,train,200,29,0.759344,20000,134875
magpie,metal_insulator,linear,train,200,0,0.718247,20000,134875
magpie,metal_insulator,linear,train,200,1,0.726622,20000,134875
magpie,metal_insulator,linear,train,200,2,0.697210,20000,134875
magpie,metal_insulator,linear,train,200,3,0.713916,20000,134875
magpie,metal_insulator,linear,train,200,4,0.736045,20000,134875
magpie,metal_insulator,linear,train,200,5,0.715960,20000,134875
magpie,metal_insulator,linear,train,200,6,0.726530,20000,134875
magpie,metal_insulator,linear,train,200,7,0.723618,20000,134875
magpie,metal_insulator,linear,train,200,8,0.745398,20000,134875
magpie,metal_insulator,linear,train,200,9,0.699620,20000,134875
magpie,metal_insulator,linear,train,200,10,0.726935,20000,134875
magpie,metal_insulator,linear,train,200,11,0.720131,20000,134875
magpie,metal_insulator,linear,train,200,12,0.728525,20000,134875
magpie,metal_insulator,linear,train,200,13,0.735042,20000,134875
magpie,metal_insulator,linear,train,200,14,0.731768,20000,134875
magpie,metal_insulator,linear,train,200,15,0.737133,20000,134875
magpie,metal_insulator,linear,train,200,16,0.735713,20000,134875
magpie,metal_insulator,linear,train,200,17,0.707112,20000,134875
magpie,metal_insulator,linear,train,200,18,0.718420,20000,134875
magpie,metal_insulator,linear,train,200,19,0.724926,20000,134875
magpie,metal_insulator,linear,train,200,20,0.707802,20000,134875
magpie,metal_insulator,linear,train,200,21,0.715513,20000,134875
magpie,metal_insulator,linear,train,200,22,0.718926,20000,134875
magpie,metal_insulator,linear,train,200,23,0.707209,20000,134875
magpie,metal_insulator,linear,train,200,24,0.700652,20000,134875
magpie,metal_insulator,linear,train,200,25,0.722593,20000,134875
magpie,metal_insulator,linear,train,200,26,0.744305,20000,134875
magpie,metal_insulator,linear,train,200,27,0.725886,20000,134875
magpie,metal_insulator,linear,train,200,28,0.701423,20000,134875
magpie,metal_insulator,linear,train,200,29,0.733062,20000,134875
magpie,metal_insulator,xgboost,train,500,0,0.777533,20000,134875
magpie,metal_insulator,xgboost,train,500,1,0.767157,20000,134875
magpie,metal_insulator,xgboost,train,500,2,0.769161,20000,134875
magpie,metal_insulator,xgboost,train,500,3,0.772374,20000,134875
magpie,metal_insulator,xgboost,train,500,4,0.767581,20000,134875
magpie,metal_insulator,xgboost,train,500,5,0.763951,20000,134875
magpie,metal_insulator,xgboost,train,500,6,0.769849,20000,134875
magpie,metal_insulator,xgboost,train,500,7,0.768907,20000,134875
magpie,metal_insulator,xgboost,train,500,8,0.767500,20000,134875
magpie,metal_insulator,xgboost,train,500,9,0.763569,20000,134875
magpie,metal_insulator,xgboost,train,500,10,0.775892,20000,134875
magpie,metal_insulator,xgboost,train,500,11,0.772165,20000,134875
magpie,metal_insulator,xgboost,train,500,12,0.766660,20000,134875
magpie,metal_insulator,xgboost,train,500,13,0.776590,20000,134875
magpie,metal_insulator,xgboost,train,500,14,0.768628,20000,134875
magpie,metal_insulator,xgboost,train,500,15,0.759615,20000,134875
magpie,metal_insulator,xgboost,train,500,16,0.776466,20000,134875
magpie,metal_insulator,xgboost,train,500,17,0.771934,20000,134875
magpie,metal_insulator,xgboost,train,500,18,0.786230,20000,134875
magpie,metal_insulator,xgboost,train,500,19,0.772962,20000,134875
magpie,metal_insulator,xgboost,train,500,20,0.768371,20000,134875
magpie,metal_insulator,xgboost,train,500,21,0.766550,20000,134875
magpie,metal_insulator,xgboost,train,500,22,0.780023,20000,134875
magpie,metal_insulator,xgboost,train,500,23,0.768160,20000,134875
magpie,metal_insulator,xgboost,train,500,24,0.771741,20000,134875
magpie,metal_insulator,xgboost,train,500,25,0.773610,20000,134875
magpie,metal_insulator,xgboost,train,500,26,0.771439,20000,134875
magpie,metal_insulator,xgboost,train,500,27,0.772936,20000,134875
magpie,metal_insulator,xgboost,train,500,28,0.762244,20000,134875
magpie,metal_insulator,xgboost,train,500,29,0.775113,20000,134875
magpie,metal_insulator,linear,train,500,0,0.748491,20000,134875
magpie,metal_insulator,linear,train,500,1,0.735926,20000,134875
magpie,metal_insulator,linear,train,500,2,0.763934,20000,134875
magpie,metal_insulator,linear,train,500,3,0.745975,20000,134875
magpie,metal_insulator,linear,train,500,4,0.745580,20000,134875
magpie,metal_insulator,linear,train,500,5,0.732760,20000,134875
magpie,metal_insulator,linear,train,500,6,0.739831,20000,134875
magpie,metal_insulator,linear,train,500,7,0.746930,20000,134875
magpie,metal_insulator,linear,train,500,8,0.741922,20000,134875
magpie,metal_insulator,linear,train,500,9,0.744161,20000,134875
magpie,metal_insulator,linear,train,500,10,0.747332,20000,134875
magpie,metal_insulator,linear,train,500,11,0.744913,20000,134875
magpie,metal_insulator,linear,train,500,12,0.743315,20000,134875
magpie,metal_insulator,linear,train,500,13,0.751572,20000,134875
magpie,metal_insulator,linear,train,500,14,0.732605,20000,134875
magpie,metal_insulator,linear,train,500,15,0.727131,20000,134875
magpie,metal_insulator,linear,train,500,16,0.752174,20000,134875
magpie,metal_insulator,linear,train,500,17,0.739746,20000,134875
magpie,metal_insulator,linear,train,500,18,0.759700,20000,134875
magpie,metal_insulator,linear,train,500,19,0.749817,20000,134875
magpie,metal_insulator,linear,train,500,20,0.744687,20000,134875
magpie,metal_insulator,linear,train,500,21,0.737653,20000,134875
magpie,metal_insulator,linear,train,500,22,0.758156,20000,134875
magpie,metal_insulator,linear,train,500,23,0.753150,20000,134875
magpie,metal_insulator,linear,train,500,24,0.741054,20000,134875
magpie,metal_insulator,linear,train,500,25,0.748375,20000,134875
magpie,metal_insulator,linear,train,500,26,0.749655,20000,134875
magpie,metal_insulator,linear,train,500,27,0.755806,20000,134875
magpie,metal_insulator,linear,train,500,28,0.746652,20000,134875
magpie,metal_insulator,linear,train,500,29,0.745585,20000,134875
magpie,metal_insulator,xgboost,train,1000,0,0.784521,20000,134875
magpie,metal_insulator,xgboost,train,1000,1,0.788477,20000,134875
magpie,metal_insulator,xgboost,train,1000,2,0.790022,20000,134875
magpie,metal_insulator,xgboost,train,1000,3,0.783994,20000,134875
magpie,metal_insulator,xgboost,train,1000,4,0.790244,20000,134875
magpie,metal_insulator,xgboost,train,1000,5,0.789941,20000,134875
magpie,metal_insulator,xgboost,train,1000,6,0.785470,20000,134875
magpie,metal_insulator,xgboost,train,1000,7,0.781081,20000,134875
magpie,metal_insulator,xgboost,train,1000,8,0.785012,20000,134875
magpie,metal_insulator,xgboost,train,1000,9,0.787645,20000,134875
magpie,metal_insulator,xgboost,train,1000,10,0.783994,20000,134875
magpie,metal_insulator,xgboost,train,1000,11,0.775934,20000,134875
magpie,metal_insulator,xgboost,train,1000,12,0.783403,20000,134875
magpie,metal_insulator,xgboost,train,1000,13,0.794122,20000,134875
magpie,metal_insulator,xgboost,train,1000,14,0.789222,20000,134875
magpie,metal_insulator,xgboost,train,1000,15,0.779150,20000,134875
magpie,metal_insulator,xgboost,train,1000,16,0.783868,20000,134875
magpie,metal_insulator,xgboost,train,1000,17,0.787264,20000,134875
magpie,metal_insulator,xgboost,train,1000,18,0.782599,20000,134875
magpie,metal_insulator,xgboost,train,1000,19,0.777595,20000,134875
magpie,metal_insulator,xgboost,train,1000,20,0.779603,20000,134875
magpie,metal_insulator,xgboost,train,1000,21,0.787432,20000,134875
magpie,metal_insulator,xgboost,train,1000,22,0.783476,20000,134875
magpie,metal_insulator,xgboost,train,1000,23,0.781711,20000,134875
magpie,metal_insulator,xgboost,train,1000,24,0.784794,20000,134875
magpie,metal_insulator,xgboost,train,1000,25,0.782834,20000,134875
magpie,metal_insulator,xgboost,train,1000,26,0.779589,20000,134875
magpie,metal_insulator,xgboost,train,1000,27,0.783764,20000,134875
magpie,metal_insulator,xgboost,train,1000,28,0.792385,20000,134875
magpie,metal_insulator,xgboost,train,1000,29,0.787293,20000,134875
magpie,metal_insulator,linear,train,1000,0,0.769813,20000,134875
magpie,metal_insulator,linear,train,1000,1,0.771811,20000,134875
magpie,metal_insulator,linear,train,1000,2,0.772546,20000,134875
magpie,metal_insulator,linear,train,1000,3,0.755745,20000,134875
magpie,metal_insulator,linear,train,1000,4,0.773131,20000,134875
magpie,metal_insulator,linear,train,1000,5,0.762937,20000,134875
magpie,metal_insulator,linear,train,1000,6,0.770715,20000,134875
magpie,metal_insulator,linear,train,1000,7,0.763752,20000,134875
magpie,metal_insulator,linear,train,1000,8,0.767281,20000,134875
magpie,metal_insulator,linear,train,1000,9,0.769575,20000,134875
magpie,metal_insulator,linear,train,1000,10,0.771281,20000,134875
magpie,metal_insulator,linear,train,1000,11,0.746258,20000,134875
magpie,metal_insulator,linear,train,1000,12,0.763783,20000,134875
magpie,metal_insulator,linear,train,1000,13,0.773029,20000,134875
magpie,metal_insulator,linear,train,1000,14,0.766792,20000,134875
magpie,metal_insulator,linear,train,1000,15,0.757336,20000,134875
magpie,metal_insulator,linear,train,1000,16,0.768075,20000,134875
magpie,metal_insulator,linear,train,1000,17,0.769309,20000,134875
magpie,metal_insulator,linear,train,1000,18,0.767019,20000,134875
magpie,metal_insulator,linear,train,1000,19,0.756520,20000,134875
magpie,metal_insulator,linear,train,1000,20,0.759894,20000,134875
magpie,metal_insulator,linear,train,1000,21,0.768360,20000,134875
magpie,metal_insulator,linear,train,1000,22,0.759302,20000,134875
magpie,metal_insulator,linear,train,1000,23,0.768454,20000,134875
magpie,metal_insulator,linear,train,1000,24,0.765775,20000,134875
magpie,metal_insulator,linear,train,1000,25,0.766960,20000,134875
magpie,metal_insulator,linear,train,1000,26,0.765042,20000,134875
magpie,metal_insulator,linear,train,1000,27,0.772470,20000,134875
magpie,metal_insulator,linear,train,1000,28,0.772282,20000,134875
magpie,metal_insulator,linear,train,1000,29,0.771352,20000,134875
magpie,metal_insulator,xgboost,train,2000,0,0.794625,20000,134875
magpie,metal_insulator,xgboost,train,2000,1,0.800185,20000,134875
magpie,metal_insulator,xgboost,train,2000,2,0.792790,20000,134875
magpie,metal_insulator,xgboost,train,2000,3,0.793396,20000,134875
magpie,metal_insulator,xgboost,train,2000,4,0.798171,20000,134875
magpie,metal_insulator,xgboost,train,2000,5,0.796157,20000,134875
magpie,metal_insulator,xgboost,train,2000,6,0.794197,20000,134875
magpie,metal_insulator,xgboost,train,2000,7,0.799190,20000,134875
magpie,metal_insulator,xgboost,train,2000,8,0.784011,20000,134875
magpie,metal_insulator,xgboost,train,2000,9,0.793066,20000,134875
magpie,metal_insulator,xgboost,train,2000,10,0.793248,20000,134875
magpie,metal_insulator,xgboost,train,2000,11,0.798658,20000,134875
magpie,metal_insulator,xgboost,train,2000,12,0.799713,20000,134875
magpie,metal_insulator,xgboost,train,2000,13,0.795885,20000,134875
magpie,metal_insulator,xgboost,train,2000,14,0.801267,20000,134875
magpie,metal_insulator,xgboost,train,2000,15,0.801481,20000,134875
magpie,metal_insulator,xgboost,train,2000,16,0.790955,20000,134875
magpie,metal_insulator,xgboost,train,2000,17,0.796332,20000,134875
magpie,metal_insulator,xgboost,train,2000,18,0.789976,20000,134875
magpie,metal_insulator,xgboost,train,2000,19,0.797557,20000,134875
magpie,metal_insulator,xgboost,train,2000,20,0.801105,20000,134875
magpie,metal_insulator,xgboost,train,2000,21,0.794107,20000,134875
magpie,metal_insulator,xgboost,train,2000,22,0.798403,20000,134875
magpie,metal_insulator,xgboost,train,2000,23,0.799590,20000,134875
magpie,metal_insulator,xgboost,train,2000,24,0.791466,20000,134875
magpie,metal_insulator,xgboost,train,2000,25,0.795165,20000,134875
magpie,metal_insulator,xgboost,train,2000,26,0.799589,20000,134875
magpie,metal_insulator,xgboost,train,2000,27,0.796930,20000,134875
magpie,metal_insulator,xgboost,train,2000,28,0.795794,20000,134875
magpie,metal_insulator,xgboost,train,2000,29,0.797332,20000,134875
magpie,metal_insulator,linear,train,2000,0,0.769153,20000,134875
magpie,metal_insulator,linear,train,2000,1,0.776576,20000,134875
magpie,metal_insulator,linear,train,2000,2,0.765742,20000,134875
magpie,metal_insulator,linear,train,2000,3,0.777252,20000,134875
magpie,metal_insulator,linear,train,2000,4,0.773413,20000,134875
magpie,metal_insulator,linear,train,2000,5,0.771061,20000,134875
magpie,metal_insulator,linear,train,2000,6,0.775954,20000,134875
magpie,metal_insulator,linear,train,2000,7,0.777431,20000,134875
magpie,metal_insulator,linear,train,2000,8,0.770245,20000,134875
magpie,metal_insulator,linear,train,2000,9,0.771761,20000,134875
magpie,metal_insulator,linear,train,2000,10,0.777754,20000,134875
magpie,metal_insulator,linear,train,2000,11,0.773285,20000,134875
magpie,metal_insulator,linear,train,2000,12,0.776599,20000,134875
magpie,metal_insulator,linear,train,2000,13,0.772695,20000,134875
magpie,metal_insulator,linear,train,2000,14,0.773423,20000,134875
magpie,metal_insulator,linear,train,2000,15,0.773192,20000,134875
magpie,metal_insulator,linear,train,2000,16,0.773836,20000,134875
magpie,metal_insulator,linear,train,2000,17,0.777717,20000,134875
magpie,metal_insulator,linear,train,2000,18,0.776743,20000,134875
magpie,metal_insulator,linear,train,2000,19,0.778669,20000,134875
magpie,metal_insulator,linear,train,2000,20,0.777708,20000,134875
magpie,metal_insulator,linear,train,2000,21,0.774104,20000,134875
magpie,metal_insulator,linear,train,2000,22,0.770726,20000,134875
magpie,metal_insulator,linear,train,2000,23,0.779863,20000,134875
magpie,metal_insulator,linear,train,2000,24,0.771447,20000,134875
magpie,metal_insulator,linear,train,2000,25,0.773694,20000,134875
magpie,metal_insulator,linear,train,2000,26,0.777513,20000,134875
magpie,metal_insulator,linear,train,2000,27,0.775207,20000,134875
magpie,metal_insulator,linear,train,2000,28,0.773014,20000,134875
magpie,metal_insulator,linear,train,2000,29,0.775592,20000,134875
magpie,metal_insulator,xgboost,train,5000,0,0.816011,20000,134875
magpie,metal_insulator,xgboost,train,5000,1,0.819080,20000,134875
magpie,metal_insulator,xgboost,train,5000,2,0.811775,20000,134875
magpie,metal_insulator,xgboost,train,5000,3,0.809643,20000,134875
magpie,metal_insulator,xgboost,train,5000,4,0.817679,20000,134875
magpie,metal_insulator,xgboost,train,5000,5,0.813439,20000,134875
magpie,metal_insulator,xgboost,train,5000,6,0.811231,20000,134875
magpie,metal_insulator,xgboost,train,5000,7,0.811313,20000,134875
magpie,metal_insulator,xgboost,train,5000,8,0.818751,20000,134875
magpie,metal_insulator,xgboost,train,5000,9,0.815726,20000,134875
magpie,metal_insulator,linear,train,5000,0,0.780889,20000,134875
magpie,metal_insulator,linear,train,5000,1,0.781103,20000,134875
magpie,metal_insulator,linear,train,5000,2,0.780269,20000,134875
magpie,metal_insulator,linear,train,5000,3,0.776912,20000,134875
magpie,metal_insulator,linear,train,5000,4,0.777867,20000,134875
magpie,metal_insulator,linear,train,5000,5,0.780880,20000,134875
magpie,metal_insulator,linear,train,5000,6,0.781165,20000,134875
magpie,metal_insulator,linear,train,5000,7,0.777134,20000,134875
magpie,metal_insulator,linear,train,5000,8,0.781457,20000,134875
magpie,metal_insulator,linear,train,5000,9,0.781006,20000,134875
magpie,metal_insulator,xgboost,train,7000,0,0.817767,20000,134875
magpie,metal_insulator,xgboost,train,7000,1,0.821989,20000,134875
magpie,metal_insulator,xgboost,train,7000,2,0.823871,20000,134875
magpie,metal_insulator,xgboost,train,7000,3,0.818879,20000,134875
magpie,metal_insulator,xgboost,train,7000,4,0.820732,20000,134875
magpie,metal_insulator,xgboost,train,7000,5,0.819581,20000,134875
magpie,metal_insulator,xgboost,train,7000,6,0.820262,20000,134875
magpie,metal_insulator,linear,train,7000,0,0.782413,20000,134875
magpie,metal_insulator,linear,train,7000,1,0.780877,20000,134875
magpie,metal_insulator,linear,train,7000,2,0.781852,20000,134875
magpie,metal_insulator,linear,train,7000,3,0.781314,20000,134875
magpie,metal_insulator,linear,train,7000,4,0.780536,20000,134875
magpie,metal_insulator,linear,train,7000,5,0.782723,20000,134875
magpie,metal_insulator,linear,train,7000,6,0.779737,20000,134875
magpie,metal_insulator,xgboost,train,10000,0,0.824753,20000,134875
magpie,metal_insulator,xgboost,train,10000,1,0.826508,20000,134875
magpie,metal_insulator,xgboost,train,10000,2,0.824887,20000,134875
magpie,metal_insulator,xgboost,train,10000,3,0.825981,20000,134875
magpie,metal_insulator,xgboost,train,10000,4,0.822987,20000,134875
magpie,metal_insulator,xgboost,train,10000,5,0.824479,20000,134875
magpie,metal_insulator,xgboost,train,10000,6,0.828777,20000,134875
magpie,metal_insulator,linear,train,10000,0,0.783121,20000,134875
magpie,metal_insulator,linear,train,10000,1,0.779569,20000,134875
magpie,metal_insulator,linear,train,10000,2,0.783304,20000,134875
magpie,metal_insulator,linear,train,10000,3,0.779552,20000,134875
magpie,metal_insulator,linear,train,10000,4,0.782809,20000,134875
magpie,metal_insulator,linear,train,10000,5,0.785389,20000,134875
magpie,metal_insulator,linear,train,10000,6,0.784414,20000,134875
magpie,metal_insulator,xgboost,train,20000,0,0.834720,20000,134875
magpie,metal_insulator,xgboost,train,20000,1,0.833851,20000,134875
magpie,metal_insulator,xgboost,train,20000,2,0.835694,20000,134875
magpie,metal_insulator,xgboost,train,20000,3,0.836039,20000,134875
magpie,metal_insulator,xgboost,train,20000,4,0.836361,20000,134875
magpie,metal_insulator,xgboost,train,20000,5,0.835199,20000,134875
magpie,metal_insulator,linear,train,20000,0,0.784296,20000,134875
magpie,metal_insulator,linear,train,20000,1,0.785870,20000,134875
magpie,metal_insulator,linear,train,20000,2,0.780991,20000,134875
magpie,metal_insulator,linear,train,20000,3,0.785615,20000,134875
magpie,metal_insulator,linear,train,20000,4,0.785607,20000,134875
magpie,metal_insulator,linear,train,20000,5,0.785369,20000,134875
magpie,magnetic_label,xgboost,train,50,0,0.616663,20000,134875
magpie,magnetic_label,xgboost,train,50,1,0.635226,20000,134875
magpie,magnetic_label,xgboost,train,50,2,0.668469,20000,134875
magpie,magnetic_label,xgboost,train,50,3,0.645957,20000,134875
magpie,magnetic_label,xgboost,train,50,4,0.656202,20000,134875
magpie,magnetic_label,xgboost,train,50,5,0.650671,20000,134875
magpie,magnetic_label,xgboost,train,50,6,0.651764,20000,134875
magpie,magnetic_label,xgboost,train,50,7,0.635179,20000,134875
magpie,magnetic_label,xgboost,train,50,8,0.693577,20000,134875
magpie,magnetic_label,xgboost,train,50,9,0.639858,20000,134875
magpie,magnetic_label,xgboost,train,50,10,0.674148,20000,134875
magpie,magnetic_label,xgboost,train,50,11,0.614668,20000,134875
magpie,magnetic_label,xgboost,train,50,12,0.654717,20000,134875
magpie,magnetic_label,xgboost,train,50,13,0.513806,20000,134875
magpie,magnetic_label,xgboost,train,50,14,0.618829,20000,134875
magpie,magnetic_label,xgboost,train,50,15,0.655089,20000,134875
magpie,magnetic_label,xgboost,train,50,16,0.634014,20000,134875
magpie,magnetic_label,xgboost,train,50,17,0.693044,20000,134875
magpie,magnetic_label,xgboost,train,50,18,0.676194,20000,134875
magpie,magnetic_label,xgboost,train,50,19,0.625292,20000,134875
magpie,magnetic_label,xgboost,train,50,20,0.702051,20000,134875
magpie,magnetic_label,xgboost,train,50,21,0.619627,20000,134875
magpie,magnetic_label,xgboost,train,50,22,0.675373,20000,134875
magpie,magnetic_label,xgboost,train,50,23,0.645813,20000,134875
magpie,magnetic_label,xgboost,train,50,24,0.704713,20000,134875
magpie,magnetic_label,xgboost,train,50,25,0.678209,20000,134875
magpie,magnetic_label,xgboost,train,50,26,0.612899,20000,134875
magpie,magnetic_label,xgboost,train,50,27,0.679780,20000,134875
magpie,magnetic_label,xgboost,train,50,28,0.622227,20000,134875
magpie,magnetic_label,xgboost,train,50,29,0.654195,20000,134875
magpie,magnetic_label,linear,train,50,0,0.620956,20000,134875
magpie,magnetic_label,linear,train,50,1,0.593180,20000,134875
magpie,magnetic_label,linear,train,50,2,0.675812,20000,134875
magpie,magnetic_label,linear,train,50,3,0.656034,20000,134875
magpie,magnetic_label,linear,train,50,4,0.661027,20000,134875
magpie,magnetic_label,linear,train,50,5,0.639877,20000,134875
magpie,magnetic_label,linear,train,50,6,0.653122,20000,134875
magpie,magnetic_label,linear,train,50,7,0.612831,20000,134875
magpie,magnetic_label,linear,train,50,8,0.632626,20000,134875
magpie,magnetic_label,linear,train,50,9,0.590862,20000,134875
magpie,magnetic_label,linear,train,50,10,0.650398,20000,134875
magpie,magnetic_label,linear,train,50,11,0.589122,20000,134875
magpie,magnetic_label,linear,train,50,12,0.633738,20000,134875
magpie,magnetic_label,linear,train,50,13,0.558625,20000,134875
magpie,magnetic_label,linear,train,50,14,0.598771,20000,134875
magpie,magnetic_label,linear,train,50,15,0.650759,20000,134875
magpie,magnetic_label,linear,train,50,16,0.672429,20000,134875
magpie,magnetic_label,linear,train,50,17,0.678922,20000,134875
magpie,magnetic_label,linear,train,50,18,0.696858,20000,134875
magpie,magnetic_label,linear,train,50,19,0.619624,20000,134875
magpie,magnetic_label,linear,train,50,20,0.664242,20000,134875
magpie,magnetic_label,linear,train,50,21,0.556303,20000,134875
magpie,magnetic_label,linear,train,50,22,0.695254,20000,134875
magpie,magnetic_label,linear,train,50,23,0.593988,20000,134875
magpie,magnetic_label,linear,train,50,24,0.655521,20000,134875
magpie,magnetic_label,linear,train,50,25,0.681887,20000,134875
magpie,magnetic_label,linear,train,50,26,0.629100,20000,134875
magpie,magnetic_label,linear,train,50,27,0.642998,20000,134875
magpie,magnetic_label,linear,train,50,28,0.674106,20000,134875
magpie,magnetic_label,linear,train,50,29,0.680972,20000,134875
magpie,magnetic_label,xgboost,train,100,0,0.641900,20000,134875
magpie,magnetic_label,xgboost,train,100,1,0.698564,20000,134875
magpie,magnetic_label,xgboost,train,100,2,0.684950,20000,134875
magpie,magnetic_label,xgboost,train,100,3,0.632186,20000,134875
magpie,magnetic_label,xgboost,train,100,4,0.709225,20000,134875
magpie,magnetic_label,xgboost,train,100,5,0.670049,20000,134875
magpie,magnetic_label,xgboost,train,100,6,0.677078,20000,134875
magpie,magnetic_label,xgboost,train,100,7,0.686443,20000,134875
magpie,magnetic_label,xgboost,train,100,8,0.694472,20000,134875
magpie,magnetic_label,xgboost,train,100,9,0.668403,20000,134875
magpie,magnetic_label,xgboost,train,100,10,0.695868,20000,134875
magpie,magnetic_label,xgboost,train,100,11,0.693600,20000,134875
magpie,magnetic_label,xgboost,train,100,12,0.696739,20000,134875
magpie,magnetic_label,xgboost,train,100,13,0.719239,20000,134875
magpie,magnetic_label,xgboost,train,100,14,0.657597,20000,134875
magpie,magnetic_label,xgboost,train,100,15,0.672217,20000,134875
magpie,magnetic_label,xgboost,train,100,16,0.673494,20000,134875
magpie,magnetic_label,xgboost,train,100,17,0.674432,20000,134875
magpie,magnetic_label,xgboost,train,100,18,0.674269,20000,134875
magpie,magnetic_label,xgboost,train,100,19,0.723100,20000,134875
magpie,magnetic_label,xgboost,train,100,20,0.666150,20000,134875
magpie,magnetic_label,xgboost,train,100,21,0.668904,20000,134875
magpie,magnetic_label,xgboost,train,100,22,0.707898,20000,134875
magpie,magnetic_label,xgboost,train,100,23,0.678549,20000,134875
magpie,magnetic_label,xgboost,train,100,24,0.689753,20000,134875
magpie,magnetic_label,xgboost,train,100,25,0.704882,20000,134875
magpie,magnetic_label,xgboost,train,100,26,0.653693,20000,134875
magpie,magnetic_label,xgboost,train,100,27,0.704891,20000,134875
magpie,magnetic_label,xgboost,train,100,28,0.694889,20000,134875
magpie,magnetic_label,xgboost,train,100,29,0.683803,20000,134875
magpie,magnetic_label,linear,train,100,0,0.638790,20000,134875
magpie,magnetic_label,linear,train,100,1,0.674244,20000,134875
magpie,magnetic_label,linear,train,100,2,0.638955,20000,134875
magpie,magnetic_label,linear,train,100,3,0.634022,20000,134875
magpie,magnetic_label,linear,train,100,4,0.667242,20000,134875
magpie,magnetic_label,linear,train,100,5,0.636893,20000,134875
magpie,magnetic_label,linear,train,100,6,0.668339,20000,134875
magpie,magnetic_label,linear,train,100,7,0.673681,20000,134875
magpie,magnetic_label,linear,train,100,8,0.679619,20000,134875
magpie,magnetic_label,linear,train,100,9,0.631722,20000,134875
magpie,magnetic_label,linear,train,100,10,0.644655,20000,134875
magpie,magnetic_label,linear,train,100,11,0.681206,20000,134875
magpie,magnetic_label,linear,train,100,12,0.647685,20000,134875
magpie,magnetic_label,linear,train,100,13,0.680442,20000,134875
magpie,magnetic_label,linear,train,100,14,0.667816,20000,134875
magpie,magnetic_label,linear,train,100,15,0.682545,20000,134875
magpie,magnetic_label,linear,train,100,16,0.642631,20000,134875
magpie,magnetic_label,linear,train,100,17,0.639562,20000,134875
magpie,magnetic_label,linear,train,100,18,0.656333,20000,134875
magpie,magnetic_label,linear,train,100,19,0.686665,20000,134875
magpie,magnetic_label,linear,train,100,20,0.643787,20000,134875
magpie,magnetic_label,linear,train,100,21,0.617475,20000,134875
magpie,magnetic_label,linear,train,100,22,0.660481,20000,134875
magpie,magnetic_label,linear,train,100,23,0.661629,20000,134875
magpie,magnetic_label,linear,train,100,24,0.655001,20000,134875
magpie,magnetic_label,linear,train,100,25,0.650812,20000,134875
magpie,magnetic_label,linear,train,100,26,0.658861,20000,134875
magpie,magnetic_label,linear,train,100,27,0.671417,20000,134875
magpie,magnetic_label,linear,train,100,28,0.679237,20000,134875
magpie,magnetic_label,linear,train,100,29,0.648156,20000,134875
magpie,magnetic_label,xgboost,train,200,0,0.719555,20000,134875
magpie,magnetic_label,xgboost,train,200,1,0.736925,20000,134875
magpie,magnetic_label,xgboost,train,200,2,0.733827,20000,134875
magpie,magnetic_label,xgboost,train,200,3,0.736374,20000,134875
magpie,magnetic_label,xgboost,train,200,4,0.721782,20000,134875
magpie,magnetic_label,xgboost,train,200,5,0.734897,20000,134875
magpie,magnetic_label,xgboost,train,200,6,0.714942,20000,134875
magpie,magnetic_label,xgboost,train,200,7,0.726750,20000,134875
magpie,magnetic_label,xgboost,train,200,8,0.724876,20000,134875
magpie,magnetic_label,xgboost,train,200,9,0.737208,20000,134875
magpie,magnetic_label,xgboost,train,200,10,0.695738,20000,134875
magpie,magnetic_label,xgboost,train,200,11,0.710342,20000,134875
magpie,magnetic_label,xgboost,train,200,12,0.718455,20000,134875
magpie,magnetic_label,xgboost,train,200,13,0.727936,20000,134875
magpie,magnetic_label,xgboost,train,200,14,0.726329,20000,134875
magpie,magnetic_label,xgboost,train,200,15,0.726625,20000,134875
magpie,magnetic_label,xgboost,train,200,16,0.712514,20000,134875
magpie,magnetic_label,xgboost,train,200,17,0.726480,20000,134875
magpie,magnetic_label,xgboost,train,200,18,0.714967,20000,134875
magpie,magnetic_label,xgboost,train,200,19,0.738788,20000,134875
magpie,magnetic_label,xgboost,train,200,20,0.691248,20000,134875
magpie,magnetic_label,xgboost,train,200,21,0.710036,20000,134875
magpie,magnetic_label,xgboost,train,200,22,0.727472,20000,134875
magpie,magnetic_label,xgboost,train,200,23,0.711545,20000,134875
magpie,magnetic_label,xgboost,train,200,24,0.721100,20000,134875
magpie,magnetic_label,xgboost,train,200,25,0.694849,20000,134875
magpie,magnetic_label,xgboost,train,200,26,0.709882,20000,134875
magpie,magnetic_label,xgboost,train,200,27,0.725348,20000,134875
magpie,magnetic_label,xgboost,train,200,28,0.712805,20000,134875
magpie,magnetic_label,xgboost,train,200,29,0.707849,20000,134875
magpie,magnetic_label,linear,train,200,0,0.661518,20000,134875
magpie,magnetic_label,linear,train,200,1,0.678999,20000,134875
magpie,magnetic_label,linear,train,200,2,0.655171,20000,134875
magpie,magnetic_label,linear,train,200,3,0.699237,20000,134875
magpie,magnetic_label,linear,train,200,4,0.694302,20000,134875
magpie,magnetic_label,linear,train,200,5,0.683066,20000,134875
magpie,magnetic_label,linear,train,200,6,0.679877,20000,134875
magpie,magnetic_label,linear,train,200,7,0.686051,20000,134875
magpie,magnetic_label,linear,train,200,8,0.681948,20000,134875
magpie,magnetic_label,linear,train,200,9,0.691213,20000,134875
magpie,magnetic_label,linear,train,200,10,0.647013,20000,134875
magpie,magnetic_label,linear,train,200,11,0.665336,20000,134875
magpie,magnetic_label,linear,train,200,12,0.688623,20000,134875
magpie,magnetic_label,linear,train,200,13,0.687855,20000,134875
magpie,magnetic_label,linear,train,200,14,0.681845,20000,134875
magpie,magnetic_label,linear,train,200,15,0.672534,20000,134875
magpie,magnetic_label,linear,train,200,16,0.684375,20000,134875
magpie,magnetic_label,linear,train,200,17,0.697435,20000,134875
magpie,magnetic_label,linear,train,200,18,0.685408,20000,134875
magpie,magnetic_label,linear,train,200,19,0.698458,20000,134875
magpie,magnetic_label,linear,train,200,20,0.688342,20000,134875
magpie,magnetic_label,linear,train,200,21,0.682824,20000,134875
magpie,magnetic_label,linear,train,200,22,0.703328,20000,134875
magpie,magnetic_label,linear,train,200,23,0.681626,20000,134875
magpie,magnetic_label,linear,train,200,24,0.661649,20000,134875
magpie,magnetic_label,linear,train,200,25,0.668608,20000,134875
magpie,magnetic_label,linear,train,200,26,0.691393,20000,134875
magpie,magnetic_label,linear,train,200,27,0.696365,20000,134875
magpie,magnetic_label,linear,train,200,28,0.684949,20000,134875
magpie,magnetic_label,linear,train,200,29,0.668682,20000,134875
magpie,magnetic_label,xgboost,train,500,0,0.759012,20000,134875
magpie,magnetic_label,xgboost,train,500,1,0.758787,20000,134875
magpie,magnetic_label,xgboost,train,500,2,0.745562,20000,134875
magpie,magnetic_label,xgboost,train,500,3,0.743731,20000,134875
magpie,magnetic_label,xgboost,train,500,4,0.766145,20000,134875
magpie,magnetic_label,xgboost,train,500,5,0.753522,20000,134875
magpie,magnetic_label,xgboost,train,500,6,0.756039,20000,134875
magpie,magnetic_label,xgboost,train,500,7,0.762347,20000,134875
magpie,magnetic_label,xgboost,train,500,8,0.751041,20000,134875
magpie,magnetic_label,xgboost,train,500,9,0.758859,20000,134875
magpie,magnetic_label,xgboost,train,500,10,0.751332,20000,134875
magpie,magnetic_label,xgboost,train,500,11,0.759007,20000,134875
magpie,magnetic_label,xgboost,train,500,12,0.750699,20000,134875
magpie,magnetic_label,xgboost,train,500,13,0.757391,20000,134875
magpie,magnetic_label,xgboost,train,500,14,0.762983,20000,134875
magpie,magnetic_label,xgboost,train,500,15,0.766734,20000,134875
magpie,magnetic_label,xgboost,train,500,16,0.751740,20000,134875
magpie,magnetic_label,xgboost,train,500,17,0.741239,20000,134875
magpie,magnetic_label,xgboost,train,500,18,0.762240,20000,134875
magpie,magnetic_label,xgboost,train,500,19,0.762278,20000,134875
magpie,magnetic_label,xgboost,train,500,20,0.750418,20000,134875
magpie,magnetic_label,xgboost,train,500,21,0.747118,20000,134875
magpie,magnetic_label,xgboost,train,500,22,0.762648,20000,134875
magpie,magnetic_label,xgboost,train,500,23,0.741086,20000,134875
magpie,magnetic_label,xgboost,train,500,24,0.764308,20000,134875
magpie,magnetic_label,xgboost,train,500,25,0.755458,20000,134875
magpie,magnetic_label,xgboost,train,500,26,0.748458,20000,134875
magpie,magnetic_label,xgboost,train,500,27,0.763423,20000,134875
magpie,magnetic_label,xgboost,train,500,28,0.745964,20000,134875
magpie,magnetic_label,xgboost,train,500,29,0.749798,20000,134875
magpie,magnetic_label,linear,train,500,0,0.716987,20000,134875
magpie,magnetic_label,linear,train,500,1,0.725091,20000,134875
magpie,magnetic_label,linear,train,500,2,0.703381,20000,134875
magpie,magnetic_label,linear,train,500,3,0.719125,20000,134875
magpie,magnetic_label,linear,train,500,4,0.715972,20000,134875
magpie,magnetic_label,linear,train,500,5,0.713871,20000,134875
magpie,magnetic_label,linear,train,500,6,0.716914,20000,134875
magpie,magnetic_label,linear,train,500,7,0.714749,20000,134875
magpie,magnetic_label,linear,train,500,8,0.711968,20000,134875
magpie,magnetic_label,linear,train,500,9,0.712656,20000,134875
magpie,magnetic_label,linear,train,500,10,0.713779,20000,134875
magpie,magnetic_label,linear,train,500,11,0.713180,20000,134875
magpie,magnetic_label,linear,train,500,12,0.698538,20000,134875
magpie,magnetic_label,linear,train,500,13,0.712397,20000,134875
magpie,magnetic_label,linear,train,500,14,0.701390,20000,134875
magpie,magnetic_label,linear,train,500,15,0.722759,20000,134875
magpie,magnetic_label,linear,train,500,16,0.716140,20000,134875
magpie,magnetic_label,linear,train,500,17,0.713030,20000,134875
magpie,magnetic_label,linear,train,500,18,0.722819,20000,134875
magpie,magnetic_label,linear,train,500,19,0.716567,20000,134875
magpie,magnetic_label,linear,train,500,20,0.718455,20000,134875
magpie,magnetic_label,linear,train,500,21,0.705174,20000,134875
magpie,magnetic_label,linear,train,500,22,0.714550,20000,134875
magpie,magnetic_label,linear,train,500,23,0.705665,20000,134875
magpie,magnetic_label,linear,train,500,24,0.722679,20000,134875
magpie,magnetic_label,linear,train,500,25,0.702864,20000,134875
magpie,magnetic_label,linear,train,500,26,0.724533,20000,134875
magpie,magnetic_label,linear,train,500,27,0.708187,20000,134875
magpie,magnetic_label,linear,train,500,28,0.709309,20000,134875
magpie,magnetic_label,linear,train,500,29,0.713504,20000,134875
magpie,magnetic_label,xgboost,train,1000,0,0.772004,20000,134875
magpie,magnetic_label,xgboost,train,1000,1,0.775659,20000,134875
magpie,magnetic_label,xgboost,train,1000,2,0.781066,20000,134875
magpie,magnetic_label,xgboost,train,1000,3,0.775145,20000,134875
magpie,magnetic_label,xgboost,train,1000,4,0.783872,20000,134875
magpie,magnetic_label,xgboost,train,1000,5,0.769042,20000,134875
magpie,magnetic_label,xgboost,train,1000,6,0.785383,20000,134875
magpie,magnetic_label,xgboost,train,1000,7,0.780457,20000,134875
magpie,magnetic_label,xgboost,train,1000,8,0.780339,20000,134875
magpie,magnetic_label,xgboost,train,1000,9,0.768644,20000,134875
magpie,magnetic_label,xgboost,train,1000,10,0.772577,20000,134875
magpie,magnetic_label,xgboost,train,1000,11,0.776317,20000,134875
magpie,magnetic_label,xgboost,train,1000,12,0.781507,20000,134875
magpie,magnetic_label,xgboost,train,1000,13,0.772373,20000,134875
magpie,magnetic_label,xgboost,train,1000,14,0.772674,20000,134875
magpie,magnetic_label,xgboost,train,1000,15,0.777016,20000,134875
magpie,magnetic_label,xgboost,train,1000,16,0.774469,20000,134875
magpie,magnetic_label,xgboost,train,1000,17,0.776685,20000,134875
magpie,magnetic_label,xgboost,train,1000,18,0.780451,20000,134875
magpie,magnetic_label,xgboost,train,1000,19,0.769629,20000,134875
magpie,magnetic_label,xgboost,train,1000,20,0.770177,20000,134875
magpie,magnetic_label,xgboost,train,1000,21,0.778888,20000,134875
magpie,magnetic_label,xgboost,train,1000,22,0.775365,20000,134875
magpie,magnetic_label,xgboost,train,1000,23,0.773290,20000,134875
magpie,magnetic_label,xgboost,train,1000,24,0.768595,20000,134875
magpie,magnetic_label,xgboost,train,1000,25,0.786909,20000,134875
magpie,magnetic_label,xgboost,train,1000,26,0.764421,20000,134875
magpie,magnetic_label,xgboost,train,1000,27,0.770282,20000,134875
magpie,magnetic_label,xgboost,train,1000,28,0.776285,20000,134875
magpie,magnetic_label,xgboost,train,1000,29,0.763048,20000,134875
magpie,magnetic_label,linear,train,1000,0,0.733313,20000,134875
magpie,magnetic_label,linear,train,1000,1,0.733722,20000,134875
magpie,magnetic_label,linear,train,1000,2,0.730498,20000,134875
magpie,magnetic_label,linear,train,1000,3,0.728467,20000,134875
magpie,magnetic_label,linear,train,1000,4,0.728183,20000,134875
magpie,magnetic_label,linear,train,1000,5,0.731581,20000,134875
magpie,magnetic_label,linear,train,1000,6,0.729461,20000,134875
magpie,magnetic_label,linear,train,1000,7,0.725418,20000,134875
magpie,magnetic_label,linear,train,1000,8,0.734173,20000,134875
magpie,magnetic_label,linear,train,1000,9,0.738719,20000,134875
magpie,magnetic_label,linear,train,1000,10,0.733321,20000,134875
magpie,magnetic_label,linear,train,1000,11,0.735280,20000,134875
magpie,magnetic_label,linear,train,1000,12,0.730828,20000,134875
magpie,magnetic_label,linear,train,1000,13,0.729294,20000,134875
magpie,magnetic_label,linear,train,1000,14,0.727049,20000,134875
magpie,magnetic_label,linear,train,1000,15,0.734432,20000,134875
magpie,magnetic_label,linear,train,1000,16,0.727752,20000,134875
magpie,magnetic_label,linear,train,1000,17,0.736475,20000,134875
magpie,magnetic_label,linear,train,1000,18,0.727939,20000,134875
magpie,magnetic_label,linear,train,1000,19,0.727746,20000,134875
magpie,magnetic_label,linear,train,1000,20,0.737282,20000,134875
magpie,magnetic_label,linear,train,1000,21,0.730248,20000,134875
magpie,magnetic_label,linear,train,1000,22,0.728387,20000,134875
magpie,magnetic_label,linear,train,1000,23,0.734343,20000,134875
magpie,magnetic_label,linear,train,1000,24,0.723003,20000,134875
magpie,magnetic_label,linear,train,1000,25,0.737420,20000,134875
magpie,magnetic_label,linear,train,1000,26,0.734980,20000,134875
magpie,magnetic_label,linear,train,1000,27,0.723435,20000,134875
magpie,magnetic_label,linear,train,1000,28,0.723916,20000,134875
magpie,magnetic_label,linear,train,1000,29,0.723641,20000,134875
magpie,magnetic_label,xgboost,train,2000,0,0.798590,20000,134875
magpie,magnetic_label,xgboost,train,2000,1,0.799808,20000,134875
magpie,magnetic_label,xgboost,train,2000,2,0.801548,20000,134875
magpie,magnetic_label,xgboost,train,2000,3,0.799747,20000,134875
magpie,magnetic_label,xgboost,train,2000,4,0.794538,20000,134875
magpie,magnetic_label,xgboost,train,2000,5,0.795812,20000,134875
magpie,magnetic_label,xgboost,train,2000,6,0.789099,20000,134875
magpie,magnetic_label,xgboost,train,2000,7,0.795984,20000,134875
magpie,magnetic_label,xgboost,train,2000,8,0.796179,20000,134875
magpie,magnetic_label,xgboost,train,2000,9,0.800639,20000,134875
magpie,magnetic_label,xgboost,train,2000,10,0.797275,20000,134875
magpie,magnetic_label,xgboost,train,2000,11,0.795103,20000,134875
magpie,magnetic_label,xgboost,train,2000,12,0.793944,20000,134875
magpie,magnetic_label,xgboost,train,2000,13,0.795105,20000,134875
magpie,magnetic_label,xgboost,train,2000,14,0.795553,20000,134875
magpie,magnetic_label,xgboost,train,2000,15,0.796770,20000,134875
magpie,magnetic_label,xgboost,train,2000,16,0.799508,20000,134875
magpie,magnetic_label,xgboost,train,2000,17,0.799471,20000,134875
magpie,magnetic_label,xgboost,train,2000,18,0.794879,20000,134875
magpie,magnetic_label,xgboost,train,2000,19,0.807660,20000,134875
magpie,magnetic_label,xgboost,train,2000,20,0.795529,20000,134875
magpie,magnetic_label,xgboost,train,2000,21,0.796263,20000,134875
magpie,magnetic_label,xgboost,train,2000,22,0.806846,20000,134875
magpie,magnetic_label,xgboost,train,2000,23,0.799148,20000,134875
magpie,magnetic_label,xgboost,train,2000,24,0.795848,20000,134875
magpie,magnetic_label,xgboost,train,2000,25,0.792973,20000,134875
magpie,magnetic_label,xgboost,train,2000,26,0.796533,20000,134875
magpie,magnetic_label,xgboost,train,2000,27,0.797804,20000,134875
magpie,magnetic_label,xgboost,train,2000,28,0.797374,20000,134875
magpie,magnetic_label,xgboost,train,2000,29,0.798002,20000,134875
magpie,magnetic_label,linear,train,2000,0,0.739853,20000,134875
magpie,magnetic_label,linear,train,2000,1,0.739148,20000,134875
magpie,magnetic_label,linear,train,2000,2,0.748522,20000,134875
magpie,magnetic_label,linear,train,2000,3,0.741129,20000,134875
magpie,magnetic_label,linear,train,2000,4,0.745189,20000,134875
magpie,magnetic_label,linear,train,2000,5,0.737048,20000,134875
magpie,magnetic_label,linear,train,2000,6,0.740743,20000,134875
magpie,magnetic_label,linear,train,2000,7,0.742825,20000,134875
magpie,magnetic_label,linear,train,2000,8,0.746764,20000,134875
magpie,magnetic_label,linear,train,2000,9,0.741114,20000,134875
magpie,magnetic_label,linear,train,2000,10,0.741623,20000,134875
magpie,magnetic_label,linear,train,2000,11,0.745862,20000,134875
magpie,magnetic_label,linear,train,2000,12,0.735861,20000,134875
magpie,magnetic_label,linear,train,2000,13,0.738461,20000,134875
magpie,magnetic_label,linear,train,2000,14,0.743378,20000,134875
magpie,magnetic_label,linear,train,2000,15,0.745105,20000,134875
magpie,magnetic_label,linear,train,2000,16,0.746758,20000,134875
magpie,magnetic_label,linear,train,2000,17,0.744134,20000,134875
magpie,magnetic_label,linear,train,2000,18,0.737491,20000,134875
magpie,magnetic_label,linear,train,2000,19,0.739672,20000,134875
magpie,magnetic_label,linear,train,2000,20,0.742746,20000,134875
magpie,magnetic_label,linear,train,2000,21,0.743999,20000,134875
magpie,magnetic_label,linear,train,2000,22,0.750397,20000,134875
magpie,magnetic_label,linear,train,2000,23,0.739189,20000,134875
magpie,magnetic_label,linear,train,2000,24,0.736567,20000,134875
magpie,magnetic_label,linear,train,2000,25,0.741704,20000,134875
magpie,magnetic_label,linear,train,2000,26,0.739267,20000,134875
magpie,magnetic_label,linear,train,2000,27,0.740992,20000,134875
magpie,magnetic_label,linear,train,2000,28,0.740685,20000,134875
magpie,magnetic_label,linear,train,2000,29,0.747051,20000,134875
magpie,magnetic_label,xgboost,train,5000,0,0.819149,20000,134875
magpie,magnetic_label,xgboost,train,5000,1,0.819117,20000,134875
magpie,magnetic_label,xgboost,train,5000,2,0.820102,20000,134875
magpie,magnetic_label,xgboost,train,5000,3,0.819665,20000,134875
magpie,magnetic_label,xgboost,train,5000,4,0.827526,20000,134875
magpie,magnetic_label,xgboost,train,5000,5,0.819987,20000,134875
magpie,magnetic_label,xgboost,train,5000,6,0.821281,20000,134875
magpie,magnetic_label,xgboost,train,5000,7,0.821810,20000,134875
magpie,magnetic_label,xgboost,train,5000,8,0.820732,20000,134875
magpie,magnetic_label,xgboost,train,5000,9,0.814517,20000,134875
magpie,magnetic_label,linear,train,5000,0,0.754320,20000,134875
magpie,magnetic_label,linear,train,5000,1,0.750601,20000,134875
magpie,magnetic_label,linear,train,5000,2,0.752976,20000,134875
magpie,magnetic_label,linear,train,5000,3,0.751828,20000,134875
magpie,magnetic_label,linear,train,5000,4,0.756259,20000,134875
magpie,magnetic_label,linear,train,5000,5,0.753432,20000,134875
magpie,magnetic_label,linear,train,5000,6,0.754741,20000,134875
magpie,magnetic_label,linear,train,5000,7,0.753714,20000,134875
magpie,magnetic_label,linear,train,5000,8,0.754443,20000,134875
magpie,magnetic_label,linear,train,5000,9,0.747966,20000,134875
magpie,magnetic_label,xgboost,train,7000,0,0.828124,20000,134875
magpie,magnetic_label,xgboost,train,7000,1,0.828148,20000,134875
magpie,magnetic_label,xgboost,train,7000,2,0.828111,20000,134875
magpie,magnetic_label,xgboost,train,7000,3,0.827187,20000,134875
magpie,magnetic_label,xgboost,train,7000,4,0.829247,20000,134875
magpie,magnetic_label,xgboost,train,7000,5,0.828377,20000,134875
magpie,magnetic_label,xgboost,train,7000,6,0.829987,20000,134875
magpie,magnetic_label,linear,train,7000,0,0.754187,20000,134875
magpie,magnetic_label,linear,train,7000,1,0.754735,20000,134875
magpie,magnetic_label,linear,train,7000,2,0.757409,20000,134875
magpie,magnetic_label,linear,train,7000,3,0.757566,20000,134875
magpie,magnetic_label,linear,train,7000,4,0.758196,20000,134875
magpie,magnetic_label,linear,train,7000,5,0.755945,20000,134875
magpie,magnetic_label,linear,train,7000,6,0.756399,20000,134875
magpie,magnetic_label,xgboost,train,10000,0,0.831187,20000,134875
magpie,magnetic_label,xgboost,train,10000,1,0.835882,20000,134875
magpie,magnetic_label,xgboost,train,10000,2,0.834964,20000,134875
magpie,magnetic_label,xgboost,train,10000,3,0.835192,20000,134875
magpie,magnetic_label,xgboost,train,10000,4,0.835851,20000,134875
magpie,magnetic_label,xgboost,train,10000,5,0.832159,20000,134875
magpie,magnetic_label,xgboost,train,10000,6,0.831705,20000,134875
magpie,magnetic_label,linear,train,10000,0,0.758408,20000,134875
magpie,magnetic_label,linear,train,10000,1,0.758964,20000,134875
magpie,magnetic_label,linear,train,10000,2,0.757949,20000,134875
magpie,magnetic_label,linear,train,10000,3,0.760031,20000,134875
magpie,magnetic_label,linear,train,10000,4,0.756683,20000,134875
magpie,magnetic_label,linear,train,10000,5,0.759445,20000,134875
magpie,magnetic_label,linear,train,10000,6,0.755991,20000,134875
magpie,magnetic_label,xgboost,train,20000,0,0.841555,20000,134875
magpie,magnetic_label,xgboost,train,20000,1,0.844017,20000,134875
magpie,magnetic_label,xgboost,train,20000,2,0.845989,20000,134875
magpie,magnetic_label,xgboost,train,20000,3,0.846723,20000,134875
magpie,magnetic_label,xgboost,train,20000,4,0.844850,20000,134875
magpie,magnetic_label,xgboost,train,20000,5,0.842649,20000,134875
magpie,magnetic_label,linear,train,20000,0,0.762559,20000,134875
magpie,magnetic_label,linear,train,20000,1,0.760820,20000,134875
magpie,magnetic_label,linear,train,20000,2,0.760563,20000,134875
magpie,magnetic_label,linear,train,20000,3,0.764718,20000,134875
magpie,magnetic_label,linear,train,20000,4,0.761666,20000,134875
magpie,magnetic_label,linear,train,20000,5,0.763110,20000,134875
