arm,target,method,axis,n,rep,score,n_test,n_pool
uma,formation_energy/atom,xgboost,train,50,0,0.764560,20000,134875
uma,formation_energy/atom,xgboost,train,50,1,0.638419,20000,134875
uma,formation_energy/atom,xgboost,train,50,2,0.704230,20000,134875
uma,formation_energy/atom,xgboost,train,50,3,0.770825,20000,134875
uma,formation_energy/atom,xgboost,train,50,4,0.712832,20000,134875
uma,formation_energy/atom,xgboost,train,50,5,0.718218,20000,134875
uma,formation_energy/atom,xgboost,train,50,6,0.638039,20000,134875
uma,formation_energy/atom,xgboost,train,50,7,0.729857,20000,134875
uma,formation_energy/atom,xgboost,train,50,8,0.735421,20000,134875
uma,formation_energy/atom,xgboost,train,50,9,0.777818,20000,134875
uma,formation_energy/atom,xgboost,train,50,10,0.692782,20000,134875
uma,formation_energy/atom,xgboost,train,50,11,0.732628,20000,134875
uma,formation_energy/atom,xgboost,train,50,12,0.648887,20000,134875
uma,formation_energy/atom,xgboost,train,50,13,0.742978,20000,134875
uma,formation_energy/atom,xgboost,train,50,14,0.771618,20000,134875
uma,formation_energy/atom,xgboost,train,50,15,0.669886,20000,134875
uma,formation_energy/atom,xgboost,train,50,16,0.705101,20000,134875
uma,formation_energy/atom,xgboost,train,50,17,0.776925,20000,134875
uma,formation_energy/atom,xgboost,train,50,18,0.680867,20000,134875
uma,formation_energy/atom,xgboost,train,50,19,0.694994,20000,134875
uma,formation_energy/atom,xgboost,train,50,20,0.773400,20000,134875
uma,formation_energy/atom,xgboost,train,50,21,0.766995,20000,134875
uma,formation_energy/atom,xgboost,train,50,22,0.676107,20000,134875
uma,formation_energy/atom,xgboost,train,50,23,0.707215,20000,134875
uma,formation_energy/atom,xgboost,train,50,24,0.827054,20000,134875
uma,formation_energy/atom,xgboost,train,50,25,0.649806,20000,134875
uma,formation_energy/atom,xgboost,train,50,26,0.788144,20000,134875
uma,formation_energy/atom,xgboost,train,50,27,0.782799,20000,134875
uma,formation_energy/atom,xgboost,train,50,28,0.706101,20000,134875
uma,formation_energy/atom,xgboost,train,50,29,0.665107,20000,134875
uma,formation_energy/atom,linear,train,50,0,0.857609,20000,134875
uma,formation_energy/atom,linear,train,50,1,0.781715,20000,134875
uma,formation_energy/atom,linear,train,50,2,0.846179,20000,134875
uma,formation_energy/atom,linear,train,50,3,0.828648,20000,134875
uma,formation_energy/atom,linear,train,50,4,0.841087,20000,134875
uma,formation_energy/atom,linear,train,50,5,0.777616,20000,134875
uma,formation_energy/atom,linear,train,50,6,0.861409,20000,134875
uma,formation_energy/atom,linear,train,50,7,0.865001,20000,134875
uma,formation_energy/atom,linear,train,50,8,0.854205,20000,134875
uma,formation_energy/atom,linear,train,50,9,0.825634,20000,134875
uma,formation_energy/atom,linear,train,50,10,0.761245,20000,134875
uma,formation_energy/atom,linear,train,50,11,0.842790,20000,134875
uma,formation_energy/atom,linear,train,50,12,0.816857,20000,134875
uma,formation_energy/atom,linear,train,50,13,0.876611,20000,134875
uma,formation_energy/atom,linear,train,50,14,0.798488,20000,134875
uma,formation_energy/atom,linear,train,50,15,0.783266,20000,134875
uma,formation_energy/atom,linear,train,50,16,0.823093,20000,134875
uma,formation_energy/atom,linear,train,50,17,0.806031,20000,134875
uma,formation_energy/atom,linear,train,50,18,0.870656,20000,134875
uma,formation_energy/atom,linear,train,50,19,0.839744,20000,134875
uma,formation_energy/atom,linear,train,50,20,0.822343,20000,134875
uma,formation_energy/atom,linear,train,50,21,0.804862,20000,134875
uma,formation_energy/atom,linear,train,50,22,0.805321,20000,134875
uma,formation_energy/atom,linear,train,50,23,0.827841,20000,134875
uma,formation_energy/atom,linear,train,50,24,0.832536,20000,134875
uma,formation_energy/atom,linear,train,50,25,0.824524,20000,134875
uma,formation_energy/atom,linear,train,50,26,0.830276,20000,134875
uma,formation_energy/atom,linear,train,50,27,0.845107,20000,134875
uma,formation_energy/atom,linear,train,50,28,0.855731,20000,134875
uma,formation_energy/atom,linear,train,50,29,0.766039,20000,134875
uma,formation_energy/atom,xgboost,train,100,0,0.803071,20000,134875
uma,formation_energy/atom,xgboost,train,100,1,0.748867,20000,134875
uma,formation_energy/atom,xgboost,train,100,2,0.854591,20000,134875
uma,formation_energy/atom,xgboost,train,100,3,0.745695,20000,134875
uma,formation_energy/atom,xgboost,train,100,4,0.790898,20000,134875
uma,formation_energy/atom,xgboost,train,100,5,0.852762,20000,134875
uma,formation_energy/atom,xgboost,train,100,6,0.788663,20000,134875
uma,formation_energy/atom,xgboost,train,100,7,0.824195,20000,134875
uma,formation_energy/atom,xgboost,train,100,8,0.831986,20000,134875
uma,formation_energy/atom,xgboost,train,100,9,0.812335,20000,134875
uma,formation_energy/atom,xgboost,train,100,10,0.811989,20000,134875
uma,formation_energy/atom,xgboost,train,100,11,0.870913,20000,134875
uma,formation_energy/atom,xgboost,train,100,12,0.793288,20000,134875
uma,formation_energy/atom,xgboost,train,100,13,0.791692,20000,134875
uma,formation_energy/atom,xgboost,train,100,14,0.781260,20000,134875
uma,formation_energy/atom,xgboost,train,100,15,0.823343,20000,134875
uma,formation_energy/atom,xgboost,train,100,16,0.784555,20000,134875
uma,formation_energy/atom,xgboost,train,100,17,0.766075,20000,134875
uma,formation_energy/atom,xgboost,train,100,18,0.795719,20000,134875
uma,formation_energy/atom,xgboost,train,100,19,0.802276,20000,134875
uma,formation_energy/atom,xgboost,train,100,20,0.817797,20000,134875
uma,formation_energy/atom,xgboost,train,100,21,0.843731,20000,134875
uma,formation_energy/atom,xgboost,train,100,22,0.815037,20000,134875
uma,formation_energy/atom,xgboost,train,100,23,0.737830,20000,134875
uma,formation_energy/atom,xgboost,train,100,24,0.850052,20000,134875
uma,formation_energy/atom,xgboost,train,100,25,0.774277,20000,134875
uma,formation_energy/atom,xgboost,train,100,26,0.796496,20000,134875
uma,formation_energy/atom,xgboost,train,100,27,0.778860,20000,134875
uma,formation_energy/atom,xgboost,train,100,28,0.813368,20000,134875
uma,formation_energy/atom,xgboost,train,100,29,0.812406,20000,134875
uma,formation_energy/atom,linear,train,100,0,0.888356,20000,134875
uma,formation_energy/atom,linear,train,100,1,0.854542,20000,134875
uma,formation_energy/atom,linear,train,100,2,0.908988,20000,134875
uma,formation_energy/atom,linear,train,100,3,0.876769,20000,134875
uma,formation_energy/atom,linear,train,100,4,0.893422,20000,134875
uma,formation_energy/atom,linear,train,100,5,0.916452,20000,134875
uma,formation_energy/atom,linear,train,100,6,0.863346,20000,134875
uma,formation_energy/atom,linear,train,100,7,0.832225,20000,134875
uma,formation_energy/atom,linear,train,100,8,0.892394,20000,134875
uma,formation_energy/atom,linear,train,100,9,0.882333,20000,134875
uma,formation_energy/atom,linear,train,100,10,0.894519,20000,134875
uma,formation_energy/atom,linear,train,100,11,0.898640,20000,134875
uma,formation_energy/atom,linear,train,100,12,0.898543,20000,134875
uma,formation_energy/atom,linear,train,100,13,0.874090,20000,134875
uma,formation_energy/atom,linear,train,100,14,0.895779,20000,134875
uma,formation_energy/atom,linear,train,100,15,0.888396,20000,134875
uma,formation_energy/atom,linear,train,100,16,0.891643,20000,134875
uma,formation_energy/atom,linear,train,100,17,0.882752,20000,134875
uma,formation_energy/atom,linear,train,100,18,0.829852,20000,134875
uma,formation_energy/atom,linear,train,100,19,0.892460,20000,134875
uma,formation_energy/atom,linear,train,100,20,0.912010,20000,134875
uma,formation_energy/atom,linear,train,100,21,0.912933,20000,134875
uma,formation_energy/atom,linear,train,100,22,0.895943,20000,134875
uma,formation_energy/atom,linear,train,100,23,0.845400,20000,134875
uma,formation_energy/atom,linear,train,100,24,0.907266,20000,134875
uma,formation_energy/atom,linear,train,100,25,0.880841,20000,134875
uma,formation_energy/atom,linear,train,100,26,0.859463,20000,134875
uma,formation_energy/atom,linear,train,100,27,0.868199,20000,134875
uma,formation_energy/atom,linear,train,100,28,0.904973,20000,134875
uma,formation_energy/atom,linear,train,100,29,0.887366,20000,134875
uma,formation_energy/atom,xgboost,train,200,0,0.895820,20000,134875
uma,formation_energy/atom,xgboost,train,200,1,0.876622,20000,134875
uma,formation_energy/atom,xgboost,train,200,2,0.891223,20000,134875
uma,formation_energy/atom,xgboost,train,200,3,0.894925,20000,134875
uma,formation_energy/atom,xgboost,train,200,4,0.874917,20000,134875
uma,formation_energy/atom,xgboost,train,200,5,0.863764,20000,134875
uma,formation_energy/atom,xgboost,train,200,6,0.872060,20000,134875
uma,formation_energy/atom,xgboost,train,200,7,0.838722,20000,134875
uma,formation_energy/atom,xgboost,train,200,8,0.876114,20000,134875
uma,formation_energy/atom,xgboost,train,200,9,0.799878,20000,134875
uma,formation_energy/atom,xgboost,train,200,10,0.866083,20000,134875
uma,formation_energy/atom,xgboost,train,200,11,0.865692,20000,134875
uma,formation_energy/atom,xgboost,train,200,12,0.865239,20000,134875
uma,formation_energy/atom,xgboost,train,200,13,0.881473,20000,134875
uma,formation_energy/atom,xgboost,train,200,14,0.892157,20000,134875
uma,formation_energy/atom,xgboost,train,200,15,0.874011,20000,134875
uma,formation_energy/atom,xgboost,train,200,16,0.884685,20000,134875
uma,formation_energy/atom,xgboost,train,200,17,0.875667,20000,134875
uma,formation_energy/atom,xgboost,train,200,18,0.850975,20000,134875
uma,formation_energy/atom,xgboost,train,200,19,0.884477,20000,134875
uma,formation_energy/atom,xgboost,train,200,20,0.875274,20000,134875
uma,formation_energy/atom,xgboost,train,200,21,0.887393,20000,134875
uma,formation_energy/atom,xgboost,train,200,22,0.870055,20000,134875
uma,formation_energy/atom,xgboost,train,200,23,0.882336,20000,134875
uma,formation_energy/atom,xgboost,train,200,24,0.865107,20000,134875
uma,formation_energy/atom,xgboost,train,200,25,0.812688,20000,134875
uma,formation_energy/atom,xgboost,train,200,26,0.873294,20000,134875
uma,formation_energy/atom,xgboost,train,200,27,0.866815,20000,134875
uma,formation_energy/atom,xgboost,train,200,28,0.862220,20000,134875
uma,formation_energy/atom,xgboost,train,200,29,0.862069,20000,134875
uma,formation_energy/atom,linear,train,200,0,0.934907,20000,134875
uma,formation_energy/atom,linear,train,200,1,0.936781,20000,134875
uma,formation_energy/atom,linear,train,200,2,0.906815,20000,134875
uma,formation_energy/atom,linear,train,200,3,0.933968,20000,134875
uma,formation_energy/atom,linear,train,200,4,0.935107,20000,134875
uma,formation_energy/atom,linear,train,200,5,0.927855,20000,134875
uma,formation_energy/atom,linear,train,200,6,0.932247,20000,134875
uma,formation_energy/atom,linear,train,200,7,0.929954,20000,134875
uma,formation_energy/atom,linear,train,200,8,0.935071,20000,134875
uma,formation_energy/atom,linear,train,200,9,0.928665,20000,134875
uma,formation_energy/atom,linear,train,200,10,0.937445,20000,134875
uma,formation_energy/atom,linear,train,200,11,0.938345,20000,134875
uma,formation_energy/atom,linear,train,200,12,0.932368,20000,134875
uma,formation_energy/atom,linear,train,200,13,0.927346,20000,134875
uma,formation_energy/atom,linear,train,200,14,0.936931,20000,134875
uma,formation_energy/atom,linear,train,200,15,0.938957,20000,134875
uma,formation_energy/atom,linear,train,200,16,0.920179,20000,134875
uma,formation_energy/atom,linear,train,200,17,0.925081,20000,134875
uma,formation_energy/atom,linear,train,200,18,0.927699,20000,134875
uma,formation_energy/atom,linear,train,200,19,0.922976,20000,134875
uma,formation_energy/atom,linear,train,200,20,0.920835,20000,134875
uma,formation_energy/atom,linear,train,200,21,0.925013,20000,134875
uma,formation_energy/atom,linear,train,200,22,0.934350,20000,134875
uma,formation_energy/atom,linear,train,200,23,0.933460,20000,134875
uma,formation_energy/atom,linear,train,200,24,0.925957,20000,134875
uma,formation_energy/atom,linear,train,200,25,0.905633,20000,134875
uma,formation_energy/atom,linear,train,200,26,0.916791,20000,134875
uma,formation_energy/atom,linear,train,200,27,0.930493,20000,134875
uma,formation_energy/atom,linear,train,200,28,0.929248,20000,134875
uma,formation_energy/atom,linear,train,200,29,0.936011,20000,134875
uma,formation_energy/atom,xgboost,train,500,0,0.922894,20000,134875
uma,formation_energy/atom,xgboost,train,500,1,0.923246,20000,134875
uma,formation_energy/atom,xgboost,train,500,2,0.924725,20000,134875
uma,formation_energy/atom,xgboost,train,500,3,0.917056,20000,134875
uma,formation_energy/atom,xgboost,train,500,4,0.906536,20000,134875
uma,formation_energy/atom,xgboost,train,500,5,0.909706,20000,134875
uma,formation_energy/atom,xgboost,train,500,6,0.929218,20000,134875
uma,formation_energy/atom,xgboost,train,500,7,0.926242,20000,134875
uma,formation_energy/atom,xgboost,train,500,8,0.920804,20000,134875
uma,formation_energy/atom,xgboost,train,500,9,0.908588,20000,134875
uma,formation_energy/atom,xgboost,train,500,10,0.918467,20000,134875
uma,formation_energy/atom,xgboost,train,500,11,0.911199,20000,134875
uma,formation_energy/atom,xgboost,train,500,12,0.926548,20000,134875
uma,formation_energy/atom,xgboost,train,500,13,0.901674,20000,134875
uma,formation_energy/atom,xgboost,train,500,14,0.909685,20000,134875
uma,formation_energy/atom,xgboost,train,500,15,0.930340,20000,134875
uma,formation_energy/atom,xgboost,train,500,16,0.922856,20000,134875
uma,formation_energy/atom,xgboost,train,500,17,0.916123,20000,134875
uma,formation_energy/atom,xgboost,train,500,18,0.926493,20000,134875
uma,formation_energy/atom,xgboost,train,500,19,0.921624,20000,134875
uma,formation_energy/atom,xgboost,train,500,20,0.917951,20000,134875
uma,formation_energy/atom,xgboost,train,500,21,0.916659,20000,134875
uma,formation_energy/atom,xgboost,train,500,22,0.915414,20000,134875
uma,formation_energy/atom,xgboost,train,500,23,0.913553,20000,134875
uma,formation_energy/atom,xgboost,train,500,24,0.917490,20000,134875
uma,formation_energy/atom,xgboost,train,500,25,0.928366,20000,134875
uma,formation_energy/atom,xgboost,train,500,26,0.920427,20000,134875
uma,formation_energy/atom,xgboost,train,500,27,0.917856,20000,134875
uma,formation_energy/atom,xgboost,train,500,28,0.918632,20000,134875
uma,formation_energy/atom,xgboost,train,500,29,0.923525,20000,134875
uma,formation_energy/atom,linear,train,500,0,0.961918,20000,134875
uma,formation_energy/atom,linear,train,500,1,0.948896,20000,134875
uma,formation_energy/atom,linear,train,500,2,0.952510,20000,134875
uma,formation_energy/atom,linear,train,500,3,0.960857,20000,134875
uma,formation_energy/atom,linear,train,500,4,0.947663,20000,134875
uma,formation_energy/atom,linear,train,500,5,0.953697,20000,134875
uma,formation_energy/atom,linear,train,500,6,0.963015,20000,134875
uma,formation_energy/atom,linear,train,500,7,0.961971,20000,134875
uma,formation_energy/atom,linear,train,500,8,0.943131,20000,134875
uma,formation_energy/atom,linear,train,500,9,0.958432,20000,134875
uma,formation_energy/atom,linear,train,500,10,0.954127,20000,134875
uma,formation_energy/atom,linear,train,500,11,0.946022,20000,134875
uma,formation_energy/atom,linear,train,500,12,0.957760,20000,134875
uma,formation_energy/atom,linear,train,500,13,0.943535,20000,134875
uma,formation_energy/atom,linear,train,500,14,0.955884,20000,134875
uma,formation_energy/atom,linear,train,500,15,0.964324,20000,134875
uma,formation_energy/atom,linear,train,500,16,0.955659,20000,134875
uma,formation_energy/atom,linear,train,500,17,0.956507,20000,134875
uma,formation_energy/atom,linear,train,500,18,0.958582,20000,134875
uma,formation_energy/atom,linear,train,500,19,0.960252,20000,134875
uma,formation_energy/atom,linear,train,500,20,0.957093,20000,134875
uma,formation_energy/atom,linear,train,500,21,0.958693,20000,134875
uma,formation_energy/atom,linear,train,500,22,0.951364,20000,134875
uma,formation_energy/atom,linear,train,500,23,0.948749,20000,134875
uma,formation_energy/atom,linear,train,500,24,0.960611,20000,134875
uma,formation_energy/atom,linear,train,500,25,0.955796,20000,134875
uma,formation_energy/atom,linear,train,500,26,0.950813,20000,134875
uma,formation_energy/atom,linear,train,500,27,0.956796,20000,134875
uma,formation_energy/atom,linear,train,500,28,0.955862,20000,134875
uma,formation_energy/atom,linear,train,500,29,0.956304,20000,134875
uma,formation_energy/atom,xgboost,train,1000,0,0.952055,20000,134875
uma,formation_energy/atom,xgboost,train,1000,1,0.945469,20000,134875
uma,formation_energy/atom,xgboost,train,1000,2,0.945749,20000,134875
uma,formation_energy/atom,xgboost,train,1000,3,0.950280,20000,134875
uma,formation_energy/atom,xgboost,train,1000,4,0.953218,20000,134875
uma,formation_energy/atom,xgboost,train,1000,5,0.945201,20000,134875
uma,formation_energy/atom,xgboost,train,1000,6,0.947544,20000,134875
uma,formation_energy/atom,xgboost,train,1000,7,0.939023,20000,134875
uma,formation_energy/atom,xgboost,train,1000,8,0.943836,20000,134875
uma,formation_energy/atom,xgboost,train,1000,9,0.944264,20000,134875
uma,formation_energy/atom,xgboost,train,1000,10,0.942254,20000,134875
uma,formation_energy/atom,xgboost,train,1000,11,0.944868,20000,134875
uma,formation_energy/atom,xgboost,train,1000,12,0.950663,20000,134875
uma,formation_energy/atom,xgboost,train,1000,13,0.949095,20000,134875
uma,formation_energy/atom,xgboost,train,1000,14,0.947833,20000,134875
uma,formation_energy/atom,xgboost,train,1000,15,0.940911,20000,134875
uma,formation_energy/atom,xgboost,train,1000,16,0.946364,20000,134875
uma,formation_energy/atom,xgboost,train,1000,17,0.946438,20000,134875
uma,formation_energy/atom,xgboost,train,1000,18,0.945358,20000,134875
uma,formation_energy/atom,xgboost,train,1000,19,0.949688,20000,134875
uma,formation_energy/atom,xgboost,train,1000,20,0.950742,20000,134875
uma,formation_energy/atom,xgboost,train,1000,21,0.942942,20000,134875
uma,formation_energy/atom,xgboost,train,1000,22,0.947615,20000,134875
uma,formation_energy/atom,xgboost,train,1000,23,0.944962,20000,134875
uma,formation_energy/atom,xgboost,train,1000,24,0.931031,20000,134875
uma,formation_energy/atom,xgboost,train,1000,25,0.947462,20000,134875
uma,formation_energy/atom,xgboost,train,1000,26,0.946616,20000,134875
uma,formation_energy/atom,xgboost,train,1000,27,0.945752,20000,134875
uma,formation_energy/atom,xgboost,train,1000,28,0.942075,20000,134875
uma,formation_energy/atom,xgboost,train,1000,29,0.949192,20000,134875
uma,formation_energy/atom,linear,train,1000,0,0.973246,20000,134875
uma,formation_energy/atom,linear,train,1000,1,0.971063,20000,134875
uma,formation_energy/atom,linear,train,1000,2,0.970843,20000,134875
uma,formation_energy/atom,linear,train,1000,3,0.971003,20000,134875
uma,formation_energy/atom,linear,train,1000,4,0.970162,20000,134875
uma,formation_energy/atom,linear,train,1000,5,0.969871,20000,134875
uma,formation_energy/atom,linear,train,1000,6,0.970506,20000,134875
uma,formation_energy/atom,linear,train,1000,7,0.968737,20000,134875
uma,formation_energy/atom,linear,train,1000,8,0.968160,20000,134875
uma,formation_energy/atom,linear,train,1000,9,0.972493,20000,134875
uma,formation_energy/atom,linear,train,1000,10,0.970672,20000,134875
uma,formation_energy/atom,linear,train,1000,11,0.969746,20000,134875
uma,formation_energy/atom,linear,train,1000,12,0.971444,20000,134875
uma,formation_energy/atom,linear,train,1000,13,0.973612,20000,134875
uma,formation_energy/atom,linear,train,1000,14,0.967080,20000,134875
uma,formation_energy/atom,linear,train,1000,15,0.961777,20000,134875
uma,formation_energy/atom,linear,train,1000,16,0.965339,20000,134875
uma,formation_energy/atom,linear,train,1000,17,0.968730,20000,134875
uma,formation_energy/atom,linear,train,1000,18,0.971662,20000,134875
uma,formation_energy/atom,linear,train,1000,19,0.963050,20000,134875
uma,formation_energy/atom,linear,train,1000,20,0.968028,20000,134875
uma,formation_energy/atom,linear,train,1000,21,0.970682,20000,134875
uma,formation_energy/atom,linear,train,1000,22,0.968797,20000,134875
uma,formation_energy/atom,linear,train,1000,23,0.968118,20000,134875
uma,formation_energy/atom,linear,train,1000,24,0.967268,20000,134875
uma,formation_energy/atom,linear,train,1000,25,0.968537,20000,134875
uma,formation_energy/atom,linear,train,1000,26,0.971267,20000,134875
uma,formation_energy/atom,linear,train,1000,27,0.969564,20000,134875
uma,formation_energy/atom,linear,train,1000,28,0.970222,20000,134875
uma,formation_energy/atom,linear,train,1000,29,0.967139,20000,134875
uma,formation_energy/atom,xgboost,train,2000,0,0.964841,20000,134875
uma,formation_energy/atom,xgboost,train,2000,1,0.961772,20000,134875
uma,formation_energy/atom,xgboost,train,2000,2,0.963523,20000,134875
uma,formation_energy/atom,xgboost,train,2000,3,0.959251,20000,134875
uma,formation_energy/atom,xgboost,train,2000,4,0.963064,20000,134875
uma,formation_energy/atom,xgboost,train,2000,5,0.963809,20000,134875
uma,formation_energy/atom,xgboost,train,2000,6,0.963646,20000,134875
uma,formation_energy/atom,xgboost,train,2000,7,0.964960,20000,134875
uma,formation_energy/atom,xgboost,train,2000,8,0.960770,20000,134875
uma,formation_energy/atom,xgboost,train,2000,9,0.963764,20000,134875
uma,formation_energy/atom,xgboost,train,2000,10,0.963251,20000,134875
uma,formation_energy/atom,xgboost,train,2000,11,0.963781,20000,134875
uma,formation_energy/atom,xgboost,train,2000,12,0.965102,20000,134875
uma,formation_energy/atom,xgboost,train,2000,13,0.960878,20000,134875
uma,formation_energy/atom,xgboost,train,2000,14,0.959599,20000,134875
uma,formation_energy/atom,xgboost,train,2000,15,0.962845,20000,134875
uma,formation_energy/atom,xgboost,train,2000,16,0.962678,20000,134875
uma,formation_energy/atom,xgboost,train,2000,17,0.967227,20000,134875
uma,formation_energy/atom,xgboost,train,2000,18,0.957601,20000,134875
uma,formation_energy/atom,xgboost,train,2000,19,0.960394,20000,134875
uma,formation_energy/atom,xgboost,train,2000,20,0.958367,20000,134875
uma,formation_energy/atom,xgboost,train,2000,21,0.958938,20000,134875
uma,formation_energy/atom,xgboost,train,2000,22,0.960906,20000,134875
uma,formation_energy/atom,xgboost,train,2000,23,0.960316,20000,134875
uma,formation_energy/atom,xgboost,train,2000,24,0.963221,20000,134875
uma,formation_energy/atom,xgboost,train,2000,25,0.960392,20000,134875
uma,formation_energy/atom,xgboost,train,2000,26,0.955495,20000,134875
uma,formation_energy/atom,xgboost,train,2000,27,0.961626,20000,134875
uma,formation_energy/atom,xgboost,train,2000,28,0.964182,20000,134875
uma,formation_energy/atom,xgboost,train,2000,29,0.963307,20000,134875
uma,formation_energy/atom,linear,train,2000,0,0.976263,20000,134875
uma,formation_energy/atom,linear,train,2000,1,0.975982,20000,134875
uma,formation_energy/atom,linear,train,2000,2,0.975816,20000,134875
uma,formation_energy/atom,linear,train,2000,3,0.975463,20000,134875
uma,formation_energy/atom,linear,train,2000,4,0.978317,20000,134875
uma,formation_energy/atom,linear,train,2000,5,0.977905,20000,134875
uma,formation_energy/atom,linear,train,2000,6,0.976978,20000,134875
uma,formation_energy/atom,linear,train,2000,7,0.977511,20000,134875
uma,formation_energy/atom,linear,train,2000,8,0.974303,20000,134875
uma,formation_energy/atom,linear,train,2000,9,0.976069,20000,134875
uma,formation_energy/atom,linear,train,2000,10,0.976494,20000,134875
uma,formation_energy/atom,linear,train,2000,11,0.976681,20000,134875
uma,formation_energy/atom,linear,train,2000,12,0.977635,20000,134875
uma,formation_energy/atom,linear,train,2000,13,0.977992,20000,134875
uma,formation_energy/atom,linear,train,2000,14,0.974197,20000,134875
uma,formation_energy/atom,linear,train,2000,15,0.978157,20000,134875
uma,formation_energy/atom,linear,train,2000,16,0.976388,20000,134875
uma,formation_energy/atom,linear,train,2000,17,0.978100,20000,134875
uma,formation_energy/atom,linear,train,2000,18,0.976696,20000,134875
uma,formation_energy/atom,linear,train,2000,19,0.975056,20000,134875
uma,formation_energy/atom,linear,train,2000,20,0.975565,20000,134875
uma,formation_energy/atom,linear,train,2000,21,0.972943,20000,134875
uma,formation_energy/atom,linear,train,2000,22,0.978491,20000,134875
uma,formation_energy/atom,linear,train,2000,23,0.977078,20000,134875
uma,formation_energy/atom,linear,train,2000,24,0.977955,20000,134875
uma,formation_energy/atom,linear,train,2000,25,0.975335,20000,134875
uma,formation_energy/atom,linear,train,2000,26,0.976098,20000,134875
uma,formation_energy/atom,linear,train,2000,27,0.975433,20000,134875
uma,formation_energy/atom,linear,train,2000,28,0.977785,20000,134875
uma,formation_energy/atom,linear,train,2000,29,0.977158,20000,134875
uma,formation_energy/atom,xgboost,train,5000,0,0.976620,20000,134875
uma,formation_energy/atom,xgboost,train,5000,1,0.977908,20000,134875
uma,formation_energy/atom,xgboost,train,5000,2,0.977381,20000,134875
uma,formation_energy/atom,xgboost,train,5000,3,0.974692,20000,134875
uma,formation_energy/atom,xgboost,train,5000,4,0.975978,20000,134875
uma,formation_energy/atom,xgboost,train,5000,5,0.975671,20000,134875
uma,formation_energy/atom,xgboost,train,5000,6,0.975989,20000,134875
uma,formation_energy/atom,xgboost,train,5000,7,0.976902,20000,134875
uma,formation_energy/atom,xgboost,train,5000,8,0.975909,20000,134875
uma,formation_energy/atom,xgboost,train,5000,9,0.976109,20000,134875
uma,formation_energy/atom,linear,train,5000,0,0.981854,20000,134875
uma,formation_energy/atom,linear,train,5000,1,0.981985,20000,134875
uma,formation_energy/atom,linear,train,5000,2,0.980683,20000,134875
uma,formation_energy/atom,linear,train,5000,3,0.980927,20000,134875
uma,formation_energy/atom,linear,train,5000,4,0.980855,20000,134875
uma,formation_energy/atom,linear,train,5000,5,0.981798,20000,134875
uma,formation_energy/atom,linear,train,5000,6,0.982826,20000,134875
uma,formation_energy/atom,linear,train,5000,7,0.982080,20000,134875
uma,formation_energy/atom,linear,train,5000,8,0.982239,20000,134875
uma,formation_energy/atom,linear,train,5000,9,0.982455,20000,134875
uma,formation_energy/atom,xgboost,train,7000,0,0.977745,20000,134875
uma,formation_energy/atom,xgboost,train,7000,1,0.978533,20000,134875
uma,formation_energy/atom,xgboost,train,7000,2,0.979588,20000,134875
uma,formation_energy/atom,xgboost,train,7000,3,0.979276,20000,134875
uma,formation_energy/atom,xgboost,train,7000,4,0.979592,20000,134875
uma,formation_energy/atom,xgboost,train,7000,5,0.979939,20000,134875
uma,formation_energy/atom,xgboost,train,7000,6,0.979787,20000,134875
uma,formation_energy/atom,linear,train,7000,0,0.982675,20000,134875
uma,formation_energy/atom,linear,train,7000,1,0.981815,20000,134875
uma,formation_energy/atom,linear,train,7000,2,0.982073,20000,134875
uma,formation_energy/atom,linear,train,7000,3,0.983602,20000,134875
uma,formation_energy/atom,linear,train,7000,4,0.982254,20000,134875
uma,formation_energy/atom,linear,train,7000,5,0.981673,20000,134875
uma,formation_energy/atom,linear,train,7000,6,0.982580,20000,134875
uma,formation_energy/atom,xgboost,train,10000,0,0.981574,20000,134875
uma,formation_energy/atom,xgboost,train,10000,1,0.981300,20000,134875
uma,formation_energy/atom,xgboost,train,10000,2,0.981224,20000,134875
uma,formation_energy/atom,xgboost,train,10000,3,0.981674,20000,134875
uma,formation_energy/atom,xgboost,train,10000,4,0.981669,20000,134875
uma,formation_energy/atom,xgboost,train,10000,5,0.981564,20000,134875
uma,formation_energy/atom,xgboost,train,10000,6,0.983395,20000,134875
uma,formation_energy/atom,linear,train,10000,0,0.983402,20000,134875
uma,formation_energy/atom,linear,train,10000,1,0.983832,20000,134875
uma,formation_energy/atom,linear,train,10000,2,0.982957,20000,134875
uma,formation_energy/atom,linear,train,10000,3,0.983167,20000,134875
uma,formation_energy/atom,linear,train,10000,4,0.982046,20000,134875
uma,formation_energy/atom,linear,train,10000,5,0.981872,20000,134875
uma,formation_energy/atom,linear,train,10000,6,0.983243,20000,134875
uma,formation_energy/atom,xgboost,train,20000,0,0.985280,20000,134875
uma,formation_energy/atom,xgboost,train,20000,1,0.985394,20000,134875
uma,formation_energy/atom,xgboost,train,20000,2,0.986489,20000,134875
uma,formation_energy/atom,xgboost,train,20000,3,0.985379,20000,134875
uma,formation_energy/atom,xgboost,train,20000,4,0.984902,20000,134875
uma,formation_energy/atom,xgboost,train,20000,5,0.986289,20000,134875
uma,formation_energy/atom,linear,train,20000,0,0.984056,20000,134875
uma,formation_energy/atom,linear,train,20000,1,0.984077,20000,134875
uma,formation_energy/atom,linear,train,20000,2,0.983131,20000,134875
uma,formation_energy/atom,linear,train,20000,3,0.984205,20000,134875
uma,formation_energy/atom,linear,train,20000,4,0.984227,20000,134875
uma,formation_energy/atom,linear,train,20000,5,0.984194,20000,134875
uma,energy_above_hull,xgboost,train,50,0,0.001540,20000,134875
uma,energy_above_hull,xgboost,train,50,1,0.259066,20000,134875
uma,energy_above_hull,xgboost,train,50,2,0.135726,20000,134875
uma,energy_above_hull,xgboost,train,50,3,-0.698140,20000,134875
uma,energy_above_hull,xgboost,train,50,4,0.400702,20000,134875
uma,energy_above_hull,xgboost,train,50,5,0.163184,20000,134875
uma,energy_above_hull,xgboost,train,50,6,0.109335,20000,134875
uma,energy_above_hull,xgboost,train,50,7,0.574322,20000,134875
uma,energy_above_hull,xgboost,train,50,8,0.230977,20000,134875
uma,energy_above_hull,xgboost,train,50,9,0.135375,20000,134875
uma,energy_above_hull,xgboost,train,50,10,-0.091453,20000,134875
uma,energy_above_hull,xgboost,train,50,11,0.153596,20000,134875
uma,energy_above_hull,xgboost,train,50,12,0.575368,20000,134875
uma,energy_above_hull,xgboost,train,50,13,0.163578,20000,134875
uma,energy_above_hull,xgboost,train,50,14,-0.617350,20000,134875
uma,energy_above_hull,xgboost,train,50,15,0.467429,20000,134875
uma,energy_above_hull,xgboost,train,50,16,0.056148,20000,134875
uma,energy_above_hull,xgboost,train,50,17,0.369916,20000,134875
uma,energy_above_hull,xgboost,train,50,18,0.113003,20000,134875
uma,energy_above_hull,xgboost,train,50,19,0.271691,20000,134875
uma,energy_above_hull,xgboost,train,50,20,0.244505,20000,134875
uma,energy_above_hull,xgboost,train,50,21,0.306362,20000,134875
uma,energy_above_hull,xgboost,train,50,22,0.163551,20000,134875
uma,energy_above_hull,xgboost,train,50,23,0.320076,20000,134875
uma,energy_above_hull,xgboost,train,50,24,0.436904,20000,134875
uma,energy_above_hull,xgboost,train,50,25,0.439966,20000,134875
uma,energy_above_hull,xgboost,train,50,26,0.301591,20000,134875
uma,energy_above_hull,xgboost,train,50,27,0.174745,20000,134875
uma,energy_above_hull,xgboost,train,50,28,0.041070,20000,134875
uma,energy_above_hull,xgboost,train,50,29,0.213080,20000,134875
uma,energy_above_hull,linear,train,50,0,0.086877,20000,134875
uma,energy_above_hull,linear,train,50,1,0.519008,20000,134875
uma,energy_above_hull,linear,train,50,2,0.609214,20000,134875
uma,energy_above_hull,linear,train,50,3,0.575396,20000,134875
uma,energy_above_hull,linear,train,50,4,0.494498,20000,134875
uma,energy_above_hull,linear,train,50,5,0.475455,20000,134875
uma,energy_above_hull,linear,train,50,6,0.014864,20000,134875
uma,energy_above_hull,linear,train,50,7,0.402348,20000,134875
uma,energy_above_hull,linear,train,50,8,0.353344,20000,134875
uma,energy_above_hull,linear,train,50,9,0.207645,20000,134875
uma,energy_above_hull,linear,train,50,10,0.588839,20000,134875
uma,energy_above_hull,linear,train,50,11,0.248752,20000,134875
uma,energy_above_hull,linear,train,50,12,0.372794,20000,134875
uma,energy_above_hull,linear,train,50,13,0.340830,20000,134875
uma,energy_above_hull,linear,train,50,14,0.573754,20000,134875
uma,energy_above_hull,linear,train,50,15,0.537823,20000,134875
uma,energy_above_hull,linear,train,50,16,0.368648,20000,134875
uma,energy_above_hull,linear,train,50,17,0.422279,20000,134875
uma,energy_above_hull,linear,train,50,18,0.340662,20000,134875
uma,energy_above_hull,linear,train,50,19,0.344138,20000,134875
uma,energy_above_hull,linear,train,50,20,0.493999,20000,134875
uma,energy_above_hull,linear,train,50,21,0.386267,20000,134875
uma,energy_above_hull,linear,train,50,22,0.363583,20000,134875
uma,energy_above_hull,linear,train,50,23,0.515491,20000,134875
uma,energy_above_hull,linear,train,50,24,0.577791,20000,134875
uma,energy_above_hull,linear,train,50,25,0.539101,20000,134875
uma,energy_above_hull,linear,train,50,26,0.503670,20000,134875
uma,energy_above_hull,linear,train,50,27,0.372484,20000,134875
uma,energy_above_hull,linear,train,50,28,-0.011544,20000,134875
uma,energy_above_hull,linear,train,50,29,0.068128,20000,134875
uma,energy_above_hull,xgboost,train,100,0,0.574923,20000,134875
uma,energy_above_hull,xgboost,train,100,1,-0.370339,20000,134875
uma,energy_above_hull,xgboost,train,100,2,0.394604,20000,134875
uma,energy_above_hull,xgboost,train,100,3,0.445613,20000,134875
uma,energy_above_hull,xgboost,train,100,4,0.338962,20000,134875
uma,energy_above_hull,xgboost,train,100,5,0.531091,20000,134875
uma,energy_above_hull,xgboost,train,100,6,0.426392,20000,134875
uma,energy_above_hull,xgboost,train,100,7,0.707079,20000,134875
uma,energy_above_hull,xgboost,train,100,8,0.540659,20000,134875
uma,energy_above_hull,xgboost,train,100,9,0.160749,20000,134875
uma,energy_above_hull,xgboost,train,100,10,0.430320,20000,134875
uma,energy_above_hull,xgboost,train,100,11,0.405876,20000,134875
uma,energy_above_hull,xgboost,train,100,12,0.245222,20000,134875
uma,energy_above_hull,xgboost,train,100,13,0.548218,20000,134875
uma,energy_above_hull,xgboost,train,100,14,0.511810,20000,134875
uma,energy_above_hull,xgboost,train,100,15,0.575283,20000,134875
uma,energy_above_hull,xgboost,train,100,16,-0.010393,20000,134875
uma,energy_above_hull,xgboost,train,100,17,0.528645,20000,134875
uma,energy_above_hull,xgboost,train,100,18,0.563909,20000,134875
uma,energy_above_hull,xgboost,train,100,19,0.331134,20000,134875
uma,energy_above_hull,xgboost,train,100,20,0.358556,20000,134875
uma,energy_above_hull,xgboost,train,100,21,0.224792,20000,134875
uma,energy_above_hull,xgboost,train,100,22,0.362993,20000,134875
uma,energy_above_hull,xgboost,train,100,23,0.592326,20000,134875
uma,energy_above_hull,xgboost,train,100,24,0.717867,20000,134875
uma,energy_above_hull,xgboost,train,100,25,0.583023,20000,134875
uma,energy_above_hull,xgboost,train,100,26,0.488472,20000,134875
uma,energy_above_hull,xgboost,train,100,27,0.604263,20000,134875
uma,energy_above_hull,xgboost,train,100,28,0.576511,20000,134875
uma,energy_above_hull,xgboost,train,100,29,0.581043,20000,134875
uma,energy_above_hull,linear,train,100,0,0.662048,20000,134875
uma,energy_above_hull,linear,train,100,1,0.671038,20000,134875
uma,energy_above_hull,linear,train,100,2,0.446776,20000,134875
uma,energy_above_hull,linear,train,100,3,0.595801,20000,134875
uma,energy_above_hull,linear,train,100,4,0.629188,20000,134875
uma,energy_above_hull,linear,train,100,5,0.472236,20000,134875
uma,energy_above_hull,linear,train,100,6,0.454719,20000,134875
uma,energy_above_hull,linear,train,100,7,0.727656,20000,134875
uma,energy_above_hull,linear,train,100,8,0.662686,20000,134875
uma,energy_above_hull,linear,train,100,9,0.596320,20000,134875
uma,energy_above_hull,linear,train,100,10,0.608703,20000,134875
uma,energy_above_hull,linear,train,100,11,0.672729,20000,134875
uma,energy_above_hull,linear,train,100,12,0.606441,20000,134875
uma,energy_above_hull,linear,train,100,13,0.556686,20000,134875
uma,energy_above_hull,linear,train,100,14,0.583245,20000,134875
uma,energy_above_hull,linear,train,100,15,0.690534,20000,134875
uma,energy_above_hull,linear,train,100,16,0.593572,20000,134875
uma,energy_above_hull,linear,train,100,17,0.605373,20000,134875
uma,energy_above_hull,linear,train,100,18,0.660908,20000,134875
uma,energy_above_hull,linear,train,100,19,0.615052,20000,134875
uma,energy_above_hull,linear,train,100,20,0.631320,20000,134875
uma,energy_above_hull,linear,train,100,21,0.203888,20000,134875
uma,energy_above_hull,linear,train,100,22,0.303837,20000,134875
uma,energy_above_hull,linear,train,100,23,0.656712,20000,134875
uma,energy_above_hull,linear,train,100,24,0.647387,20000,134875
uma,energy_above_hull,linear,train,100,25,0.632160,20000,134875
uma,energy_above_hull,linear,train,100,26,0.597775,20000,134875
uma,energy_above_hull,linear,train,100,27,0.549187,20000,134875
uma,energy_above_hull,linear,train,100,28,0.549604,20000,134875
uma,energy_above_hull,linear,train,100,29,0.611575,20000,134875
uma,energy_above_hull,xgboost,train,200,0,0.564729,20000,134875
uma,energy_above_hull,xgboost,train,200,1,0.505457,20000,134875
uma,energy_above_hull,xgboost,train,200,2,0.657498,20000,134875
uma,energy_above_hull,xgboost,train,200,3,0.710904,20000,134875
uma,energy_above_hull,xgboost,train,200,4,0.602411,20000,134875
uma,energy_above_hull,xgboost,train,200,5,0.668922,20000,134875
uma,energy_above_hull,xgboost,train,200,6,0.537313,20000,134875
uma,energy_above_hull,xgboost,train,200,7,0.717958,20000,134875
uma,energy_above_hull,xgboost,train,200,8,0.371635,20000,134875
uma,energy_above_hull,xgboost,train,200,9,0.672538,20000,134875
uma,energy_above_hull,xgboost,train,200,10,0.653934,20000,134875
uma,energy_above_hull,xgboost,train,200,11,0.707964,20000,134875
uma,energy_above_hull,xgboost,train,200,12,0.482423,20000,134875
uma,energy_above_hull,xgboost,train,200,13,0.549355,20000,134875
uma,energy_above_hull,xgboost,train,200,14,0.487809,20000,134875
uma,energy_above_hull,xgboost,train,200,15,0.737876,20000,134875
uma,energy_above_hull,xgboost,train,200,16,0.453766,20000,134875
uma,energy_above_hull,xgboost,train,200,17,0.391599,20000,134875
uma,energy_above_hull,xgboost,train,200,18,0.621643,20000,134875
uma,energy_above_hull,xgboost,train,200,19,0.646245,20000,134875
uma,energy_above_hull,xgboost,train,200,20,0.529035,20000,134875
uma,energy_above_hull,xgboost,train,200,21,0.544228,20000,134875
uma,energy_above_hull,xgboost,train,200,22,0.692907,20000,134875
uma,energy_above_hull,xgboost,train,200,23,0.665923,20000,134875
uma,energy_above_hull,xgboost,train,200,24,0.641116,20000,134875
uma,energy_above_hull,xgboost,train,200,25,0.702447,20000,134875
uma,energy_above_hull,xgboost,train,200,26,0.569212,20000,134875
uma,energy_above_hull,xgboost,train,200,27,0.347469,20000,134875
uma,energy_above_hull,xgboost,train,200,28,0.443317,20000,134875
uma,energy_above_hull,xgboost,train,200,29,0.652165,20000,134875
uma,energy_above_hull,linear,train,200,0,0.696142,20000,134875
uma,energy_above_hull,linear,train,200,1,0.748602,20000,134875
uma,energy_above_hull,linear,train,200,2,0.725410,20000,134875
uma,energy_above_hull,linear,train,200,3,0.644484,20000,134875
uma,energy_above_hull,linear,train,200,4,0.723446,20000,134875
uma,energy_above_hull,linear,train,200,5,0.740307,20000,134875
uma,energy_above_hull,linear,train,200,6,0.756620,20000,134875
uma,energy_above_hull,linear,train,200,7,0.764026,20000,134875
uma,energy_above_hull,linear,train,200,8,0.554069,20000,134875
uma,energy_above_hull,linear,train,200,9,0.715550,20000,134875
uma,energy_above_hull,linear,train,200,10,0.703893,20000,134875
uma,energy_above_hull,linear,train,200,11,0.675422,20000,134875
uma,energy_above_hull,linear,train,200,12,0.628957,20000,134875
uma,energy_above_hull,linear,train,200,13,0.667677,20000,134875
uma,energy_above_hull,linear,train,200,14,0.547981,20000,134875
uma,energy_above_hull,linear,train,200,15,0.738316,20000,134875
uma,energy_above_hull,linear,train,200,16,0.493783,20000,134875
uma,energy_above_hull,linear,train,200,17,0.570064,20000,134875
uma,energy_above_hull,linear,train,200,18,0.726939,20000,134875
uma,energy_above_hull,linear,train,200,19,0.730196,20000,134875
uma,energy_above_hull,linear,train,200,20,0.701851,20000,134875
uma,energy_above_hull,linear,train,200,21,0.621583,20000,134875
uma,energy_above_hull,linear,train,200,22,0.765435,20000,134875
uma,energy_above_hull,linear,train,200,23,0.706931,20000,134875
uma,energy_above_hull,linear,train,200,24,0.685541,20000,134875
uma,energy_above_hull,linear,train,200,25,0.750417,20000,134875
uma,energy_above_hull,linear,train,200,26,0.634074,20000,134875
uma,energy_above_hull,linear,train,200,27,0.401270,20000,134875
uma,energy_above_hull,linear,train,200,28,0.713810,20000,134875
uma,energy_above_hull,linear,train,200,29,0.667958,20000,134875
uma,energy_above_hull,xgboost,train,500,0,0.773983,20000,134875
uma,energy_above_hull,xgboost,train,500,1,0.579065,20000,134875
uma,energy_above_hull,xgboost,train,500,2,0.756527,20000,134875
uma,energy_above_hull,xgboost,train,500,3,0.787614,20000,134875
uma,energy_above_hull,xgboost,train,500,4,0.755932,20000,134875
uma,energy_above_hull,xgboost,train,500,5,0.788315,20000,134875
uma,energy_above_hull,xgboost,train,500,6,0.768333,20000,134875
uma,energy_above_hull,xgboost,train,500,7,0.764133,20000,134875
uma,energy_above_hull,xgboost,train,500,8,0.755065,20000,134875
uma,energy_above_hull,xgboost,train,500,9,0.787153,20000,134875
uma,energy_above_hull,xgboost,train,500,10,0.789891,20000,134875
uma,energy_above_hull,xgboost,train,500,11,0.813355,20000,134875
uma,energy_above_hull,xgboost,train,500,12,0.784837,20000,134875
uma,energy_above_hull,xgboost,train,500,13,0.763653,20000,134875
uma,energy_above_hull,xgboost,train,500,14,0.792847,20000,134875
uma,energy_above_hull,xgboost,train,500,15,0.786785,20000,134875
uma,energy_above_hull,xgboost,train,500,16,0.790531,20000,134875
uma,energy_above_hull,xgboost,train,500,17,0.752630,20000,134875
uma,energy_above_hull,xgboost,train,500,18,0.754025,20000,134875
uma,energy_above_hull,xgboost,train,500,19,0.756428,20000,134875
uma,energy_above_hull,xgboost,train,500,20,0.780729,20000,134875
uma,energy_above_hull,xgboost,train,500,21,0.758080,20000,134875
uma,energy_above_hull,xgboost,train,500,22,0.790977,20000,134875
uma,energy_above_hull,xgboost,train,500,23,0.813574,20000,134875
uma,energy_above_hull,xgboost,train,500,24,0.725801,20000,134875
uma,energy_above_hull,xgboost,train,500,25,0.742071,20000,134875
uma,energy_above_hull,xgboost,train,500,26,0.765741,20000,134875
uma,energy_above_hull,xgboost,train,500,27,0.758612,20000,134875
uma,energy_above_hull,xgboost,train,500,28,0.722559,20000,134875
uma,energy_above_hull,xgboost,train,500,29,0.761487,20000,134875
uma,energy_above_hull,linear,train,500,0,0.788532,20000,134875
uma,energy_above_hull,linear,train,500,1,0.697679,20000,134875
uma,energy_above_hull,linear,train,500,2,0.775833,20000,134875
uma,energy_above_hull,linear,train,500,3,0.824426,20000,134875
uma,energy_above_hull,linear,train,500,4,0.755535,20000,134875
uma,energy_above_hull,linear,train,500,5,0.779756,20000,134875
uma,energy_above_hull,linear,train,500,6,0.804809,20000,134875
uma,energy_above_hull,linear,train,500,7,0.799424,20000,134875
uma,energy_above_hull,linear,train,500,8,0.756833,20000,134875
uma,energy_above_hull,linear,train,500,9,0.804326,20000,134875
uma,energy_above_hull,linear,train,500,10,0.809242,20000,134875
uma,energy_above_hull,linear,train,500,11,0.779065,20000,134875
uma,energy_above_hull,linear,train,500,12,0.812966,20000,134875
uma,energy_above_hull,linear,train,500,13,0.783158,20000,134875
uma,energy_above_hull,linear,train,500,14,0.789947,20000,134875
uma,energy_above_hull,linear,train,500,15,0.781368,20000,134875
uma,energy_above_hull,linear,train,500,16,0.815939,20000,134875
uma,energy_above_hull,linear,train,500,17,0.769344,20000,134875
uma,energy_above_hull,linear,train,500,18,0.764605,20000,134875
uma,energy_above_hull,linear,train,500,19,0.814301,20000,134875
uma,energy_above_hull,linear,train,500,20,0.801196,20000,134875
uma,energy_above_hull,linear,train,500,21,0.805745,20000,134875
uma,energy_above_hull,linear,train,500,22,0.734655,20000,134875
uma,energy_above_hull,linear,train,500,23,0.768191,20000,134875
uma,energy_above_hull,linear,train,500,24,0.739157,20000,134875
uma,energy_above_hull,linear,train,500,25,0.770919,20000,134875
uma,energy_above_hull,linear,train,500,26,0.734072,20000,134875
uma,energy_above_hull,linear,train,500,27,0.784145,20000,134875
uma,energy_above_hull,linear,train,500,28,0.781871,20000,134875
uma,energy_above_hull,linear,train,500,29,0.766323,20000,134875
uma,energy_above_hull,xgboost,train,1000,0,0.836609,20000,134875
uma,energy_above_hull,xgboost,train,1000,1,0.849142,20000,134875
uma,energy_above_hull,xgboost,train,1000,2,0.717185,20000,134875
uma,energy_above_hull,xgboost,train,1000,3,0.788933,20000,134875
uma,energy_above_hull,xgboost,train,1000,4,0.809172,20000,134875
uma,energy_above_hull,xgboost,train,1000,5,0.803619,20000,134875
uma,energy_above_hull,xgboost,train,1000,6,0.842896,20000,134875
uma,energy_above_hull,xgboost,train,1000,7,0.832840,20000,134875
uma,energy_above_hull,xgboost,train,1000,8,0.817195,20000,134875
uma,energy_above_hull,xgboost,train,1000,9,0.814131,20000,134875
uma,energy_above_hull,xgboost,train,1000,10,0.832215,20000,134875
uma,energy_above_hull,xgboost,train,1000,11,0.865770,20000,134875
uma,energy_above_hull,xgboost,train,1000,12,0.835350,20000,134875
uma,energy_above_hull,xgboost,train,1000,13,0.851165,20000,134875
uma,energy_above_hull,xgboost,train,1000,14,0.795807,20000,134875
uma,energy_above_hull,xgboost,train,1000,15,0.839652,20000,134875
uma,energy_above_hull,xgboost,train,1000,16,0.843330,20000,134875
uma,energy_above_hull,xgboost,train,1000,17,0.851749,20000,134875
uma,energy_above_hull,xgboost,train,1000,18,0.857865,20000,134875
uma,energy_above_hull,xgboost,train,1000,19,0.799293,20000,134875
uma,energy_above_hull,xgboost,train,1000,20,0.819310,20000,134875
uma,energy_above_hull,xgboost,train,1000,21,0.834797,20000,134875
uma,energy_above_hull,xgboost,train,1000,22,0.834911,20000,134875
uma,energy_above_hull,xgboost,train,1000,23,0.837711,20000,134875
uma,energy_above_hull,xgboost,train,1000,24,0.772852,20000,134875
uma,energy_above_hull,xgboost,train,1000,25,0.792997,20000,134875
uma,energy_above_hull,xgboost,train,1000,26,0.851195,20000,134875
uma,energy_above_hull,xgboost,train,1000,27,0.810793,20000,134875
uma,energy_above_hull,xgboost,train,1000,28,0.847961,20000,134875
uma,energy_above_hull,xgboost,train,1000,29,0.817978,20000,134875
uma,energy_above_hull,linear,train,1000,0,0.825473,20000,134875
uma,energy_above_hull,linear,train,1000,1,0.820817,20000,134875
uma,energy_above_hull,linear,train,1000,2,0.803850,20000,134875
uma,energy_above_hull,linear,train,1000,3,0.814900,20000,134875
uma,energy_above_hull,linear,train,1000,4,0.831263,20000,134875
uma,energy_above_hull,linear,train,1000,5,0.809490,20000,134875
uma,energy_above_hull,linear,train,1000,6,0.845334,20000,134875
uma,energy_above_hull,linear,train,1000,7,0.816618,20000,134875
uma,energy_above_hull,linear,train,1000,8,0.806115,20000,134875
uma,energy_above_hull,linear,train,1000,9,0.832733,20000,134875
uma,energy_above_hull,linear,train,1000,10,0.820487,20000,134875
uma,energy_above_hull,linear,train,1000,11,0.825156,20000,134875
uma,energy_above_hull,linear,train,1000,12,0.838292,20000,134875
uma,energy_above_hull,linear,train,1000,13,0.833857,20000,134875
uma,energy_above_hull,linear,train,1000,14,0.808107,20000,134875
uma,energy_above_hull,linear,train,1000,15,0.849801,20000,134875
uma,energy_above_hull,linear,train,1000,16,0.831934,20000,134875
uma,energy_above_hull,linear,train,1000,17,0.850774,20000,134875
uma,energy_above_hull,linear,train,1000,18,0.843178,20000,134875
uma,energy_above_hull,linear,train,1000,19,0.830729,20000,134875
uma,energy_above_hull,linear,train,1000,20,0.822849,20000,134875
uma,energy_above_hull,linear,train,1000,21,0.818255,20000,134875
uma,energy_above_hull,linear,train,1000,22,0.829332,20000,134875
uma,energy_above_hull,linear,train,1000,23,0.823403,20000,134875
uma,energy_above_hull,linear,train,1000,24,0.826491,20000,134875
uma,energy_above_hull,linear,train,1000,25,0.799945,20000,134875
uma,energy_above_hull,linear,train,1000,26,0.828023,20000,134875
uma,energy_above_hull,linear,train,1000,27,0.823080,20000,134875
uma,energy_above_hull,linear,train,1000,28,0.846597,20000,134875
uma,energy_above_hull,linear,train,1000,29,0.812698,20000,134875
uma,energy_above_hull,xgboost,train,2000,0,0.881755,20000,134875
uma,energy_above_hull,xgboost,train,2000,1,0.870583,20000,134875
uma,energy_above_hull,xgboost,train,2000,2,0.861718,20000,134875
uma,energy_above_hull,xgboost,train,2000,3,0.880239,20000,134875
uma,energy_above_hull,xgboost,train,2000,4,0.889352,20000,134875
uma,energy_above_hull,xgboost,train,2000,5,0.875808,20000,134875
uma,energy_above_hull,xgboost,train,2000,6,0.881046,20000,134875
uma,energy_above_hull,xgboost,train,2000,7,0.866572,20000,134875
uma,energy_above_hull,xgboost,train,2000,8,0.864958,20000,134875
uma,energy_above_hull,xgboost,train,2000,9,0.874231,20000,134875
uma,energy_above_hull,xgboost,train,2000,10,0.845632,20000,134875
uma,energy_above_hull,xgboost,train,2000,11,0.875939,20000,134875
uma,energy_above_hull,xgboost,train,2000,12,0.856486,20000,134875
uma,energy_above_hull,xgboost,train,2000,13,0.875308,20000,134875
uma,energy_above_hull,xgboost,train,2000,14,0.891609,20000,134875
uma,energy_above_hull,xgboost,train,2000,15,0.869734,20000,134875
uma,energy_above_hull,xgboost,train,2000,16,0.871390,20000,134875
uma,energy_above_hull,xgboost,train,2000,17,0.846876,20000,134875
uma,energy_above_hull,xgboost,train,2000,18,0.887463,20000,134875
uma,energy_above_hull,xgboost,train,2000,19,0.866642,20000,134875
uma,energy_above_hull,xgboost,train,2000,20,0.878999,20000,134875
uma,energy_above_hull,xgboost,train,2000,21,0.879996,20000,134875
uma,energy_above_hull,xgboost,train,2000,22,0.854999,20000,134875
uma,energy_above_hull,xgboost,train,2000,23,0.860803,20000,134875
uma,energy_above_hull,xgboost,train,2000,24,0.843318,20000,134875
uma,energy_above_hull,xgboost,train,2000,25,0.860659,20000,134875
uma,energy_above_hull,xgboost,train,2000,26,0.865339,20000,134875
uma,energy_above_hull,xgboost,train,2000,27,0.883294,20000,134875
uma,energy_above_hull,xgboost,train,2000,28,0.869060,20000,134875
uma,energy_above_hull,xgboost,train,2000,29,0.875694,20000,134875
uma,energy_above_hull,linear,train,2000,0,0.867252,20000,134875
uma,energy_above_hull,linear,train,2000,1,0.861826,20000,134875
uma,energy_above_hull,linear,train,2000,2,0.866863,20000,134875
uma,energy_above_hull,linear,train,2000,3,0.843960,20000,134875
uma,energy_above_hull,linear,train,2000,4,0.859033,20000,134875
uma,energy_above_hull,linear,train,2000,5,0.855981,20000,134875
uma,energy_above_hull,linear,train,2000,6,0.867743,20000,134875
uma,energy_above_hull,linear,train,2000,7,0.867349,20000,134875
uma,energy_above_hull,linear,train,2000,8,0.864518,20000,134875
uma,energy_above_hull,linear,train,2000,9,0.864828,20000,134875
uma,energy_above_hull,linear,train,2000,10,0.857435,20000,134875
uma,energy_above_hull,linear,train,2000,11,0.862063,20000,134875
uma,energy_above_hull,linear,train,2000,12,0.864578,20000,134875
uma,energy_above_hull,linear,train,2000,13,0.856965,20000,134875
uma,energy_above_hull,linear,train,2000,14,0.874060,20000,134875
uma,energy_above_hull,linear,train,2000,15,0.858474,20000,134875
uma,energy_above_hull,linear,train,2000,16,0.860737,20000,134875
uma,energy_above_hull,linear,train,2000,17,0.847689,20000,134875
uma,energy_above_hull,linear,train,2000,18,0.862649,20000,134875
uma,energy_above_hull,linear,train,2000,19,0.859113,20000,134875
uma,energy_above_hull,linear,train,2000,20,0.861371,20000,134875
uma,energy_above_hull,linear,train,2000,21,0.860554,20000,134875
uma,energy_above_hull,linear,train,2000,22,0.851320,20000,134875
uma,energy_above_hull,linear,train,2000,23,0.856325,20000,134875
uma,energy_above_hull,linear,train,2000,24,0.853211,20000,134875
uma,energy_above_hull,linear,train,2000,25,0.857886,20000,134875
uma,energy_above_hull,linear,train,2000,26,0.856948,20000,134875
uma,energy_above_hull,linear,train,2000,27,0.856526,20000,134875
uma,energy_above_hull,linear,train,2000,28,0.860108,20000,134875
uma,energy_above_hull,linear,train,2000,29,0.859021,20000,134875
uma,energy_above_hull,xgboost,train,5000,0,0.921866,20000,134875
uma,energy_above_hull,xgboost,train,5000,1,0.915301,20000,134875
uma,energy_above_hull,xgboost,train,5000,2,0.917671,20000,134875
uma,energy_above_hull,xgboost,train,5000,3,0.918345,20000,134875
uma,energy_above_hull,xgboost,train,5000,4,0.918877,20000,134875
uma,energy_above_hull,xgboost,train,5000,5,0.909584,20000,134875
uma,energy_above_hull,xgboost,train,5000,6,0.906008,20000,134875
uma,energy_above_hull,xgboost,train,5000,7,0.911743,20000,134875
uma,energy_above_hull,xgboost,train,5000,8,0.918088,20000,134875
uma,energy_above_hull,xgboost,train,5000,9,0.911413,20000,134875
uma,energy_above_hull,linear,train,5000,0,0.885703,20000,134875
uma,energy_above_hull,linear,train,5000,1,0.879103,20000,134875
uma,energy_above_hull,linear,train,5000,2,0.880641,20000,134875
uma,energy_above_hull,linear,train,5000,3,0.882706,20000,134875
uma,energy_above_hull,linear,train,5000,4,0.885456,20000,134875
uma,energy_above_hull,linear,train,5000,5,0.884211,20000,134875
uma,energy_above_hull,linear,train,5000,6,0.878728,20000,134875
uma,energy_above_hull,linear,train,5000,7,0.886413,20000,134875
uma,energy_above_hull,linear,train,5000,8,0.885866,20000,134875
uma,energy_above_hull,linear,train,5000,9,0.883061,20000,134875
uma,energy_above_hull,xgboost,train,7000,0,0.916030,20000,134875
uma,energy_above_hull,xgboost,train,7000,1,0.926237,20000,134875
uma,energy_above_hull,xgboost,train,7000,2,0.914169,20000,134875
uma,energy_above_hull,xgboost,train,7000,3,0.923632,20000,134875
uma,energy_above_hull,xgboost,train,7000,4,0.924750,20000,134875
uma,energy_above_hull,xgboost,train,7000,5,0.928676,20000,134875
uma,energy_above_hull,xgboost,train,7000,6,0.926630,20000,134875
uma,energy_above_hull,linear,train,7000,0,0.888992,20000,134875
uma,energy_above_hull,linear,train,7000,1,0.889511,20000,134875
uma,energy_above_hull,linear,train,7000,2,0.885349,20000,134875
uma,energy_above_hull,linear,train,7000,3,0.881410,20000,134875
uma,energy_above_hull,linear,train,7000,4,0.891967,20000,134875
uma,energy_above_hull,linear,train,7000,5,0.891163,20000,134875
uma,energy_above_hull,linear,train,7000,6,0.885370,20000,134875
uma,energy_above_hull,xgboost,train,10000,0,0.934630,20000,134875
uma,energy_above_hull,xgboost,train,10000,1,0.936435,20000,134875
uma,energy_above_hull,xgboost,train,10000,2,0.930169,20000,134875
uma,energy_above_hull,xgboost,train,10000,3,0.930221,20000,134875
uma,energy_above_hull,xgboost,train,10000,4,0.930799,20000,134875
uma,energy_above_hull,xgboost,train,10000,5,0.934958,20000,134875
uma,energy_above_hull,xgboost,train,10000,6,0.934468,20000,134875
uma,energy_above_hull,linear,train,10000,0,0.891491,20000,134875
uma,energy_above_hull,linear,train,10000,1,0.894530,20000,134875
uma,energy_above_hull,linear,train,10000,2,0.891941,20000,134875
uma,energy_above_hull,linear,train,10000,3,0.893225,20000,134875
uma,energy_above_hull,linear,train,10000,4,0.891005,20000,134875
uma,energy_above_hull,linear,train,10000,5,0.890901,20000,134875
uma,energy_above_hull,linear,train,10000,6,0.894709,20000,134875
uma,energy_above_hull,xgboost,train,20000,0,0.945277,20000,134875
uma,energy_above_hull,xgboost,train,20000,1,0.943109,20000,134875
uma,energy_above_hull,xgboost,train,20000,2,0.945378,20000,134875
uma,energy_above_hull,xgboost,train,20000,3,0.946729,20000,134875
uma,energy_above_hull,xgboost,train,20000,4,0.942528,20000,134875
uma,energy_above_hull,xgboost,train,20000,5,0.944466,20000,134875
uma,energy_above_hull,linear,train,20000,0,0.898798,20000,134875
uma,energy_above_hull,linear,train,20000,1,0.898500,20000,134875
uma,energy_above_hull,linear,train,20000,2,0.896186,20000,134875
uma,energy_above_hull,linear,train,20000,3,0.893885,20000,134875
uma,energy_above_hull,linear,train,20000,4,0.893669,20000,134875
uma,energy_above_hull,linear,train,20000,5,0.896206,20000,134875
uma,band_gap,xgboost,train,50,0,0.471325,20000,134875
uma,band_gap,xgboost,train,50,1,0.375379,20000,134875
uma,band_gap,xgboost,train,50,2,0.483824,20000,134875
uma,band_gap,xgboost,train,50,3,0.385284,20000,134875
uma,band_gap,xgboost,train,50,4,0.393095,20000,134875
uma,band_gap,xgboost,train,50,5,0.497512,20000,134875
uma,band_gap,xgboost,train,50,6,0.500740,20000,134875
uma,band_gap,xgboost,train,50,7,0.431149,20000,134875
uma,band_gap,xgboost,train,50,8,0.420469,20000,134875
uma,band_gap,xgboost,train,50,9,0.351235,20000,134875
uma,band_gap,xgboost,train,50,10,0.419481,20000,134875
uma,band_gap,xgboost,train,50,11,0.244298,20000,134875
uma,band_gap,xgboost,train,50,12,0.384667,20000,134875
uma,band_gap,xgboost,train,50,13,0.392000,20000,134875
uma,band_gap,xgboost,train,50,14,0.347630,20000,134875
uma,band_gap,xgboost,train,50,15,0.393097,20000,134875
uma,band_gap,xgboost,train,50,16,0.505214,20000,134875
uma,band_gap,xgboost,train,50,17,0.418225,20000,134875
uma,band_gap,xgboost,train,50,18,0.369797,20000,134875
uma,band_gap,xgboost,train,50,19,0.366852,20000,134875
uma,band_gap,xgboost,train,50,20,0.462592,20000,134875
uma,band_gap,xgboost,train,50,21,0.548477,20000,134875
uma,band_gap,xgboost,train,50,22,0.354882,20000,134875
uma,band_gap,xgboost,train,50,23,0.425967,20000,134875
uma,band_gap,xgboost,train,50,24,0.412958,20000,134875
uma,band_gap,xgboost,train,50,25,0.344862,20000,134875
uma,band_gap,xgboost,train,50,26,0.476800,20000,134875
uma,band_gap,xgboost,train,50,27,0.297514,20000,134875
uma,band_gap,xgboost,train,50,28,0.475929,20000,134875
uma,band_gap,xgboost,train,50,29,0.392812,20000,134875
uma,band_gap,linear,train,50,0,0.492491,20000,134875
uma,band_gap,linear,train,50,1,0.457421,20000,134875
uma,band_gap,linear,train,50,2,0.563638,20000,134875
uma,band_gap,linear,train,50,3,0.423015,20000,134875
uma,band_gap,linear,train,50,4,0.351421,20000,134875
uma,band_gap,linear,train,50,5,0.514247,20000,134875
uma,band_gap,linear,train,50,6,0.465375,20000,134875
uma,band_gap,linear,train,50,7,0.415635,20000,134875
uma,band_gap,linear,train,50,8,0.475391,20000,134875
uma,band_gap,linear,train,50,9,0.466559,20000,134875
uma,band_gap,linear,train,50,10,0.460056,20000,134875
uma,band_gap,linear,train,50,11,0.374748,20000,134875
uma,band_gap,linear,train,50,12,0.518849,20000,134875
uma,band_gap,linear,train,50,13,0.435803,20000,134875
uma,band_gap,linear,train,50,14,0.497933,20000,134875
uma,band_gap,linear,train,50,15,0.560080,20000,134875
uma,band_gap,linear,train,50,16,0.554325,20000,134875
uma,band_gap,linear,train,50,17,0.543155,20000,134875
uma,band_gap,linear,train,50,18,0.543050,20000,134875
uma,band_gap,linear,train,50,19,0.380917,20000,134875
uma,band_gap,linear,train,50,20,0.528552,20000,134875
uma,band_gap,linear,train,50,21,0.567599,20000,134875
uma,band_gap,linear,train,50,22,0.470487,20000,134875
uma,band_gap,linear,train,50,23,0.529551,20000,134875
uma,band_gap,linear,train,50,24,0.591240,20000,134875
uma,band_gap,linear,train,50,25,0.435808,20000,134875
uma,band_gap,linear,train,50,26,0.542016,20000,134875
uma,band_gap,linear,train,50,27,0.555855,20000,134875
uma,band_gap,linear,train,50,28,0.500583,20000,134875
uma,band_gap,linear,train,50,29,0.493708,20000,134875
uma,band_gap,xgboost,train,100,0,0.539637,20000,134875
uma,band_gap,xgboost,train,100,1,0.592271,20000,134875
uma,band_gap,xgboost,train,100,2,0.533379,20000,134875
uma,band_gap,xgboost,train,100,3,0.537115,20000,134875
uma,band_gap,xgboost,train,100,4,0.575859,20000,134875
uma,band_gap,xgboost,train,100,5,0.518292,20000,134875
uma,band_gap,xgboost,train,100,6,0.559451,20000,134875
uma,band_gap,xgboost,train,100,7,0.489012,20000,134875
uma,band_gap,xgboost,train,100,8,0.586521,20000,134875
uma,band_gap,xgboost,train,100,9,0.591582,20000,134875
uma,band_gap,xgboost,train,100,10,0.523172,20000,134875
uma,band_gap,xgboost,train,100,11,0.523264,20000,134875
uma,band_gap,xgboost,train,100,12,0.567131,20000,134875
uma,band_gap,xgboost,train,100,13,0.597741,20000,134875
uma,band_gap,xgboost,train,100,14,0.598916,20000,134875
uma,band_gap,xgboost,train,100,15,0.539403,20000,134875
uma,band_gap,xgboost,train,100,16,0.488508,20000,134875
uma,band_gap,xgboost,train,100,17,0.502555,20000,134875
uma,band_gap,xgboost,train,100,18,0.559595,20000,134875
uma,band_gap,xgboost,train,100,19,0.549341,20000,134875
uma,band_gap,xgboost,train,100,20,0.416971,20000,134875
uma,band_gap,xgboost,train,100,21,0.585980,20000,134875
uma,band_gap,xgboost,train,100,22,0.566711,20000,134875
uma,band_gap,xgboost,train,100,23,0.577426,20000,134875
uma,band_gap,xgboost,train,100,24,0.589528,20000,134875
uma,band_gap,xgboost,train,100,25,0.588801,20000,134875
uma,band_gap,xgboost,train,100,26,0.603001,20000,134875
uma,band_gap,xgboost,train,100,27,0.612280,20000,134875
uma,band_gap,xgboost,train,100,28,0.499922,20000,134875
uma,band_gap,xgboost,train,100,29,0.540824,20000,134875
uma,band_gap,linear,train,100,0,0.606635,20000,134875
uma,band_gap,linear,train,100,1,0.598247,20000,134875
uma,band_gap,linear,train,100,2,0.588947,20000,134875
uma,band_gap,linear,train,100,3,0.620098,20000,134875
uma,band_gap,linear,train,100,4,0.596616,20000,134875
uma,band_gap,linear,train,100,5,0.629389,20000,134875
uma,band_gap,linear,train,100,6,0.551405,20000,134875
uma,band_gap,linear,train,100,7,0.575317,20000,134875
uma,band_gap,linear,train,100,8,0.600435,20000,134875
uma,band_gap,linear,train,100,9,0.646215,20000,134875
uma,band_gap,linear,train,100,10,0.583614,20000,134875
uma,band_gap,linear,train,100,11,0.622421,20000,134875
uma,band_gap,linear,train,100,12,0.594560,20000,134875
uma,band_gap,linear,train,100,13,0.610614,20000,134875
uma,band_gap,linear,train,100,14,0.590747,20000,134875
uma,band_gap,linear,train,100,15,0.591233,20000,134875
uma,band_gap,linear,train,100,16,0.592109,20000,134875
uma,band_gap,linear,train,100,17,0.566259,20000,134875
uma,band_gap,linear,train,100,18,0.562139,20000,134875
uma,band_gap,linear,train,100,19,0.611592,20000,134875
uma,band_gap,linear,train,100,20,0.598195,20000,134875
uma,band_gap,linear,train,100,21,0.459184,20000,134875
uma,band_gap,linear,train,100,22,0.622094,20000,134875
uma,band_gap,linear,train,100,23,0.619328,20000,134875
uma,band_gap,linear,train,100,24,0.630336,20000,134875
uma,band_gap,linear,train,100,25,0.633743,20000,134875
uma,band_gap,linear,train,100,26,0.624608,20000,134875
uma,band_gap,linear,train,100,27,0.616005,20000,134875
uma,band_gap,linear,train,100,28,0.519222,20000,134875
uma,band_gap,linear,train,100,29,0.540857,20000,134875
uma,band_gap,xgboost,train,200,0,0.635990,20000,134875
uma,band_gap,xgboost,train,200,1,0.632333,20000,134875
uma,band_gap,xgboost,train,200,2,0.630267,20000,134875
uma,band_gap,xgboost,train,200,3,0.629868,20000,134875
uma,band_gap,xgboost,train,200,4,0.632208,20000,134875
uma,band_gap,xgboost,train,200,5,0.641782,20000,134875
uma,band_gap,xgboost,train,200,6,0.651745,20000,134875
uma,band_gap,xgboost,train,200,7,0.625277,20000,134875
uma,band_gap,xgboost,train,200,8,0.587237,20000,134875
uma,band_gap,xgboost,train,200,9,0.639250,20000,134875
uma,band_gap,xgboost,train,200,10,0.559281,20000,134875
uma,band_gap,xgboost,train,200,11,0.631311,20000,134875
uma,band_gap,xgboost,train,200,12,0.636461,20000,134875
uma,band_gap,xgboost,train,200,13,0.561880,20000,134875
uma,band_gap,xgboost,train,200,14,0.659149,20000,134875
uma,band_gap,xgboost,train,200,15,0.670047,20000,134875
uma,band_gap,xgboost,train,200,16,0.643205,20000,134875
uma,band_gap,xgboost,train,200,17,0.573978,20000,134875
uma,band_gap,xgboost,train,200,18,0.637790,20000,134875
uma,band_gap,xgboost,train,200,19,0.623253,20000,134875
uma,band_gap,xgboost,train,200,20,0.617876,20000,134875
uma,band_gap,xgboost,train,200,21,0.636324,20000,134875
uma,band_gap,xgboost,train,200,22,0.625254,20000,134875
uma,band_gap,xgboost,train,200,23,0.641483,20000,134875
uma,band_gap,xgboost,train,200,24,0.631966,20000,134875
uma,band_gap,xgboost,train,200,25,0.625466,20000,134875
uma,band_gap,xgboost,train,200,26,0.587602,20000,134875
uma,band_gap,xgboost,train,200,27,0.636715,20000,134875
uma,band_gap,xgboost,train,200,28,0.613769,20000,134875
uma,band_gap,xgboost,train,200,29,0.639600,20000,134875
uma,band_gap,linear,train,200,0,0.645579,20000,134875
uma,band_gap,linear,train,200,1,0.652348,20000,134875
uma,band_gap,linear,train,200,2,0.649922,20000,134875
uma,band_gap,linear,train,200,3,0.641283,20000,134875
uma,band_gap,linear,train,200,4,0.599448,20000,134875
uma,band_gap,linear,train,200,5,0.651710,20000,134875
uma,band_gap,linear,train,200,6,0.634009,20000,134875
uma,band_gap,linear,train,200,7,0.647695,20000,134875
uma,band_gap,linear,train,200,8,0.636938,20000,134875
uma,band_gap,linear,train,200,9,0.653293,20000,134875
uma,band_gap,linear,train,200,10,0.621401,20000,134875
uma,band_gap,linear,train,200,11,0.640606,20000,134875
uma,band_gap,linear,train,200,12,0.639339,20000,134875
uma,band_gap,linear,train,200,13,0.576866,20000,134875
uma,band_gap,linear,train,200,14,0.653847,20000,134875
uma,band_gap,linear,train,200,15,0.640415,20000,134875
uma,band_gap,linear,train,200,16,0.651867,20000,134875
uma,band_gap,linear,train,200,17,0.638168,20000,134875
uma,band_gap,linear,train,200,18,0.642076,20000,134875
uma,band_gap,linear,train,200,19,0.642176,20000,134875
uma,band_gap,linear,train,200,20,0.643975,20000,134875
uma,band_gap,linear,train,200,21,0.639392,20000,134875
uma,band_gap,linear,train,200,22,0.659112,20000,134875
uma,band_gap,linear,train,200,23,0.626806,20000,134875
uma,band_gap,linear,train,200,24,0.645312,20000,134875
uma,band_gap,linear,train,200,25,0.585005,20000,134875
uma,band_gap,linear,train,200,26,0.629850,20000,134875
uma,band_gap,linear,train,200,27,0.627355,20000,134875
uma,band_gap,linear,train,200,28,0.599548,20000,134875
uma,band_gap,linear,train,200,29,0.664451,20000,134875
uma,band_gap,xgboost,train,500,0,0.693799,20000,134875
uma,band_gap,xgboost,train,500,1,0.705119,20000,134875
uma,band_gap,xgboost,train,500,2,0.733706,20000,134875
uma,band_gap,xgboost,train,500,3,0.730344,20000,134875
uma,band_gap,xgboost,train,500,4,0.722587,20000,134875
uma,band_gap,xgboost,train,500,5,0.732709,20000,134875
uma,band_gap,xgboost,train,500,6,0.732737,20000,134875
uma,band_gap,xgboost,train,500,7,0.723669,20000,134875
uma,band_gap,xgboost,train,500,8,0.725258,20000,134875
uma,band_gap,xgboost,train,500,9,0.692969,20000,134875
uma,band_gap,xgboost,train,500,10,0.727452,20000,134875
uma,band_gap,xgboost,train,500,11,0.722914,20000,134875
uma,band_gap,xgboost,train,500,12,0.705284,20000,134875
uma,band_gap,xgboost,train,500,13,0.718544,20000,134875
uma,band_gap,xgboost,train,500,14,0.706072,20000,134875
uma,band_gap,xgboost,train,500,15,0.707306,20000,134875
uma,band_gap,xgboost,train,500,16,0.719358,20000,134875
uma,band_gap,xgboost,train,500,17,0.722224,20000,134875
uma,band_gap,xgboost,train,500,18,0.723597,20000,134875
uma,band_gap,xgboost,train,500,19,0.719626,20000,134875
uma,band_gap,xgboost,train,500,20,0.717678,20000,134875
uma,band_gap,xgboost,train,500,21,0.716881,20000,134875
uma,band_gap,xgboost,train,500,22,0.696233,20000,134875
uma,band_gap,xgboost,train,500,23,0.721043,20000,134875
uma,band_gap,xgboost,train,500,24,0.721153,20000,134875
uma,band_gap,xgboost,train,500,25,0.706518,20000,134875
uma,band_gap,xgboost,train,500,26,0.722187,20000,134875
uma,band_gap,xgboost,train,500,27,0.704504,20000,134875
uma,band_gap,xgboost,train,500,28,0.731162,20000,134875
uma,band_gap,xgboost,train,500,29,0.719041,20000,134875
uma,band_gap,linear,train,500,0,0.687731,20000,134875
uma,band_gap,linear,train,500,1,0.694345,20000,134875
uma,band_gap,linear,train,500,2,0.696691,20000,134875
uma,band_gap,linear,train,500,3,0.692170,20000,134875
uma,band_gap,linear,train,500,4,0.681288,20000,134875
uma,band_gap,linear,train,500,5,0.691698,20000,134875
uma,band_gap,linear,train,500,6,0.698562,20000,134875
uma,band_gap,linear,train,500,7,0.684279,20000,134875
uma,band_gap,linear,train,500,8,0.679295,20000,134875
uma,band_gap,linear,train,500,9,0.684943,20000,134875
uma,band_gap,linear,train,500,10,0.697027,20000,134875
uma,band_gap,linear,train,500,11,0.686571,20000,134875
uma,band_gap,linear,train,500,12,0.688262,20000,134875
uma,band_gap,linear,train,500,13,0.672788,20000,134875
uma,band_gap,linear,train,500,14,0.673903,20000,134875
uma,band_gap,linear,train,500,15,0.674543,20000,134875
uma,band_gap,linear,train,500,16,0.675094,20000,134875
uma,band_gap,linear,train,500,17,0.680383,20000,134875
uma,band_gap,linear,train,500,18,0.698718,20000,134875
uma,band_gap,linear,train,500,19,0.690587,20000,134875
uma,band_gap,linear,train,500,20,0.689495,20000,134875
uma,band_gap,linear,train,500,21,0.694117,20000,134875
uma,band_gap,linear,train,500,22,0.691985,20000,134875
uma,band_gap,linear,train,500,23,0.676489,20000,134875
uma,band_gap,linear,train,500,24,0.693752,20000,134875
uma,band_gap,linear,train,500,25,0.682444,20000,134875
uma,band_gap,linear,train,500,26,0.696155,20000,134875
uma,band_gap,linear,train,500,27,0.683217,20000,134875
uma,band_gap,linear,train,500,28,0.693016,20000,134875
uma,band_gap,linear,train,500,29,0.683094,20000,134875
uma,band_gap,xgboost,train,1000,0,0.766719,20000,134875
uma,band_gap,xgboost,train,1000,1,0.777274,20000,134875
uma,band_gap,xgboost,train,1000,2,0.765581,20000,134875
uma,band_gap,xgboost,train,1000,3,0.775140,20000,134875
uma,band_gap,xgboost,train,1000,4,0.766320,20000,134875
uma,band_gap,xgboost,train,1000,5,0.768589,20000,134875
uma,band_gap,xgboost,train,1000,6,0.765153,20000,134875
uma,band_gap,xgboost,train,1000,7,0.754176,20000,134875
uma,band_gap,xgboost,train,1000,8,0.776847,20000,134875
uma,band_gap,xgboost,train,1000,9,0.769533,20000,134875
uma,band_gap,xgboost,train,1000,10,0.755092,20000,134875
uma,band_gap,xgboost,train,1000,11,0.775390,20000,134875
uma,band_gap,xgboost,train,1000,12,0.771033,20000,134875
uma,band_gap,xgboost,train,1000,13,0.769529,20000,134875
uma,band_gap,xgboost,train,1000,14,0.770693,20000,134875
uma,band_gap,xgboost,train,1000,15,0.775063,20000,134875
uma,band_gap,xgboost,train,1000,16,0.756875,20000,134875
uma,band_gap,xgboost,train,1000,17,0.783345,20000,134875
uma,band_gap,xgboost,train,1000,18,0.774057,20000,134875
uma,band_gap,xgboost,train,1000,19,0.766856,20000,134875
uma,band_gap,xgboost,train,1000,20,0.760683,20000,134875
uma,band_gap,xgboost,train,1000,21,0.768005,20000,134875
uma,band_gap,xgboost,train,1000,22,0.764442,20000,134875
uma,band_gap,xgboost,train,1000,23,0.774009,20000,134875
uma,band_gap,xgboost,train,1000,24,0.777743,20000,134875
uma,band_gap,xgboost,train,1000,25,0.775701,20000,134875
uma,band_gap,xgboost,train,1000,26,0.756877,20000,134875
uma,band_gap,xgboost,train,1000,27,0.761840,20000,134875
uma,band_gap,xgboost,train,1000,28,0.766111,20000,134875
uma,band_gap,xgboost,train,1000,29,0.761825,20000,134875
uma,band_gap,linear,train,1000,0,0.711756,20000,134875
uma,band_gap,linear,train,1000,1,0.715910,20000,134875
uma,band_gap,linear,train,1000,2,0.714719,20000,134875
uma,band_gap,linear,train,1000,3,0.713399,20000,134875
uma,band_gap,linear,train,1000,4,0.718299,20000,134875
uma,band_gap,linear,train,1000,5,0.717546,20000,134875
uma,band_gap,linear,train,1000,6,0.718005,20000,134875
uma,band_gap,linear,train,1000,7,0.705862,20000,134875
uma,band_gap,linear,train,1000,8,0.721031,20000,134875
uma,band_gap,linear,train,1000,9,0.713807,20000,134875
uma,band_gap,linear,train,1000,10,0.705766,20000,134875
uma,band_gap,linear,train,1000,11,0.722295,20000,134875
uma,band_gap,linear,train,1000,12,0.722179,20000,134875
uma,band_gap,linear,train,1000,13,0.711663,20000,134875
uma,band_gap,linear,train,1000,14,0.720742,20000,134875
uma,band_gap,linear,train,1000,15,0.712370,20000,134875
uma,band_gap,linear,train,1000,16,0.707242,20000,134875
uma,band_gap,linear,train,1000,17,0.714411,20000,134875
uma,band_gap,linear,train,1000,18,0.706007,20000,134875
uma,band_gap,linear,train,1000,19,0.719635,20000,134875
uma,band_gap,linear,train,1000,20,0.713844,20000,134875
uma,band_gap,linear,train,1000,21,0.711862,20000,134875
uma,band_gap,linear,train,1000,22,0.720798,20000,134875
uma,band_gap,linear,train,1000,23,0.716504,20000,134875
uma,band_gap,linear,train,1000,24,0.715114,20000,134875
uma,band_gap,linear,train,1000,25,0.719975,20000,134875
uma,band_gap,linear,train,1000,26,0.719510,20000,134875
uma,band_gap,linear,train,1000,27,0.713608,20000,134875
uma,band_gap,linear,train,1000,28,0.717208,20000,134875
uma,band_gap,linear,train,1000,29,0.707403,20000,134875
uma,band_gap,xgboost,train,2000,0,0.803588,20000,134875
uma,band_gap,xgboost,train,2000,1,0.809482,20000,134875
uma,band_gap,xgboost,train,2000,2,0.813307,20000,134875
uma,band_gap,xgboost,train,2000,3,0.813244,20000,134875
uma,band_gap,xgboost,train,2000,4,0.810185,20000,134875
uma,band_gap,xgboost,train,2000,5,0.803083,20000,134875
uma,band_gap,xgboost,train,2000,6,0.806183,20000,134875
uma,band_gap,xgboost,train,2000,7,0.817636,20000,134875
uma,band_gap,xgboost,train,2000,8,0.789629,20000,134875
uma,band_gap,xgboost,train,2000,9,0.806951,20000,134875
uma,band_gap,xgboost,train,2000,10,0.812133,20000,134875
uma,band_gap,xgboost,train,2000,11,0.809150,20000,134875
uma,band_gap,xgboost,train,2000,12,0.807526,20000,134875
uma,band_gap,xgboost,train,2000,13,0.816696,20000,134875
uma,band_gap,xgboost,train,2000,14,0.811846,20000,134875
uma,band_gap,xgboost,train,2000,15,0.811424,20000,134875
uma,band_gap,xgboost,train,2000,16,0.810492,20000,134875
uma,band_gap,xgboost,train,2000,17,0.809036,20000,134875
uma,band_gap,xgboost,train,2000,18,0.806186,20000,134875
uma,band_gap,xgboost,train,2000,19,0.808346,20000,134875
uma,band_gap,xgboost,train,2000,20,0.802539,20000,134875
uma,band_gap,xgboost,train,2000,21,0.810753,20000,134875
uma,band_gap,xgboost,train,2000,22,0.813067,20000,134875
uma,band_gap,xgboost,train,2000,23,0.807851,20000,134875
uma,band_gap,xgboost,train,2000,24,0.799987,20000,134875
uma,band_gap,xgboost,train,2000,25,0.807477,20000,134875
uma,band_gap,xgboost,train,2000,26,0.812031,20000,134875
uma,band_gap,xgboost,train,2000,27,0.814601,20000,134875
uma,band_gap,xgboost,train,2000,28,0.811476,20000,134875
uma,band_gap,xgboost,train,2000,29,0.812000,20000,134875
uma,band_gap,linear,train,2000,0,0.730620,20000,134875
uma,band_gap,linear,train,2000,1,0.737735,20000,134875
uma,band_gap,linear,train,2000,2,0.733116,20000,134875
uma,band_gap,linear,train,2000,3,0.733668,20000,134875
uma,band_gap,linear,train,2000,4,0.729404,20000,134875
uma,band_gap,linear,train,2000,5,0.740575,20000,134875
uma,band_gap,linear,train,2000,6,0.732521,20000,134875
uma,band_gap,linear,train,2000,7,0.739567,20000,134875
uma,band_gap,linear,train,2000,8,0.728463,20000,134875
uma,band_gap,linear,train,2000,9,0.730814,20000,134875
uma,band_gap,linear,train,2000,10,0.731082,20000,134875
uma,band_gap,linear,train,2000,11,0.732484,20000,134875
uma,band_gap,linear,train,2000,12,0.733154,20000,134875
uma,band_gap,linear,train,2000,13,0.736874,20000,134875
uma,band_gap,linear,train,2000,14,0.723747,20000,134875
uma,band_gap,linear,train,2000,15,0.730506,20000,134875
uma,band_gap,linear,train,2000,16,0.728827,20000,134875
uma,band_gap,linear,train,2000,17,0.730643,20000,134875
uma,band_gap,linear,train,2000,18,0.730307,20000,134875
uma,band_gap,linear,train,2000,19,0.733082,20000,134875
uma,band_gap,linear,train,2000,20,0.736441,20000,134875
uma,band_gap,linear,train,2000,21,0.733411,20000,134875
uma,band_gap,linear,train,2000,22,0.732726,20000,134875
uma,band_gap,linear,train,2000,23,0.729552,20000,134875
uma,band_gap,linear,train,2000,24,0.729852,20000,134875
uma,band_gap,linear,train,2000,25,0.731792,20000,134875
uma,band_gap,linear,train,2000,26,0.732027,20000,134875
uma,band_gap,linear,train,2000,27,0.736087,20000,134875
uma,band_gap,linear,train,2000,28,0.736030,20000,134875
uma,band_gap,linear,train,2000,29,0.728759,20000,134875
uma,band_gap,xgboost,train,5000,0,0.852888,20000,134875
uma,band_gap,xgboost,train,5000,1,0.849230,20000,134875
uma,band_gap,xgboost,train,5000,2,0.848894,20000,134875
uma,band_gap,xgboost,train,5000,3,0.847861,20000,134875
uma,band_gap,xgboost,train,5000,4,0.855743,20000,134875
uma,band_gap,xgboost,train,5000,5,0.849229,20000,134875
uma,band_gap,xgboost,train,5000,6,0.845735,20000,134875
uma,band_gap,xgboost,train,5000,7,0.845102,20000,134875
uma,band_gap,xgboost,train,5000,8,0.849068,20000,134875
uma,band_gap,xgboost,train,5000,9,0.851549,20000,134875
uma,band_gap,linear,train,5000,0,0.751236,20000,134875
uma,band_gap,linear,train,5000,1,0.750255,20000,134875
uma,band_gap,linear,train,5000,2,0.749284,20000,134875
uma,band_gap,linear,train,5000,3,0.748324,20000,134875
uma,band_gap,linear,train,5000,4,0.751133,20000,134875
uma,band_gap,linear,train,5000,5,0.749574,20000,134875
uma,band_gap,linear,train,5000,6,0.750052,20000,134875
uma,band_gap,linear,train,5000,7,0.746819,20000,134875
uma,band_gap,linear,train,5000,8,0.751335,20000,134875
uma,band_gap,linear,train,5000,9,0.748296,20000,134875
uma,band_gap,xgboost,train,7000,0,0.859033,20000,134875
uma,band_gap,xgboost,train,7000,1,0.864437,20000,134875
uma,band_gap,xgboost,train,7000,2,0.855627,20000,134875
uma,band_gap,xgboost,train,7000,3,0.862891,20000,134875
uma,band_gap,xgboost,train,7000,4,0.858475,20000,134875
uma,band_gap,xgboost,train,7000,5,0.857272,20000,134875
uma,band_gap,xgboost,train,7000,6,0.857614,20000,134875
uma,band_gap,linear,train,7000,0,0.750534,20000,134875
uma,band_gap,linear,train,7000,1,0.751661,20000,134875
uma,band_gap,linear,train,7000,2,0.750827,20000,134875
uma,band_gap,linear,train,7000,3,0.753744,20000,134875
uma,band_gap,linear,train,7000,4,0.752354,20000,134875
uma,band_gap,linear,train,7000,5,0.752125,20000,134875
uma,band_gap,linear,train,7000,6,0.754261,20000,134875
uma,band_gap,xgboost,train,10000,0,0.878518,20000,134875
uma,band_gap,xgboost,train,10000,1,0.871416,20000,134875
uma,band_gap,xgboost,train,10000,2,0.868720,20000,134875
uma,band_gap,xgboost,train,10000,3,0.865814,20000,134875
uma,band_gap,xgboost,train,10000,4,0.866898,20000,134875
uma,band_gap,xgboost,train,10000,5,0.868951,20000,134875
uma,band_gap,xgboost,train,10000,6,0.868617,20000,134875
uma,band_gap,linear,train,10000,0,0.758285,20000,134875
uma,band_gap,linear,train,10000,1,0.757631,20000,134875
uma,band_gap,linear,train,10000,2,0.755815,20000,134875
uma,band_gap,linear,train,10000,3,0.756130,20000,134875
uma,band_gap,linear,train,10000,4,0.755969,20000,134875
uma,band_gap,linear,train,10000,5,0.755121,20000,134875
uma,band_gap,linear,train,10000,6,0.755375,20000,134875
uma,band_gap,xgboost,train,20000,0,0.882830,20000,134875
uma,band_gap,xgboost,train,20000,1,0.882772,20000,134875
uma,band_gap,xgboost,train,20000,2,0.889841,20000,134875
uma,band_gap,xgboost,train,20000,3,0.889776,20000,134875
uma,band_gap,xgboost,train,20000,4,0.883125,20000,134875
uma,band_gap,xgboost,train,20000,5,0.881340,20000,134875
uma,band_gap,linear,train,20000,0,0.760759,20000,134875
uma,band_gap,linear,train,20000,1,0.759815,20000,134875
uma,band_gap,linear,train,20000,2,0.761669,20000,134875
uma,band_gap,linear,train,20000,3,0.761749,20000,134875
uma,band_gap,linear,train,20000,4,0.759887,20000,134875
uma,band_gap,linear,train,20000,5,0.761212,20000,134875
uma,density,xgboost,train,50,0,0.298911,20000,134875
uma,density,xgboost,train,50,1,0.361770,20000,134875
uma,density,xgboost,train,50,2,-0.031659,20000,134875
uma,density,xgboost,train,50,3,0.356625,20000,134875
uma,density,xgboost,train,50,4,0.422024,20000,134875
uma,density,xgboost,train,50,5,0.332432,20000,134875
uma,density,xgboost,train,50,6,0.404602,20000,134875
uma,density,xgboost,train,50,7,0.007866,20000,134875
uma,density,xgboost,train,50,8,0.422305,20000,134875
uma,density,xgboost,train,50,9,0.302052,20000,134875
uma,density,xgboost,train,50,10,0.394544,20000,134875
uma,density,xgboost,train,50,11,0.275805,20000,134875
uma,density,xgboost,train,50,12,0.403804,20000,134875
uma,density,xgboost,train,50,13,0.370282,20000,134875
uma,density,xgboost,train,50,14,0.264381,20000,134875
uma,density,xgboost,train,50,15,0.256149,20000,134875
uma,density,xgboost,train,50,16,0.438392,20000,134875
uma,density,xgboost,train,50,17,0.443755,20000,134875
uma,density,xgboost,train,50,18,0.428439,20000,134875
uma,density,xgboost,train,50,19,0.401231,20000,134875
uma,density,xgboost,train,50,20,0.364358,20000,134875
uma,density,xgboost,train,50,21,0.439769,20000,134875
uma,density,xgboost,train,50,22,0.252931,20000,134875
uma,density,xgboost,train,50,23,0.390899,20000,134875
uma,density,xgboost,train,50,24,0.295352,20000,134875
uma,density,xgboost,train,50,25,0.449372,20000,134875
uma,density,xgboost,train,50,26,0.361712,20000,134875
uma,density,xgboost,train,50,27,0.371064,20000,134875
uma,density,xgboost,train,50,28,0.404781,20000,134875
uma,density,xgboost,train,50,29,0.386734,20000,134875
uma,density,linear,train,50,0,0.519548,20000,134875
uma,density,linear,train,50,1,0.551424,20000,134875
uma,density,linear,train,50,2,0.463659,20000,134875
uma,density,linear,train,50,3,0.546434,20000,134875
uma,density,linear,train,50,4,0.427753,20000,134875
uma,density,linear,train,50,5,0.583652,20000,134875
uma,density,linear,train,50,6,0.461496,20000,134875
uma,density,linear,train,50,7,0.498380,20000,134875
uma,density,linear,train,50,8,0.548849,20000,134875
uma,density,linear,train,50,9,0.469627,20000,134875
uma,density,linear,train,50,10,0.542084,20000,134875
uma,density,linear,train,50,11,0.457313,20000,134875
uma,density,linear,train,50,12,0.649763,20000,134875
uma,density,linear,train,50,13,0.495463,20000,134875
uma,density,linear,train,50,14,0.415954,20000,134875
uma,density,linear,train,50,15,0.375974,20000,134875
uma,density,linear,train,50,16,0.571010,20000,134875
uma,density,linear,train,50,17,0.515298,20000,134875
uma,density,linear,train,50,18,0.581917,20000,134875
uma,density,linear,train,50,19,0.609506,20000,134875
uma,density,linear,train,50,20,0.551103,20000,134875
uma,density,linear,train,50,21,0.575196,20000,134875
uma,density,linear,train,50,22,0.477284,20000,134875
uma,density,linear,train,50,23,0.554497,20000,134875
uma,density,linear,train,50,24,0.460792,20000,134875
uma,density,linear,train,50,25,0.529316,20000,134875
uma,density,linear,train,50,26,0.351480,20000,134875
uma,density,linear,train,50,27,0.428606,20000,134875
uma,density,linear,train,50,28,0.536366,20000,134875
uma,density,linear,train,50,29,0.476545,20000,134875
uma,density,xgboost,train,100,0,0.464776,20000,134875
uma,density,xgboost,train,100,1,0.459849,20000,134875
uma,density,xgboost,train,100,2,0.567495,20000,134875
uma,density,xgboost,train,100,3,0.517039,20000,134875
uma,density,xgboost,train,100,4,0.515453,20000,134875
uma,density,xgboost,train,100,5,0.405889,20000,134875
uma,density,xgboost,train,100,6,0.488461,20000,134875
uma,density,xgboost,train,100,7,0.469915,20000,134875
uma,density,xgboost,train,100,8,0.486536,20000,134875
uma,density,xgboost,train,100,9,0.336183,20000,134875
uma,density,xgboost,train,100,10,0.470534,20000,134875
uma,density,xgboost,train,100,11,0.484120,20000,134875
uma,density,xgboost,train,100,12,0.491569,20000,134875
uma,density,xgboost,train,100,13,0.537004,20000,134875
uma,density,xgboost,train,100,14,0.349853,20000,134875
uma,density,xgboost,train,100,15,0.402920,20000,134875
uma,density,xgboost,train,100,16,0.555193,20000,134875
uma,density,xgboost,train,100,17,0.489905,20000,134875
uma,density,xgboost,train,100,18,0.473741,20000,134875
uma,density,xgboost,train,100,19,0.518054,20000,134875
uma,density,xgboost,train,100,20,0.562797,20000,134875
uma,density,xgboost,train,100,21,0.456022,20000,134875
uma,density,xgboost,train,100,22,0.443525,20000,134875
uma,density,xgboost,train,100,23,0.515427,20000,134875
uma,density,xgboost,train,100,24,0.481422,20000,134875
uma,density,xgboost,train,100,25,0.420660,20000,134875
uma,density,xgboost,train,100,26,0.522459,20000,134875
uma,density,xgboost,train,100,27,0.443723,20000,134875
uma,density,xgboost,train,100,28,0.537130,20000,134875
uma,density,xgboost,train,100,29,0.354567,20000,134875
uma,density,linear,train,100,0,0.625513,20000,134875
uma,density,linear,train,100,1,0.629259,20000,134875
uma,density,linear,train,100,2,0.721953,20000,134875
uma,density,linear,train,100,3,0.654168,20000,134875
uma,density,linear,train,100,4,0.650698,20000,134875
uma,density,linear,train,100,5,0.687836,20000,134875
uma,density,linear,train,100,6,0.613657,20000,134875
uma,density,linear,train,100,7,0.650753,20000,134875
uma,density,linear,train,100,8,0.571427,20000,134875
uma,density,linear,train,100,9,0.561996,20000,134875
uma,density,linear,train,100,10,0.673997,20000,134875
uma,density,linear,train,100,11,0.627344,20000,134875
uma,density,linear,train,100,12,0.714158,20000,134875
uma,density,linear,train,100,13,0.699987,20000,134875
uma,density,linear,train,100,14,0.587877,20000,134875
uma,density,linear,train,100,15,0.591246,20000,134875
uma,density,linear,train,100,16,0.552551,20000,134875
uma,density,linear,train,100,17,0.620280,20000,134875
uma,density,linear,train,100,18,0.617496,20000,134875
uma,density,linear,train,100,19,0.650470,20000,134875
uma,density,linear,train,100,20,0.664015,20000,134875
uma,density,linear,train,100,21,0.639698,20000,134875
uma,density,linear,train,100,22,0.584880,20000,134875
uma,density,linear,train,100,23,0.623817,20000,134875
uma,density,linear,train,100,24,0.633020,20000,134875
uma,density,linear,train,100,25,0.569972,20000,134875
uma,density,linear,train,100,26,0.620159,20000,134875
uma,density,linear,train,100,27,0.594850,20000,134875
uma,density,linear,train,100,28,0.661485,20000,134875
uma,density,linear,train,100,29,0.523810,20000,134875
uma,density,xgboost,train,200,0,0.602437,20000,134875
uma,density,xgboost,train,200,1,0.565076,20000,134875
uma,density,xgboost,train,200,2,0.637201,20000,134875
uma,density,xgboost,train,200,3,0.635513,20000,134875
uma,density,xgboost,train,200,4,0.600828,20000,134875
uma,density,xgboost,train,200,5,0.583585,20000,134875
uma,density,xgboost,train,200,6,0.632565,20000,134875
uma,density,xgboost,train,200,7,0.652856,20000,134875
uma,density,xgboost,train,200,8,0.599411,20000,134875
uma,density,xgboost,train,200,9,0.625670,20000,134875
uma,density,xgboost,train,200,10,0.645458,20000,134875
uma,density,xgboost,train,200,11,0.638198,20000,134875
uma,density,xgboost,train,200,12,0.617153,20000,134875
uma,density,xgboost,train,200,13,0.602190,20000,134875
uma,density,xgboost,train,200,14,0.588372,20000,134875
uma,density,xgboost,train,200,15,0.592632,20000,134875
uma,density,xgboost,train,200,16,0.596308,20000,134875
uma,density,xgboost,train,200,17,0.648158,20000,134875
uma,density,xgboost,train,200,18,0.655764,20000,134875
uma,density,xgboost,train,200,19,0.595645,20000,134875
uma,density,xgboost,train,200,20,0.626503,20000,134875
uma,density,xgboost,train,200,21,0.582833,20000,134875
uma,density,xgboost,train,200,22,0.583126,20000,134875
uma,density,xgboost,train,200,23,0.636268,20000,134875
uma,density,xgboost,train,200,24,0.617572,20000,134875
uma,density,xgboost,train,200,25,0.563739,20000,134875
uma,density,xgboost,train,200,26,0.626654,20000,134875
uma,density,xgboost,train,200,27,0.599167,20000,134875
uma,density,xgboost,train,200,28,0.583758,20000,134875
uma,density,xgboost,train,200,29,0.600785,20000,134875
uma,density,linear,train,200,0,0.730077,20000,134875
uma,density,linear,train,200,1,0.688510,20000,134875
uma,density,linear,train,200,2,0.745375,20000,134875
uma,density,linear,train,200,3,0.737252,20000,134875
uma,density,linear,train,200,4,0.734412,20000,134875
uma,density,linear,train,200,5,0.679755,20000,134875
uma,density,linear,train,200,6,0.709090,20000,134875
uma,density,linear,train,200,7,0.744456,20000,134875
uma,density,linear,train,200,8,0.681110,20000,134875
uma,density,linear,train,200,9,0.723276,20000,134875
uma,density,linear,train,200,10,0.669084,20000,134875
uma,density,linear,train,200,11,0.720383,20000,134875
uma,density,linear,train,200,12,0.709126,20000,134875
uma,density,linear,train,200,13,0.724818,20000,134875
uma,density,linear,train,200,14,0.698034,20000,134875
uma,density,linear,train,200,15,0.682257,20000,134875
uma,density,linear,train,200,16,0.700872,20000,134875
uma,density,linear,train,200,17,0.715706,20000,134875
uma,density,linear,train,200,18,0.726268,20000,134875
uma,density,linear,train,200,19,0.677834,20000,134875
uma,density,linear,train,200,20,0.748079,20000,134875
uma,density,linear,train,200,21,0.687627,20000,134875
uma,density,linear,train,200,22,0.729434,20000,134875
uma,density,linear,train,200,23,0.724945,20000,134875
uma,density,linear,train,200,24,0.703010,20000,134875
uma,density,linear,train,200,25,0.677528,20000,134875
uma,density,linear,train,200,26,0.738002,20000,134875
uma,density,linear,train,200,27,0.728558,20000,134875
uma,density,linear,train,200,28,0.691521,20000,134875
uma,density,linear,train,200,29,0.699103,20000,134875
uma,density,xgboost,train,500,0,0.715340,20000,134875
uma,density,xgboost,train,500,1,0.730994,20000,134875
uma,density,xgboost,train,500,2,0.698782,20000,134875
uma,density,xgboost,train,500,3,0.670706,20000,134875
uma,density,xgboost,train,500,4,0.724642,20000,134875
uma,density,xgboost,train,500,5,0.710548,20000,134875
uma,density,xgboost,train,500,6,0.726158,20000,134875
uma,density,xgboost,train,500,7,0.734017,20000,134875
uma,density,xgboost,train,500,8,0.755290,20000,134875
uma,density,xgboost,train,500,9,0.715910,20000,134875
uma,density,xgboost,train,500,10,0.713345,20000,134875
uma,density,xgboost,train,500,11,0.716616,20000,134875
uma,density,xgboost,train,500,12,0.737830,20000,134875
uma,density,xgboost,train,500,13,0.745399,20000,134875
uma,density,xgboost,train,500,14,0.700152,20000,134875
uma,density,xgboost,train,500,15,0.721924,20000,134875
uma,density,xgboost,train,500,16,0.743614,20000,134875
uma,density,xgboost,train,500,17,0.738639,20000,134875
uma,density,xgboost,train,500,18,0.743880,20000,134875
uma,density,xgboost,train,500,19,0.689963,20000,134875
uma,density,xgboost,train,500,20,0.724750,20000,134875
uma,density,xgboost,train,500,21,0.693277,20000,134875
uma,density,xgboost,train,500,22,0.719528,20000,134875
uma,density,xgboost,train,500,23,0.718039,20000,134875
uma,density,xgboost,train,500,24,0.736760,20000,134875
uma,density,xgboost,train,500,25,0.735391,20000,134875
uma,density,xgboost,train,500,26,0.727484,20000,134875
uma,density,xgboost,train,500,27,0.731520,20000,134875
uma,density,xgboost,train,500,28,0.689652,20000,134875
uma,density,xgboost,train,500,29,0.726906,20000,134875
uma,density,linear,train,500,0,0.792494,20000,134875
uma,density,linear,train,500,1,0.798018,20000,134875
uma,density,linear,train,500,2,0.803528,20000,134875
uma,density,linear,train,500,3,0.770722,20000,134875
uma,density,linear,train,500,4,0.790132,20000,134875
uma,density,linear,train,500,5,0.773290,20000,134875
uma,density,linear,train,500,6,0.790662,20000,134875
uma,density,linear,train,500,7,0.798114,20000,134875
uma,density,linear,train,500,8,0.783643,20000,134875
uma,density,linear,train,500,9,0.795552,20000,134875
uma,density,linear,train,500,10,0.780018,20000,134875
uma,density,linear,train,500,11,0.781971,20000,134875
uma,density,linear,train,500,12,0.792269,20000,134875
uma,density,linear,train,500,13,0.760134,20000,134875
uma,density,linear,train,500,14,0.780199,20000,134875
uma,density,linear,train,500,15,0.775785,20000,134875
uma,density,linear,train,500,16,0.792244,20000,134875
uma,density,linear,train,500,17,0.804434,20000,134875
uma,density,linear,train,500,18,0.788770,20000,134875
uma,density,linear,train,500,19,0.786282,20000,134875
uma,density,linear,train,500,20,0.806519,20000,134875
uma,density,linear,train,500,21,0.784024,20000,134875
uma,density,linear,train,500,22,0.780798,20000,134875
uma,density,linear,train,500,23,0.795639,20000,134875
uma,density,linear,train,500,24,0.790894,20000,134875
uma,density,linear,train,500,25,0.786957,20000,134875
uma,density,linear,train,500,26,0.784822,20000,134875
uma,density,linear,train,500,27,0.792145,20000,134875
uma,density,linear,train,500,28,0.768560,20000,134875
uma,density,linear,train,500,29,0.803156,20000,134875
uma,density,xgboost,train,1000,0,0.777882,20000,134875
uma,density,xgboost,train,1000,1,0.795539,20000,134875
uma,density,xgboost,train,1000,2,0.779674,20000,134875
uma,density,xgboost,train,1000,3,0.767047,20000,134875
uma,density,xgboost,train,1000,4,0.778395,20000,134875
uma,density,xgboost,train,1000,5,0.793433,20000,134875
uma,density,xgboost,train,1000,6,0.772605,20000,134875
uma,density,xgboost,train,1000,7,0.792332,20000,134875
uma,density,xgboost,train,1000,8,0.790039,20000,134875
uma,density,xgboost,train,1000,9,0.795172,20000,134875
uma,density,xgboost,train,1000,10,0.775768,20000,134875
uma,density,xgboost,train,1000,11,0.805951,20000,134875
uma,density,xgboost,train,1000,12,0.762706,20000,134875
uma,density,xgboost,train,1000,13,0.788824,20000,134875
uma,density,xgboost,train,1000,14,0.780490,20000,134875
uma,density,xgboost,train,1000,15,0.786700,20000,134875
uma,density,xgboost,train,1000,16,0.782713,20000,134875
uma,density,xgboost,train,1000,17,0.762555,20000,134875
uma,density,xgboost,train,1000,18,0.779746,20000,134875
uma,density,xgboost,train,1000,19,0.784138,20000,134875
uma,density,xgboost,train,1000,20,0.782205,20000,134875
uma,density,xgboost,train,1000,21,0.761845,20000,134875
uma,density,xgboost,train,1000,22,0.782514,20000,134875
uma,density,xgboost,train,1000,23,0.784113,20000,134875
uma,density,xgboost,train,1000,24,0.771781,20000,134875
uma,density,xgboost,train,1000,25,0.790862,20000,134875
uma,density,xgboost,train,1000,26,0.773974,20000,134875
uma,density,xgboost,train,1000,27,0.776528,20000,134875
uma,density,xgboost,train,1000,28,0.786384,20000,134875
uma,density,xgboost,train,1000,29,0.789981,20000,134875
uma,density,linear,train,1000,0,0.817304,20000,134875
uma,density,linear,train,1000,1,0.825017,20000,134875
uma,density,linear,train,1000,2,0.815925,20000,134875
uma,density,linear,train,1000,3,0.831062,20000,134875
uma,density,linear,train,1000,4,0.811440,20000,134875
uma,density,linear,train,1000,5,0.824709,20000,134875
uma,density,linear,train,1000,6,0.815139,20000,134875
uma,density,linear,train,1000,7,0.824402,20000,134875
uma,density,linear,train,1000,8,0.817588,20000,134875
uma,density,linear,train,1000,9,0.822944,20000,134875
uma,density,linear,train,1000,10,0.822821,20000,134875
uma,density,linear,train,1000,11,0.829575,20000,134875
uma,density,linear,train,1000,12,0.815447,20000,134875
uma,density,linear,train,1000,13,0.822213,20000,134875
uma,density,linear,train,1000,14,0.817442,20000,134875
uma,density,linear,train,1000,15,0.820069,20000,134875
uma,density,linear,train,1000,16,0.813721,20000,134875
uma,density,linear,train,1000,17,0.821201,20000,134875
uma,density,linear,train,1000,18,0.818919,20000,134875
uma,density,linear,train,1000,19,0.822241,20000,134875
uma,density,linear,train,1000,20,0.830200,20000,134875
uma,density,linear,train,1000,21,0.808964,20000,134875
uma,density,linear,train,1000,22,0.817680,20000,134875
uma,density,linear,train,1000,23,0.825303,20000,134875
uma,density,linear,train,1000,24,0.791239,20000,134875
uma,density,linear,train,1000,25,0.829822,20000,134875
uma,density,linear,train,1000,26,0.821349,20000,134875
uma,density,linear,train,1000,27,0.807535,20000,134875
uma,density,linear,train,1000,28,0.820493,20000,134875
uma,density,linear,train,1000,29,0.816093,20000,134875
uma,density,xgboost,train,2000,0,0.843009,20000,134875
uma,density,xgboost,train,2000,1,0.829256,20000,134875
uma,density,xgboost,train,2000,2,0.839828,20000,134875
uma,density,xgboost,train,2000,3,0.832428,20000,134875
uma,density,xgboost,train,2000,4,0.817642,20000,134875
uma,density,xgboost,train,2000,5,0.827685,20000,134875
uma,density,xgboost,train,2000,6,0.829857,20000,134875
uma,density,xgboost,train,2000,7,0.823450,20000,134875
uma,density,xgboost,train,2000,8,0.830752,20000,134875
uma,density,xgboost,train,2000,9,0.834594,20000,134875
uma,density,xgboost,train,2000,10,0.821663,20000,134875
uma,density,xgboost,train,2000,11,0.829361,20000,134875
uma,density,xgboost,train,2000,12,0.831647,20000,134875
uma,density,xgboost,train,2000,13,0.826422,20000,134875
uma,density,xgboost,train,2000,14,0.819613,20000,134875
uma,density,xgboost,train,2000,15,0.817481,20000,134875
uma,density,xgboost,train,2000,16,0.826888,20000,134875
uma,density,xgboost,train,2000,17,0.827965,20000,134875
uma,density,xgboost,train,2000,18,0.825684,20000,134875
uma,density,xgboost,train,2000,19,0.837167,20000,134875
uma,density,xgboost,train,2000,20,0.828319,20000,134875
uma,density,xgboost,train,2000,21,0.818818,20000,134875
uma,density,xgboost,train,2000,22,0.819743,20000,134875
uma,density,xgboost,train,2000,23,0.831491,20000,134875
uma,density,xgboost,train,2000,24,0.834483,20000,134875
uma,density,xgboost,train,2000,25,0.826076,20000,134875
uma,density,xgboost,train,2000,26,0.820809,20000,134875
uma,density,xgboost,train,2000,27,0.820000,20000,134875
uma,density,xgboost,train,2000,28,0.811035,20000,134875
uma,density,xgboost,train,2000,29,0.832152,20000,134875
uma,density,linear,train,2000,0,0.847259,20000,134875
uma,density,linear,train,2000,1,0.838350,20000,134875
uma,density,linear,train,2000,2,0.848425,20000,134875
uma,density,linear,train,2000,3,0.845413,20000,134875
uma,density,linear,train,2000,4,0.837776,20000,134875
uma,density,linear,train,2000,5,0.846907,20000,134875
uma,density,linear,train,2000,6,0.847418,20000,134875
uma,density,linear,train,2000,7,0.845580,20000,134875
uma,density,linear,train,2000,8,0.847222,20000,134875
uma,density,linear,train,2000,9,0.843149,20000,134875
uma,density,linear,train,2000,10,0.844128,20000,134875
uma,density,linear,train,2000,11,0.849089,20000,134875
uma,density,linear,train,2000,12,0.845518,20000,134875
uma,density,linear,train,2000,13,0.842902,20000,134875
uma,density,linear,train,2000,14,0.835924,20000,134875
uma,density,linear,train,2000,15,0.842742,20000,134875
uma,density,linear,train,2000,16,0.845009,20000,134875
uma,density,linear,train,2000,17,0.840997,20000,134875
uma,density,linear,train,2000,18,0.844995,20000,134875
uma,density,linear,train,2000,19,0.846699,20000,134875
uma,density,linear,train,2000,20,0.844837,20000,134875
uma,density,linear,train,2000,21,0.838259,20000,134875
uma,density,linear,train,2000,22,0.844463,20000,134875
uma,density,linear,train,2000,23,0.844916,20000,134875
uma,density,linear,train,2000,24,0.842375,20000,134875
uma,density,linear,train,2000,25,0.845096,20000,134875
uma,density,linear,train,2000,26,0.837149,20000,134875
uma,density,linear,train,2000,27,0.841347,20000,134875
uma,density,linear,train,2000,28,0.842093,20000,134875
uma,density,linear,train,2000,29,0.841663,20000,134875
uma,density,xgboost,train,5000,0,0.877266,20000,134875
uma,density,xgboost,train,5000,1,0.878774,20000,134875
uma,density,xgboost,train,5000,2,0.875986,20000,134875
uma,density,xgboost,train,5000,3,0.876767,20000,134875
uma,density,xgboost,train,5000,4,0.875221,20000,134875
uma,density,xgboost,train,5000,5,0.874690,20000,134875
uma,density,xgboost,train,5000,6,0.870739,20000,134875
uma,density,xgboost,train,5000,7,0.877639,20000,134875
uma,density,xgboost,train,5000,8,0.880465,20000,134875
uma,density,xgboost,train,5000,9,0.876264,20000,134875
uma,density,linear,train,5000,0,0.867352,20000,134875
uma,density,linear,train,5000,1,0.867465,20000,134875
uma,density,linear,train,5000,2,0.872053,20000,134875
uma,density,linear,train,5000,3,0.867874,20000,134875
uma,density,linear,train,5000,4,0.866774,20000,134875
uma,density,linear,train,5000,5,0.866393,20000,134875
uma,density,linear,train,5000,6,0.864331,20000,134875
uma,density,linear,train,5000,7,0.869115,20000,134875
uma,density,linear,train,5000,8,0.868599,20000,134875
uma,density,linear,train,5000,9,0.872259,20000,134875
uma,density,xgboost,train,7000,0,0.890148,20000,134875
uma,density,xgboost,train,7000,1,0.890251,20000,134875
uma,density,xgboost,train,7000,2,0.890045,20000,134875
uma,density,xgboost,train,7000,3,0.885979,20000,134875
uma,density,xgboost,train,7000,4,0.888054,20000,134875
uma,density,xgboost,train,7000,5,0.892595,20000,134875
uma,density,xgboost,train,7000,6,0.888470,20000,134875
uma,density,linear,train,7000,0,0.875933,20000,134875
uma,density,linear,train,7000,1,0.874617,20000,134875
uma,density,linear,train,7000,2,0.872612,20000,134875
uma,density,linear,train,7000,3,0.871869,20000,134875
uma,density,linear,train,7000,4,0.872606,20000,134875
uma,density,linear,train,7000,5,0.874238,20000,134875
uma,density,linear,train,7000,6,0.871525,20000,134875
uma,density,xgboost,train,10000,0,0.899959,20000,134875
uma,density,xgboost,train,10000,1,0.902742,20000,134875
uma,density,xgboost,train,10000,2,0.903039,20000,134875
uma,density,xgboost,train,10000,3,0.903483,20000,134875
uma,density,xgboost,train,10000,4,0.900475,20000,134875
uma,density,xgboost,train,10000,5,0.903232,20000,134875
uma,density,xgboost,train,10000,6,0.904906,20000,134875
uma,density,linear,train,10000,0,0.877181,20000,134875
uma,density,linear,train,10000,1,0.878606,20000,134875
uma,density,linear,train,10000,2,0.876702,20000,134875
uma,density,linear,train,10000,3,0.875663,20000,134875
uma,density,linear,train,10000,4,0.879050,20000,134875
uma,density,linear,train,10000,5,0.875395,20000,134875
uma,density,linear,train,10000,6,0.878412,20000,134875
uma,density,xgboost,train,20000,0,0.918096,20000,134875
uma,density,xgboost,train,20000,1,0.921704,20000,134875
uma,density,xgboost,train,20000,2,0.919563,20000,134875
uma,density,xgboost,train,20000,3,0.917862,20000,134875
uma,density,xgboost,train,20000,4,0.918010,20000,134875
uma,density,xgboost,train,20000,5,0.917766,20000,134875
uma,density,linear,train,20000,0,0.881144,20000,134875
uma,density,linear,train,20000,1,0.883081,20000,134875
uma,density,linear,train,20000,2,0.881386,20000,134875
uma,density,linear,train,20000,3,0.881654,20000,134875
uma,density,linear,train,20000,4,0.883029,20000,134875
uma,density,linear,train,20000,5,0.881978,20000,134875
uma,bulk_modulus,xgboost,train,50,0,0.585558,6426,6427
uma,bulk_modulus,xgboost,train,50,1,0.576922,6426,6427
uma,bulk_modulus,xgboost,train,50,2,0.507058,6426,6427
uma,bulk_modulus,xgboost,train,50,3,0.545276,6426,6427
uma,bulk_modulus,xgboost,train,50,4,0.423790,6426,6427
uma,bulk_modulus,xgboost,train,50,5,0.588409,6426,6427
uma,bulk_modulus,xgboost,train,50,6,0.334971,6426,6427
uma,bulk_modulus,xgboost,train,50,7,0.614338,6426,6427
uma,bulk_modulus,xgboost,train,50,8,0.665073,6426,6427
uma,bulk_modulus,xgboost,train,50,9,0.510733,6426,6427
uma,bulk_modulus,xgboost,train,50,10,0.616040,6426,6427
uma,bulk_modulus,xgboost,train,50,11,0.649903,6426,6427
uma,bulk_modulus,xgboost,train,50,12,0.589677,6426,6427
uma,bulk_modulus,xgboost,train,50,13,0.518968,6426,6427
uma,bulk_modulus,xgboost,train,50,14,0.621405,6426,6427
uma,bulk_modulus,xgboost,train,50,15,0.561966,6426,6427
uma,bulk_modulus,xgboost,train,50,16,0.494811,6426,6427
uma,bulk_modulus,xgboost,train,50,17,0.461948,6426,6427
uma,bulk_modulus,xgboost,train,50,18,0.577359,6426,6427
uma,bulk_modulus,xgboost,train,50,19,0.619673,6426,6427
uma,bulk_modulus,xgboost,train,50,20,0.542964,6426,6427
uma,bulk_modulus,xgboost,train,50,21,0.475721,6426,6427
uma,bulk_modulus,xgboost,train,50,22,0.620290,6426,6427
uma,bulk_modulus,xgboost,train,50,23,0.574035,6426,6427
uma,bulk_modulus,xgboost,train,50,24,0.631411,6426,6427
uma,bulk_modulus,xgboost,train,50,25,0.562627,6426,6427
uma,bulk_modulus,xgboost,train,50,26,0.581159,6426,6427
uma,bulk_modulus,xgboost,train,50,27,0.587975,6426,6427
uma,bulk_modulus,xgboost,train,50,28,0.649678,6426,6427
uma,bulk_modulus,xgboost,train,50,29,0.560863,6426,6427
uma,bulk_modulus,linear,train,50,0,0.548354,6426,6427
uma,bulk_modulus,linear,train,50,1,0.617041,6426,6427
uma,bulk_modulus,linear,train,50,2,0.666354,6426,6427
uma,bulk_modulus,linear,train,50,3,0.632753,6426,6427
uma,bulk_modulus,linear,train,50,4,0.615926,6426,6427
uma,bulk_modulus,linear,train,50,5,0.722674,6426,6427
uma,bulk_modulus,linear,train,50,6,0.721642,6426,6427
uma,bulk_modulus,linear,train,50,7,0.651766,6426,6427
uma,bulk_modulus,linear,train,50,8,0.667164,6426,6427
uma,bulk_modulus,linear,train,50,9,0.665145,6426,6427
uma,bulk_modulus,linear,train,50,10,0.725194,6426,6427
uma,bulk_modulus,linear,train,50,11,0.605095,6426,6427
uma,bulk_modulus,linear,train,50,12,0.710302,6426,6427
uma,bulk_modulus,linear,train,50,13,0.698241,6426,6427
uma,bulk_modulus,linear,train,50,14,0.637762,6426,6427
uma,bulk_modulus,linear,train,50,15,0.613821,6426,6427
uma,bulk_modulus,linear,train,50,16,0.591668,6426,6427
uma,bulk_modulus,linear,train,50,17,0.696163,6426,6427
uma,bulk_modulus,linear,train,50,18,0.701002,6426,6427
uma,bulk_modulus,linear,train,50,19,0.704254,6426,6427
uma,bulk_modulus,linear,train,50,20,0.706523,6426,6427
uma,bulk_modulus,linear,train,50,21,0.596034,6426,6427
uma,bulk_modulus,linear,train,50,22,0.746071,6426,6427
uma,bulk_modulus,linear,train,50,23,0.716788,6426,6427
uma,bulk_modulus,linear,train,50,24,0.740938,6426,6427
uma,bulk_modulus,linear,train,50,25,0.633417,6426,6427
uma,bulk_modulus,linear,train,50,26,0.663890,6426,6427
uma,bulk_modulus,linear,train,50,27,0.627548,6426,6427
uma,bulk_modulus,linear,train,50,28,0.706719,6426,6427
uma,bulk_modulus,linear,train,50,29,0.730503,6426,6427
uma,bulk_modulus,xgboost,train,100,0,0.694874,6426,6427
uma,bulk_modulus,xgboost,train,100,1,0.693004,6426,6427
uma,bulk_modulus,xgboost,train,100,2,0.630348,6426,6427
uma,bulk_modulus,xgboost,train,100,3,0.716187,6426,6427
uma,bulk_modulus,xgboost,train,100,4,0.674157,6426,6427
uma,bulk_modulus,xgboost,train,100,5,0.668534,6426,6427
uma,bulk_modulus,xgboost,train,100,6,0.658671,6426,6427
uma,bulk_modulus,xgboost,train,100,7,0.666283,6426,6427
uma,bulk_modulus,xgboost,train,100,8,0.682448,6426,6427
uma,bulk_modulus,xgboost,train,100,9,0.664998,6426,6427
uma,bulk_modulus,xgboost,train,100,10,0.615771,6426,6427
uma,bulk_modulus,xgboost,train,100,11,0.689661,6426,6427
uma,bulk_modulus,xgboost,train,100,12,0.681006,6426,6427
uma,bulk_modulus,xgboost,train,100,13,0.642470,6426,6427
uma,bulk_modulus,xgboost,train,100,14,0.644356,6426,6427
uma,bulk_modulus,xgboost,train,100,15,0.449743,6426,6427
uma,bulk_modulus,xgboost,train,100,16,0.634636,6426,6427
uma,bulk_modulus,xgboost,train,100,17,0.698646,6426,6427
uma,bulk_modulus,xgboost,train,100,18,0.591722,6426,6427
uma,bulk_modulus,xgboost,train,100,19,0.688176,6426,6427
uma,bulk_modulus,xgboost,train,100,20,0.647767,6426,6427
uma,bulk_modulus,xgboost,train,100,21,0.665347,6426,6427
uma,bulk_modulus,xgboost,train,100,22,0.736690,6426,6427
uma,bulk_modulus,xgboost,train,100,23,0.585104,6426,6427
uma,bulk_modulus,xgboost,train,100,24,0.653577,6426,6427
uma,bulk_modulus,xgboost,train,100,25,0.657623,6426,6427
uma,bulk_modulus,xgboost,train,100,26,0.634517,6426,6427
uma,bulk_modulus,xgboost,train,100,27,0.664697,6426,6427
uma,bulk_modulus,xgboost,train,100,28,0.678971,6426,6427
uma,bulk_modulus,xgboost,train,100,29,0.598014,6426,6427
uma,bulk_modulus,linear,train,100,0,0.780091,6426,6427
uma,bulk_modulus,linear,train,100,1,0.786352,6426,6427
uma,bulk_modulus,linear,train,100,2,0.764517,6426,6427
uma,bulk_modulus,linear,train,100,3,0.742849,6426,6427
uma,bulk_modulus,linear,train,100,4,0.750286,6426,6427
uma,bulk_modulus,linear,train,100,5,0.778200,6426,6427
uma,bulk_modulus,linear,train,100,6,0.736574,6426,6427
uma,bulk_modulus,linear,train,100,7,0.751184,6426,6427
uma,bulk_modulus,linear,train,100,8,0.740439,6426,6427
uma,bulk_modulus,linear,train,100,9,0.764816,6426,6427
uma,bulk_modulus,linear,train,100,10,0.766000,6426,6427
uma,bulk_modulus,linear,train,100,11,0.804743,6426,6427
uma,bulk_modulus,linear,train,100,12,0.787412,6426,6427
uma,bulk_modulus,linear,train,100,13,0.730806,6426,6427
uma,bulk_modulus,linear,train,100,14,0.777923,6426,6427
uma,bulk_modulus,linear,train,100,15,0.708991,6426,6427
uma,bulk_modulus,linear,train,100,16,0.692798,6426,6427
uma,bulk_modulus,linear,train,100,17,0.788157,6426,6427
uma,bulk_modulus,linear,train,100,18,0.731599,6426,6427
uma,bulk_modulus,linear,train,100,19,0.794843,6426,6427
uma,bulk_modulus,linear,train,100,20,0.725775,6426,6427
uma,bulk_modulus,linear,train,100,21,0.743589,6426,6427
uma,bulk_modulus,linear,train,100,22,0.761055,6426,6427
uma,bulk_modulus,linear,train,100,23,0.754202,6426,6427
uma,bulk_modulus,linear,train,100,24,0.690929,6426,6427
uma,bulk_modulus,linear,train,100,25,0.776916,6426,6427
uma,bulk_modulus,linear,train,100,26,0.767749,6426,6427
uma,bulk_modulus,linear,train,100,27,0.726447,6426,6427
uma,bulk_modulus,linear,train,100,28,0.801202,6426,6427
uma,bulk_modulus,linear,train,100,29,0.704725,6426,6427
uma,bulk_modulus,xgboost,train,200,0,0.724610,6426,6427
uma,bulk_modulus,xgboost,train,200,1,0.746167,6426,6427
uma,bulk_modulus,xgboost,train,200,2,0.716039,6426,6427
uma,bulk_modulus,xgboost,train,200,3,0.754169,6426,6427
uma,bulk_modulus,xgboost,train,200,4,0.740073,6426,6427
uma,bulk_modulus,xgboost,train,200,5,0.741570,6426,6427
uma,bulk_modulus,xgboost,train,200,6,0.738194,6426,6427
uma,bulk_modulus,xgboost,train,200,7,0.767653,6426,6427
uma,bulk_modulus,xgboost,train,200,8,0.765949,6426,6427
uma,bulk_modulus,xgboost,train,200,9,0.710344,6426,6427
uma,bulk_modulus,xgboost,train,200,10,0.746200,6426,6427
uma,bulk_modulus,xgboost,train,200,11,0.754737,6426,6427
uma,bulk_modulus,xgboost,train,200,12,0.731958,6426,6427
uma,bulk_modulus,xgboost,train,200,13,0.756441,6426,6427
uma,bulk_modulus,xgboost,train,200,14,0.716433,6426,6427
uma,bulk_modulus,xgboost,train,200,15,0.765909,6426,6427
uma,bulk_modulus,xgboost,train,200,16,0.745058,6426,6427
uma,bulk_modulus,xgboost,train,200,17,0.766170,6426,6427
uma,bulk_modulus,xgboost,train,200,18,0.792194,6426,6427
uma,bulk_modulus,xgboost,train,200,19,0.733668,6426,6427
uma,bulk_modulus,xgboost,train,200,20,0.788639,6426,6427
uma,bulk_modulus,xgboost,train,200,21,0.699964,6426,6427
uma,bulk_modulus,xgboost,train,200,22,0.761034,6426,6427
uma,bulk_modulus,xgboost,train,200,23,0.708429,6426,6427
uma,bulk_modulus,xgboost,train,200,24,0.689663,6426,6427
uma,bulk_modulus,xgboost,train,200,25,0.768003,6426,6427
uma,bulk_modulus,xgboost,train,200,26,0.725833,6426,6427
uma,bulk_modulus,xgboost,train,200,27,0.754537,6426,6427
uma,bulk_modulus,xgboost,train,200,28,0.705812,6426,6427
uma,bulk_modulus,xgboost,train,200,29,0.743074,6426,6427
uma,bulk_modulus,linear,train,200,0,0.795560,6426,6427
uma,bulk_modulus,linear,train,200,1,0.800775,6426,6427
uma,bulk_modulus,linear,train,200,2,0.803692,6426,6427
uma,bulk_modulus,linear,train,200,3,0.825413,6426,6427
uma,bulk_modulus,linear,train,200,4,0.823624,6426,6427
uma,bulk_modulus,linear,train,200,5,0.799353,6426,6427
uma,bulk_modulus,linear,train,200,6,0.802731,6426,6427
uma,bulk_modulus,linear,train,200,7,0.804194,6426,6427
uma,bulk_modulus,linear,train,200,8,0.796493,6426,6427
uma,bulk_modulus,linear,train,200,9,0.797110,6426,6427
uma,bulk_modulus,linear,train,200,10,0.823111,6426,6427
uma,bulk_modulus,linear,train,200,11,0.804229,6426,6427
uma,bulk_modulus,linear,train,200,12,0.813635,6426,6427
uma,bulk_modulus,linear,train,200,13,0.805505,6426,6427
uma,bulk_modulus,linear,train,200,14,0.805543,6426,6427
uma,bulk_modulus,linear,train,200,15,0.841712,6426,6427
uma,bulk_modulus,linear,train,200,16,0.811977,6426,6427
uma,bulk_modulus,linear,train,200,17,0.823063,6426,6427
uma,bulk_modulus,linear,train,200,18,0.811074,6426,6427
uma,bulk_modulus,linear,train,200,19,0.827914,6426,6427
uma,bulk_modulus,linear,train,200,20,0.808762,6426,6427
uma,bulk_modulus,linear,train,200,21,0.816966,6426,6427
uma,bulk_modulus,linear,train,200,22,0.803119,6426,6427
uma,bulk_modulus,linear,train,200,23,0.809008,6426,6427
uma,bulk_modulus,linear,train,200,24,0.789202,6426,6427
uma,bulk_modulus,linear,train,200,25,0.801595,6426,6427
uma,bulk_modulus,linear,train,200,26,0.797446,6426,6427
uma,bulk_modulus,linear,train,200,27,0.808427,6426,6427
uma,bulk_modulus,linear,train,200,28,0.802890,6426,6427
uma,bulk_modulus,linear,train,200,29,0.832652,6426,6427
uma,bulk_modulus,xgboost,train,500,0,0.832611,6426,6427
uma,bulk_modulus,xgboost,train,500,1,0.807457,6426,6427
uma,bulk_modulus,xgboost,train,500,2,0.817340,6426,6427
uma,bulk_modulus,xgboost,train,500,3,0.828264,6426,6427
uma,bulk_modulus,xgboost,train,500,4,0.807919,6426,6427
uma,bulk_modulus,xgboost,train,500,5,0.834112,6426,6427
uma,bulk_modulus,xgboost,train,500,6,0.813303,6426,6427
uma,bulk_modulus,xgboost,train,500,7,0.828800,6426,6427
uma,bulk_modulus,xgboost,train,500,8,0.839945,6426,6427
uma,bulk_modulus,xgboost,train,500,9,0.823382,6426,6427
uma,bulk_modulus,xgboost,train,500,10,0.813705,6426,6427
uma,bulk_modulus,xgboost,train,500,11,0.832514,6426,6427
uma,bulk_modulus,linear,train,500,0,0.853887,6426,6427
uma,bulk_modulus,linear,train,500,1,0.844557,6426,6427
uma,bulk_modulus,linear,train,500,2,0.847973,6426,6427
uma,bulk_modulus,linear,train,500,3,0.863647,6426,6427
uma,bulk_modulus,linear,train,500,4,0.864498,6426,6427
uma,bulk_modulus,linear,train,500,5,0.866074,6426,6427
uma,bulk_modulus,linear,train,500,6,0.855514,6426,6427
uma,bulk_modulus,linear,train,500,7,0.854086,6426,6427
uma,bulk_modulus,linear,train,500,8,0.853583,6426,6427
uma,bulk_modulus,linear,train,500,9,0.867993,6426,6427
uma,bulk_modulus,linear,train,500,10,0.852184,6426,6427
uma,bulk_modulus,linear,train,500,11,0.862615,6426,6427
uma,bulk_modulus,xgboost,train,1000,0,0.871803,6426,6427
uma,bulk_modulus,xgboost,train,1000,1,0.873879,6426,6427
uma,bulk_modulus,xgboost,train,1000,2,0.867503,6426,6427
uma,bulk_modulus,xgboost,train,1000,3,0.862515,6426,6427
uma,bulk_modulus,xgboost,train,1000,4,0.860271,6426,6427
uma,bulk_modulus,xgboost,train,1000,5,0.868654,6426,6427
uma,bulk_modulus,linear,train,1000,0,0.872468,6426,6427
uma,bulk_modulus,linear,train,1000,1,0.882094,6426,6427
uma,bulk_modulus,linear,train,1000,2,0.881722,6426,6427
uma,bulk_modulus,linear,train,1000,3,0.881620,6426,6427
uma,bulk_modulus,linear,train,1000,4,0.869271,6426,6427
uma,bulk_modulus,linear,train,1000,5,0.870339,6426,6427
uma,bulk_modulus,xgboost,train,2000,0,0.905773,6426,6427
uma,bulk_modulus,xgboost,train,2000,1,0.904806,6426,6427
uma,bulk_modulus,xgboost,train,2000,2,0.899754,6426,6427
uma,bulk_modulus,linear,train,2000,0,0.897345,6426,6427
uma,bulk_modulus,linear,train,2000,1,0.892751,6426,6427
uma,bulk_modulus,linear,train,2000,2,0.890119,6426,6427
uma,bulk_modulus,xgboost,train,5000,0,0.926120,6426,6427
uma,bulk_modulus,linear,train,5000,0,0.906906,6426,6427
uma,mag_density,xgboost,train,50,0,0.247750,20000,134875
uma,mag_density,xgboost,train,50,1,0.186124,20000,134875
uma,mag_density,xgboost,train,50,2,0.347358,20000,134875
uma,mag_density,xgboost,train,50,3,0.304091,20000,134875
uma,mag_density,xgboost,train,50,4,0.284541,20000,134875
uma,mag_density,xgboost,train,50,5,0.350700,20000,134875
uma,mag_density,xgboost,train,50,6,0.274389,20000,134875
uma,mag_density,xgboost,train,50,7,0.064963,20000,134875
uma,mag_density,xgboost,train,50,8,0.024382,20000,134875
uma,mag_density,xgboost,train,50,9,0.222936,20000,134875
uma,mag_density,xgboost,train,50,10,0.123107,20000,134875
uma,mag_density,xgboost,train,50,11,0.156126,20000,134875
uma,mag_density,xgboost,train,50,12,0.264078,20000,134875
uma,mag_density,xgboost,train,50,13,0.047830,20000,134875
uma,mag_density,xgboost,train,50,14,0.298988,20000,134875
uma,mag_density,xgboost,train,50,15,0.321391,20000,134875
uma,mag_density,xgboost,train,50,16,0.214756,20000,134875
uma,mag_density,xgboost,train,50,17,0.262978,20000,134875
uma,mag_density,xgboost,train,50,18,0.166835,20000,134875
uma,mag_density,xgboost,train,50,19,0.276553,20000,134875
uma,mag_density,xgboost,train,50,20,0.165992,20000,134875
uma,mag_density,xgboost,train,50,21,0.292250,20000,134875
uma,mag_density,xgboost,train,50,22,0.309557,20000,134875
uma,mag_density,xgboost,train,50,23,0.315066,20000,134875
uma,mag_density,xgboost,train,50,24,0.182394,20000,134875
uma,mag_density,xgboost,train,50,25,-0.028657,20000,134875
uma,mag_density,xgboost,train,50,26,0.159758,20000,134875
uma,mag_density,xgboost,train,50,27,0.188258,20000,134875
uma,mag_density,xgboost,train,50,28,0.117258,20000,134875
uma,mag_density,xgboost,train,50,29,0.376201,20000,134875
uma,mag_density,linear,train,50,0,0.219909,20000,134875
uma,mag_density,linear,train,50,1,0.163995,20000,134875
uma,mag_density,linear,train,50,2,0.440810,20000,134875
uma,mag_density,linear,train,50,3,0.389512,20000,134875
uma,mag_density,linear,train,50,4,0.318114,20000,134875
uma,mag_density,linear,train,50,5,0.398915,20000,134875
uma,mag_density,linear,train,50,6,0.307861,20000,134875
uma,mag_density,linear,train,50,7,0.090345,20000,134875
uma,mag_density,linear,train,50,8,0.270075,20000,134875
uma,mag_density,linear,train,50,9,0.367691,20000,134875
uma,mag_density,linear,train,50,10,0.251512,20000,134875
uma,mag_density,linear,train,50,11,0.176964,20000,134875
uma,mag_density,linear,train,50,12,0.179994,20000,134875
uma,mag_density,linear,train,50,13,0.346015,20000,134875
uma,mag_density,linear,train,50,14,0.343919,20000,134875
uma,mag_density,linear,train,50,15,0.356440,20000,134875
uma,mag_density,linear,train,50,16,0.395934,20000,134875
uma,mag_density,linear,train,50,17,0.265826,20000,134875
uma,mag_density,linear,train,50,18,0.259106,20000,134875
uma,mag_density,linear,train,50,19,0.222991,20000,134875
uma,mag_density,linear,train,50,20,0.047640,20000,134875
uma,mag_density,linear,train,50,21,0.214249,20000,134875
uma,mag_density,linear,train,50,22,0.305793,20000,134875
uma,mag_density,linear,train,50,23,0.268601,20000,134875
uma,mag_density,linear,train,50,24,0.223463,20000,134875
uma,mag_density,linear,train,50,25,0.367714,20000,134875
uma,mag_density,linear,train,50,26,0.347356,20000,134875
uma,mag_density,linear,train,50,27,0.270707,20000,134875
uma,mag_density,linear,train,50,28,0.172143,20000,134875
uma,mag_density,linear,train,50,29,0.138387,20000,134875
uma,mag_density,xgboost,train,100,0,0.396599,20000,134875
uma,mag_density,xgboost,train,100,1,0.317071,20000,134875
uma,mag_density,xgboost,train,100,2,0.370927,20000,134875
uma,mag_density,xgboost,train,100,3,0.270232,20000,134875
uma,mag_density,xgboost,train,100,4,0.291365,20000,134875
uma,mag_density,xgboost,train,100,5,0.417459,20000,134875
uma,mag_density,xgboost,train,100,6,0.417794,20000,134875
uma,mag_density,xgboost,train,100,7,0.338373,20000,134875
uma,mag_density,xgboost,train,100,8,0.376402,20000,134875
uma,mag_density,xgboost,train,100,9,0.373683,20000,134875
uma,mag_density,xgboost,train,100,10,0.393158,20000,134875
uma,mag_density,xgboost,train,100,11,0.292197,20000,134875
uma,mag_density,xgboost,train,100,12,0.372947,20000,134875
uma,mag_density,xgboost,train,100,13,0.365251,20000,134875
uma,mag_density,xgboost,train,100,14,0.381878,20000,134875
uma,mag_density,xgboost,train,100,15,0.290468,20000,134875
uma,mag_density,xgboost,train,100,16,0.151320,20000,134875
uma,mag_density,xgboost,train,100,17,0.267935,20000,134875
uma,mag_density,xgboost,train,100,18,0.389059,20000,134875
uma,mag_density,xgboost,train,100,19,0.386200,20000,134875
uma,mag_density,xgboost,train,100,20,0.366389,20000,134875
uma,mag_density,xgboost,train,100,21,0.304940,20000,134875
uma,mag_density,xgboost,train,100,22,0.210266,20000,134875
uma,mag_density,xgboost,train,100,23,0.399472,20000,134875
uma,mag_density,xgboost,train,100,24,0.251592,20000,134875
uma,mag_density,xgboost,train,100,25,0.375206,20000,134875
uma,mag_density,xgboost,train,100,26,0.345425,20000,134875
uma,mag_density,xgboost,train,100,27,0.338801,20000,134875
uma,mag_density,xgboost,train,100,28,0.428367,20000,134875
uma,mag_density,xgboost,train,100,29,0.404095,20000,134875
uma,mag_density,linear,train,100,0,0.366063,20000,134875
uma,mag_density,linear,train,100,1,0.484008,20000,134875
uma,mag_density,linear,train,100,2,0.437055,20000,134875
uma,mag_density,linear,train,100,3,0.287317,20000,134875
uma,mag_density,linear,train,100,4,0.414045,20000,134875
uma,mag_density,linear,train,100,5,0.296215,20000,134875
uma,mag_density,linear,train,100,6,0.430315,20000,134875
uma,mag_density,linear,train,100,7,0.410984,20000,134875
uma,mag_density,linear,train,100,8,0.474219,20000,134875
uma,mag_density,linear,train,100,9,0.198138,20000,134875
uma,mag_density,linear,train,100,10,0.462708,20000,134875
uma,mag_density,linear,train,100,11,0.341728,20000,134875
uma,mag_density,linear,train,100,12,0.385972,20000,134875
uma,mag_density,linear,train,100,13,0.406546,20000,134875
uma,mag_density,linear,train,100,14,0.452414,20000,134875
uma,mag_density,linear,train,100,15,0.196709,20000,134875
uma,mag_density,linear,train,100,16,0.302408,20000,134875
uma,mag_density,linear,train,100,17,0.250543,20000,134875
uma,mag_density,linear,train,100,18,0.393156,20000,134875
uma,mag_density,linear,train,100,19,0.422384,20000,134875
uma,mag_density,linear,train,100,20,0.367813,20000,134875
uma,mag_density,linear,train,100,21,0.252385,20000,134875
uma,mag_density,linear,train,100,22,0.403592,20000,134875
uma,mag_density,linear,train,100,23,0.407851,20000,134875
uma,mag_density,linear,train,100,24,0.363273,20000,134875
uma,mag_density,linear,train,100,25,0.381322,20000,134875
uma,mag_density,linear,train,100,26,0.428362,20000,134875
uma,mag_density,linear,train,100,27,0.436669,20000,134875
uma,mag_density,linear,train,100,28,0.444811,20000,134875
uma,mag_density,linear,train,100,29,0.483014,20000,134875
uma,mag_density,xgboost,train,200,0,0.475643,20000,134875
uma,mag_density,xgboost,train,200,1,0.450415,20000,134875
uma,mag_density,xgboost,train,200,2,0.460434,20000,134875
uma,mag_density,xgboost,train,200,3,0.390541,20000,134875
uma,mag_density,xgboost,train,200,4,0.477671,20000,134875
uma,mag_density,xgboost,train,200,5,0.369978,20000,134875
uma,mag_density,xgboost,train,200,6,0.392060,20000,134875
uma,mag_density,xgboost,train,200,7,0.414009,20000,134875
uma,mag_density,xgboost,train,200,8,0.457965,20000,134875
uma,mag_density,xgboost,train,200,9,0.439347,20000,134875
uma,mag_density,xgboost,train,200,10,0.514065,20000,134875
uma,mag_density,xgboost,train,200,11,0.472263,20000,134875
uma,mag_density,xgboost,train,200,12,0.460155,20000,134875
uma,mag_density,xgboost,train,200,13,0.472286,20000,134875
uma,mag_density,xgboost,train,200,14,0.443680,20000,134875
uma,mag_density,xgboost,train,200,15,0.451806,20000,134875
uma,mag_density,xgboost,train,200,16,0.427208,20000,134875
uma,mag_density,xgboost,train,200,17,0.468454,20000,134875
uma,mag_density,xgboost,train,200,18,0.522496,20000,134875
uma,mag_density,xgboost,train,200,19,0.489312,20000,134875
uma,mag_density,xgboost,train,200,20,0.423937,20000,134875
uma,mag_density,xgboost,train,200,21,0.443977,20000,134875
uma,mag_density,xgboost,train,200,22,0.454147,20000,134875
uma,mag_density,xgboost,train,200,23,0.407897,20000,134875
uma,mag_density,xgboost,train,200,24,0.488174,20000,134875
uma,mag_density,xgboost,train,200,25,0.474567,20000,134875
uma,mag_density,xgboost,train,200,26,0.433465,20000,134875
uma,mag_density,xgboost,train,200,27,0.461797,20000,134875
uma,mag_density,xgboost,train,200,28,0.463448,20000,134875
uma,mag_density,xgboost,train,200,29,0.496687,20000,134875
uma,mag_density,linear,train,200,0,0.523483,20000,134875
uma,mag_density,linear,train,200,1,0.505989,20000,134875
uma,mag_density,linear,train,200,2,0.492979,20000,134875
uma,mag_density,linear,train,200,3,0.504520,20000,134875
uma,mag_density,linear,train,200,4,0.561106,20000,134875
uma,mag_density,linear,train,200,5,0.374133,20000,134875
uma,mag_density,linear,train,200,6,0.479110,20000,134875
uma,mag_density,linear,train,200,7,0.522410,20000,134875
uma,mag_density,linear,train,200,8,0.492818,20000,134875
uma,mag_density,linear,train,200,9,0.462631,20000,134875
uma,mag_density,linear,train,200,10,0.480859,20000,134875
uma,mag_density,linear,train,200,11,0.464919,20000,134875
uma,mag_density,linear,train,200,12,0.499706,20000,134875
uma,mag_density,linear,train,200,13,0.497718,20000,134875
uma,mag_density,linear,train,200,14,0.479154,20000,134875
uma,mag_density,linear,train,200,15,0.399623,20000,134875
uma,mag_density,linear,train,200,16,0.454632,20000,134875
uma,mag_density,linear,train,200,17,0.537938,20000,134875
uma,mag_density,linear,train,200,18,0.509046,20000,134875
uma,mag_density,linear,train,200,19,0.491604,20000,134875
uma,mag_density,linear,train,200,20,0.496694,20000,134875
uma,mag_density,linear,train,200,21,0.350824,20000,134875
uma,mag_density,linear,train,200,22,0.493954,20000,134875
uma,mag_density,linear,train,200,23,0.480875,20000,134875
uma,mag_density,linear,train,200,24,0.532006,20000,134875
uma,mag_density,linear,train,200,25,0.527326,20000,134875
uma,mag_density,linear,train,200,26,0.498495,20000,134875
uma,mag_density,linear,train,200,27,0.386163,20000,134875
uma,mag_density,linear,train,200,28,0.482543,20000,134875
uma,mag_density,linear,train,200,29,0.553355,20000,134875
uma,mag_density,xgboost,train,500,0,0.585834,20000,134875
uma,mag_density,xgboost,train,500,1,0.554979,20000,134875
uma,mag_density,xgboost,train,500,2,0.572968,20000,134875
uma,mag_density,xgboost,train,500,3,0.560449,20000,134875
uma,mag_density,xgboost,train,500,4,0.587149,20000,134875
uma,mag_density,xgboost,train,500,5,0.531540,20000,134875
uma,mag_density,xgboost,train,500,6,0.582169,20000,134875
uma,mag_density,xgboost,train,500,7,0.551397,20000,134875
uma,mag_density,xgboost,train,500,8,0.538909,20000,134875
uma,mag_density,xgboost,train,500,9,0.562224,20000,134875
uma,mag_density,xgboost,train,500,10,0.564930,20000,134875
uma,mag_density,xgboost,train,500,11,0.569024,20000,134875
uma,mag_density,xgboost,train,500,12,0.545951,20000,134875
uma,mag_density,xgboost,train,500,13,0.536697,20000,134875
uma,mag_density,xgboost,train,500,14,0.609260,20000,134875
uma,mag_density,xgboost,train,500,15,0.576380,20000,134875
uma,mag_density,xgboost,train,500,16,0.538319,20000,134875
uma,mag_density,xgboost,train,500,17,0.563720,20000,134875
uma,mag_density,xgboost,train,500,18,0.576065,20000,134875
uma,mag_density,xgboost,train,500,19,0.555159,20000,134875
uma,mag_density,xgboost,train,500,20,0.562503,20000,134875
uma,mag_density,xgboost,train,500,21,0.570420,20000,134875
uma,mag_density,xgboost,train,500,22,0.546795,20000,134875
uma,mag_density,xgboost,train,500,23,0.548161,20000,134875
uma,mag_density,xgboost,train,500,24,0.589761,20000,134875
uma,mag_density,xgboost,train,500,25,0.546192,20000,134875
uma,mag_density,xgboost,train,500,26,0.593196,20000,134875
uma,mag_density,xgboost,train,500,27,0.566990,20000,134875
uma,mag_density,xgboost,train,500,28,0.558350,20000,134875
uma,mag_density,xgboost,train,500,29,0.586396,20000,134875
uma,mag_density,linear,train,500,0,0.572664,20000,134875
uma,mag_density,linear,train,500,1,0.573366,20000,134875
uma,mag_density,linear,train,500,2,0.582001,20000,134875
uma,mag_density,linear,train,500,3,0.583030,20000,134875
uma,mag_density,linear,train,500,4,0.594092,20000,134875
uma,mag_density,linear,train,500,5,0.550355,20000,134875
uma,mag_density,linear,train,500,6,0.614759,20000,134875
uma,mag_density,linear,train,500,7,0.525357,20000,134875
uma,mag_density,linear,train,500,8,0.594088,20000,134875
uma,mag_density,linear,train,500,9,0.600710,20000,134875
uma,mag_density,linear,train,500,10,0.598174,20000,134875
uma,mag_density,linear,train,500,11,0.547649,20000,134875
uma,mag_density,linear,train,500,12,0.557925,20000,134875
uma,mag_density,linear,train,500,13,0.562627,20000,134875
uma,mag_density,linear,train,500,14,0.607454,20000,134875
uma,mag_density,linear,train,500,15,0.590917,20000,134875
uma,mag_density,linear,train,500,16,0.583114,20000,134875
uma,mag_density,linear,train,500,17,0.581339,20000,134875
uma,mag_density,linear,train,500,18,0.598094,20000,134875
uma,mag_density,linear,train,500,19,0.578815,20000,134875
uma,mag_density,linear,train,500,20,0.560253,20000,134875
uma,mag_density,linear,train,500,21,0.586365,20000,134875
uma,mag_density,linear,train,500,22,0.586319,20000,134875
uma,mag_density,linear,train,500,23,0.555625,20000,134875
uma,mag_density,linear,train,500,24,0.590176,20000,134875
uma,mag_density,linear,train,500,25,0.597812,20000,134875
uma,mag_density,linear,train,500,26,0.593927,20000,134875
uma,mag_density,linear,train,500,27,0.597702,20000,134875
uma,mag_density,linear,train,500,28,0.586499,20000,134875
uma,mag_density,linear,train,500,29,0.582678,20000,134875
uma,mag_density,xgboost,train,1000,0,0.618240,20000,134875
uma,mag_density,xgboost,train,1000,1,0.607757,20000,134875
uma,mag_density,xgboost,train,1000,2,0.626395,20000,134875
uma,mag_density,xgboost,train,1000,3,0.603508,20000,134875
uma,mag_density,xgboost,train,1000,4,0.600717,20000,134875
uma,mag_density,xgboost,train,1000,5,0.625914,20000,134875
uma,mag_density,xgboost,train,1000,6,0.617636,20000,134875
uma,mag_density,xgboost,train,1000,7,0.628680,20000,134875
uma,mag_density,xgboost,train,1000,8,0.598191,20000,134875
uma,mag_density,xgboost,train,1000,9,0.605489,20000,134875
uma,mag_density,xgboost,train,1000,10,0.640064,20000,134875
uma,mag_density,xgboost,train,1000,11,0.626120,20000,134875
uma,mag_density,xgboost,train,1000,12,0.632290,20000,134875
uma,mag_density,xgboost,train,1000,13,0.626573,20000,134875
uma,mag_density,xgboost,train,1000,14,0.616251,20000,134875
uma,mag_density,xgboost,train,1000,15,0.625648,20000,134875
uma,mag_density,xgboost,train,1000,16,0.618454,20000,134875
uma,mag_density,xgboost,train,1000,17,0.633569,20000,134875
uma,mag_density,xgboost,train,1000,18,0.619952,20000,134875
uma,mag_density,xgboost,train,1000,19,0.636540,20000,134875
uma,mag_density,xgboost,train,1000,20,0.631895,20000,134875
uma,mag_density,xgboost,train,1000,21,0.593672,20000,134875
uma,mag_density,xgboost,train,1000,22,0.656035,20000,134875
uma,mag_density,xgboost,train,1000,23,0.614034,20000,134875
uma,mag_density,xgboost,train,1000,24,0.645441,20000,134875
uma,mag_density,xgboost,train,1000,25,0.611543,20000,134875
uma,mag_density,xgboost,train,1000,26,0.611965,20000,134875
uma,mag_density,xgboost,train,1000,27,0.601112,20000,134875
uma,mag_density,xgboost,train,1000,28,0.619535,20000,134875
uma,mag_density,xgboost,train,1000,29,0.622384,20000,134875
uma,mag_density,linear,train,1000,0,0.631613,20000,134875
uma,mag_density,linear,train,1000,1,0.602239,20000,134875
uma,mag_density,linear,train,1000,2,0.616195,20000,134875
uma,mag_density,linear,train,1000,3,0.632937,20000,134875
uma,mag_density,linear,train,1000,4,0.603187,20000,134875
uma,mag_density,linear,train,1000,5,0.612125,20000,134875
uma,mag_density,linear,train,1000,6,0.614579,20000,134875
uma,mag_density,linear,train,1000,7,0.609645,20000,134875
uma,mag_density,linear,train,1000,8,0.599246,20000,134875
uma,mag_density,linear,train,1000,9,0.621886,20000,134875
uma,mag_density,linear,train,1000,10,0.641612,20000,134875
uma,mag_density,linear,train,1000,11,0.604369,20000,134875
uma,mag_density,linear,train,1000,12,0.622975,20000,134875
uma,mag_density,linear,train,1000,13,0.623958,20000,134875
uma,mag_density,linear,train,1000,14,0.610398,20000,134875
uma,mag_density,linear,train,1000,15,0.608830,20000,134875
uma,mag_density,linear,train,1000,16,0.613754,20000,134875
uma,mag_density,linear,train,1000,17,0.623479,20000,134875
uma,mag_density,linear,train,1000,18,0.609688,20000,134875
uma,mag_density,linear,train,1000,19,0.625678,20000,134875
uma,mag_density,linear,train,1000,20,0.614244,20000,134875
uma,mag_density,linear,train,1000,21,0.615167,20000,134875
uma,mag_density,linear,train,1000,22,0.633820,20000,134875
uma,mag_density,linear,train,1000,23,0.625114,20000,134875
uma,mag_density,linear,train,1000,24,0.630920,20000,134875
uma,mag_density,linear,train,1000,25,0.599443,20000,134875
uma,mag_density,linear,train,1000,26,0.621456,20000,134875
uma,mag_density,linear,train,1000,27,0.586504,20000,134875
uma,mag_density,linear,train,1000,28,0.619967,20000,134875
uma,mag_density,linear,train,1000,29,0.625877,20000,134875
uma,mag_density,xgboost,train,2000,0,0.673414,20000,134875
uma,mag_density,xgboost,train,2000,1,0.671668,20000,134875
uma,mag_density,xgboost,train,2000,2,0.665928,20000,134875
uma,mag_density,xgboost,train,2000,3,0.678873,20000,134875
uma,mag_density,xgboost,train,2000,4,0.676846,20000,134875
uma,mag_density,xgboost,train,2000,5,0.674188,20000,134875
uma,mag_density,xgboost,train,2000,6,0.663150,20000,134875
uma,mag_density,xgboost,train,2000,7,0.680185,20000,134875
uma,mag_density,xgboost,train,2000,8,0.679927,20000,134875
uma,mag_density,xgboost,train,2000,9,0.688067,20000,134875
uma,mag_density,xgboost,train,2000,10,0.683978,20000,134875
uma,mag_density,xgboost,train,2000,11,0.686299,20000,134875
uma,mag_density,xgboost,train,2000,12,0.694912,20000,134875
uma,mag_density,xgboost,train,2000,13,0.663061,20000,134875
uma,mag_density,xgboost,train,2000,14,0.672886,20000,134875
uma,mag_density,xgboost,train,2000,15,0.674747,20000,134875
uma,mag_density,xgboost,train,2000,16,0.670661,20000,134875
uma,mag_density,xgboost,train,2000,17,0.670038,20000,134875
uma,mag_density,xgboost,train,2000,18,0.676779,20000,134875
uma,mag_density,xgboost,train,2000,19,0.688505,20000,134875
uma,mag_density,xgboost,train,2000,20,0.670364,20000,134875
uma,mag_density,xgboost,train,2000,21,0.690327,20000,134875
uma,mag_density,xgboost,train,2000,22,0.674807,20000,134875
uma,mag_density,xgboost,train,2000,23,0.694158,20000,134875
uma,mag_density,xgboost,train,2000,24,0.684790,20000,134875
uma,mag_density,xgboost,train,2000,25,0.672833,20000,134875
uma,mag_density,xgboost,train,2000,26,0.687866,20000,134875
uma,mag_density,xgboost,train,2000,27,0.657467,20000,134875
uma,mag_density,xgboost,train,2000,28,0.675425,20000,134875
uma,mag_density,xgboost,train,2000,29,0.684360,20000,134875
uma,mag_density,linear,train,2000,0,0.649408,20000,134875
uma,mag_density,linear,train,2000,1,0.649554,20000,134875
uma,mag_density,linear,train,2000,2,0.660854,20000,134875
uma,mag_density,linear,train,2000,3,0.633612,20000,134875
uma,mag_density,linear,train,2000,4,0.659496,20000,134875
uma,mag_density,linear,train,2000,5,0.627753,20000,134875
uma,mag_density,linear,train,2000,6,0.651689,20000,134875
uma,mag_density,linear,train,2000,7,0.652443,20000,134875
uma,mag_density,linear,train,2000,8,0.660883,20000,134875
uma,mag_density,linear,train,2000,9,0.666677,20000,134875
uma,mag_density,linear,train,2000,10,0.659432,20000,134875
uma,mag_density,linear,train,2000,11,0.659942,20000,134875
uma,mag_density,linear,train,2000,12,0.652659,20000,134875
uma,mag_density,linear,train,2000,13,0.637385,20000,134875
uma,mag_density,linear,train,2000,14,0.659125,20000,134875
uma,mag_density,linear,train,2000,15,0.660547,20000,134875
uma,mag_density,linear,train,2000,16,0.650782,20000,134875
uma,mag_density,linear,train,2000,17,0.639073,20000,134875
uma,mag_density,linear,train,2000,18,0.650958,20000,134875
uma,mag_density,linear,train,2000,19,0.660966,20000,134875
uma,mag_density,linear,train,2000,20,0.641801,20000,134875
uma,mag_density,linear,train,2000,21,0.665915,20000,134875
uma,mag_density,linear,train,2000,22,0.662043,20000,134875
uma,mag_density,linear,train,2000,23,0.659965,20000,134875
uma,mag_density,linear,train,2000,24,0.650579,20000,134875
uma,mag_density,linear,train,2000,25,0.651685,20000,134875
uma,mag_density,linear,train,2000,26,0.648730,20000,134875
uma,mag_density,linear,train,2000,27,0.655759,20000,134875
uma,mag_density,linear,train,2000,28,0.652714,20000,134875
uma,mag_density,linear,train,2000,29,0.654661,20000,134875
uma,mag_density,xgboost,train,5000,0,0.731282,20000,134875
uma,mag_density,xgboost,train,5000,1,0.725297,20000,134875
uma,mag_density,xgboost,train,5000,2,0.735826,20000,134875
uma,mag_density,xgboost,train,5000,3,0.728216,20000,134875
uma,mag_density,xgboost,train,5000,4,0.731574,20000,134875
uma,mag_density,xgboost,train,5000,5,0.719560,20000,134875
uma,mag_density,xgboost,train,5000,6,0.721240,20000,134875
uma,mag_density,xgboost,train,5000,7,0.732943,20000,134875
uma,mag_density,xgboost,train,5000,8,0.728427,20000,134875
uma,mag_density,xgboost,train,5000,9,0.728922,20000,134875
uma,mag_density,linear,train,5000,0,0.693929,20000,134875
uma,mag_density,linear,train,5000,1,0.685326,20000,134875
uma,mag_density,linear,train,5000,2,0.688051,20000,134875
uma,mag_density,linear,train,5000,3,0.694996,20000,134875
uma,mag_density,linear,train,5000,4,0.672770,20000,134875
uma,mag_density,linear,train,5000,5,0.680912,20000,134875
uma,mag_density,linear,train,5000,6,0.672011,20000,134875
uma,mag_density,linear,train,5000,7,0.694547,20000,134875
uma,mag_density,linear,train,5000,8,0.680561,20000,134875
uma,mag_density,linear,train,5000,9,0.684886,20000,134875
uma,mag_density,xgboost,train,7000,0,0.742566,20000,134875
uma,mag_density,xgboost,train,7000,1,0.747986,20000,134875
uma,mag_density,xgboost,train,7000,2,0.737554,20000,134875
uma,mag_density,xgboost,train,7000,3,0.735758,20000,134875
uma,mag_density,xgboost,train,7000,4,0.735947,20000,134875
uma,mag_density,xgboost,train,7000,5,0.731358,20000,134875
uma,mag_density,xgboost,train,7000,6,0.736337,20000,134875
uma,mag_density,linear,train,7000,0,0.692385,20000,134875
uma,mag_density,linear,train,7000,1,0.700341,20000,134875
uma,mag_density,linear,train,7000,2,0.687255,20000,134875
uma,mag_density,linear,train,7000,3,0.678973,20000,134875
uma,mag_density,linear,train,7000,4,0.696488,20000,134875
uma,mag_density,linear,train,7000,5,0.690645,20000,134875
uma,mag_density,linear,train,7000,6,0.704124,20000,134875
uma,mag_density,xgboost,train,10000,0,0.761255,20000,134875
uma,mag_density,xgboost,train,10000,1,0.758321,20000,134875
uma,mag_density,xgboost,train,10000,2,0.758043,20000,134875
uma,mag_density,xgboost,train,10000,3,0.756018,20000,134875
uma,mag_density,xgboost,train,10000,4,0.766904,20000,134875
uma,mag_density,xgboost,train,10000,5,0.750700,20000,134875
uma,mag_density,xgboost,train,10000,6,0.758600,20000,134875
uma,mag_density,linear,train,10000,0,0.703686,20000,134875
uma,mag_density,linear,train,10000,1,0.705751,20000,134875
uma,mag_density,linear,train,10000,2,0.708312,20000,134875
uma,mag_density,linear,train,10000,3,0.699027,20000,134875
uma,mag_density,linear,train,10000,4,0.710174,20000,134875
uma,mag_density,linear,train,10000,5,0.695635,20000,134875
uma,mag_density,linear,train,10000,6,0.705408,20000,134875
uma,mag_density,xgboost,train,20000,0,0.783472,20000,134875
uma,mag_density,xgboost,train,20000,1,0.778065,20000,134875
uma,mag_density,xgboost,train,20000,2,0.779568,20000,134875
uma,mag_density,xgboost,train,20000,3,0.784363,20000,134875
uma,mag_density,xgboost,train,20000,4,0.775788,20000,134875
uma,mag_density,xgboost,train,20000,5,0.786591,20000,134875
uma,mag_density,linear,train,20000,0,0.716121,20000,134875
uma,mag_density,linear,train,20000,1,0.714879,20000,134875
uma,mag_density,linear,train,20000,2,0.716574,20000,134875
uma,mag_density,linear,train,20000,3,0.712568,20000,134875
uma,mag_density,linear,train,20000,4,0.711077,20000,134875
uma,mag_density,linear,train,20000,5,0.699358,20000,134875
uma,crystal_system,xgboost,train,50,0,0.252552,20000,134875
uma,crystal_system,xgboost,train,50,1,0.274199,20000,134875
uma,crystal_system,xgboost,train,50,2,0.264870,20000,134875
uma,crystal_system,xgboost,train,50,3,0.205645,20000,134875
uma,crystal_system,xgboost,train,50,4,0.233617,20000,134875
uma,crystal_system,xgboost,train,50,5,0.245148,20000,134875
uma,crystal_system,xgboost,train,50,6,0.249135,20000,134875
uma,crystal_system,xgboost,train,50,7,0.240920,20000,134875
uma,crystal_system,xgboost,train,50,8,0.232020,20000,134875
uma,crystal_system,xgboost,train,50,9,0.219080,20000,134875
uma,crystal_system,xgboost,train,50,10,0.243496,20000,134875
uma,crystal_system,xgboost,train,50,11,0.251370,20000,134875
uma,crystal_system,xgboost,train,50,12,0.270361,20000,134875
uma,crystal_system,xgboost,train,50,13,0.245660,20000,134875
uma,crystal_system,xgboost,train,50,14,0.274334,20000,134875
uma,crystal_system,xgboost,train,50,15,0.251482,20000,134875
uma,crystal_system,xgboost,train,50,16,0.287555,20000,134875
uma,crystal_system,xgboost,train,50,17,0.244975,20000,134875
uma,crystal_system,xgboost,train,50,18,0.253253,20000,134875
uma,crystal_system,xgboost,train,50,19,0.251381,20000,134875
uma,crystal_system,xgboost,train,50,20,0.268198,20000,134875
uma,crystal_system,xgboost,train,50,21,0.244004,20000,134875
uma,crystal_system,xgboost,train,50,22,0.256581,20000,134875
uma,crystal_system,xgboost,train,50,23,0.263039,20000,134875
uma,crystal_system,xgboost,train,50,24,0.265305,20000,134875
uma,crystal_system,xgboost,train,50,25,0.269575,20000,134875
uma,crystal_system,xgboost,train,50,26,0.273403,20000,134875
uma,crystal_system,xgboost,train,50,27,0.214498,20000,134875
uma,crystal_system,xgboost,train,50,28,0.255655,20000,134875
uma,crystal_system,xgboost,train,50,29,0.241135,20000,134875
uma,crystal_system,linear,train,50,0,0.273902,20000,134875
uma,crystal_system,linear,train,50,1,0.288044,20000,134875
uma,crystal_system,linear,train,50,2,0.289739,20000,134875
uma,crystal_system,linear,train,50,3,0.269423,20000,134875
uma,crystal_system,linear,train,50,4,0.280765,20000,134875
uma,crystal_system,linear,train,50,5,0.245834,20000,134875
uma,crystal_system,linear,train,50,6,0.266857,20000,134875
uma,crystal_system,linear,train,50,7,0.252750,20000,134875
uma,crystal_system,linear,train,50,8,0.270844,20000,134875
uma,crystal_system,linear,train,50,9,0.243482,20000,134875
uma,crystal_system,linear,train,50,10,0.252098,20000,134875
uma,crystal_system,linear,train,50,11,0.232491,20000,134875
uma,crystal_system,linear,train,50,12,0.277970,20000,134875
uma,crystal_system,linear,train,50,13,0.254443,20000,134875
uma,crystal_system,linear,train,50,14,0.289798,20000,134875
uma,crystal_system,linear,train,50,15,0.277350,20000,134875
uma,crystal_system,linear,train,50,16,0.271687,20000,134875
uma,crystal_system,linear,train,50,17,0.263747,20000,134875
uma,crystal_system,linear,train,50,18,0.267572,20000,134875
uma,crystal_system,linear,train,50,19,0.267867,20000,134875
uma,crystal_system,linear,train,50,20,0.288116,20000,134875
uma,crystal_system,linear,train,50,21,0.214563,20000,134875
uma,crystal_system,linear,train,50,22,0.253485,20000,134875
uma,crystal_system,linear,train,50,23,0.272564,20000,134875
uma,crystal_system,linear,train,50,24,0.265502,20000,134875
uma,crystal_system,linear,train,50,25,0.288424,20000,134875
uma,crystal_system,linear,train,50,26,0.287462,20000,134875
uma,crystal_system,linear,train,50,27,0.251177,20000,134875
uma,crystal_system,linear,train,50,28,0.230198,20000,134875
uma,crystal_system,linear,train,50,29,0.268968,20000,134875
uma,crystal_system,xgboost,train,100,0,0.296505,20000,134875
uma,crystal_system,xgboost,train,100,1,0.263849,20000,134875
uma,crystal_system,xgboost,train,100,2,0.293117,20000,134875
uma,crystal_system,xgboost,train,100,3,0.302599,20000,134875
uma,crystal_system,xgboost,train,100,4,0.303699,20000,134875
uma,crystal_system,xgboost,train,100,5,0.313494,20000,134875
uma,crystal_system,xgboost,train,100,6,0.301967,20000,134875
uma,crystal_system,xgboost,train,100,7,0.285105,20000,134875
uma,crystal_system,xgboost,train,100,8,0.336645,20000,134875
uma,crystal_system,xgboost,train,100,9,0.283792,20000,134875
uma,crystal_system,xgboost,train,100,10,0.308093,20000,134875
uma,crystal_system,xgboost,train,100,11,0.278312,20000,134875
uma,crystal_system,xgboost,train,100,12,0.349836,20000,134875
uma,crystal_system,xgboost,train,100,13,0.280755,20000,134875
uma,crystal_system,xgboost,train,100,14,0.305624,20000,134875
uma,crystal_system,xgboost,train,100,15,0.267928,20000,134875
uma,crystal_system,xgboost,train,100,16,0.301348,20000,134875
uma,crystal_system,xgboost,train,100,17,0.276177,20000,134875
uma,crystal_system,xgboost,train,100,18,0.292241,20000,134875
uma,crystal_system,xgboost,train,100,19,0.293464,20000,134875
uma,crystal_system,xgboost,train,100,20,0.284598,20000,134875
uma,crystal_system,xgboost,train,100,21,0.317376,20000,134875
uma,crystal_system,xgboost,train,100,22,0.292860,20000,134875
uma,crystal_system,xgboost,train,100,23,0.289719,20000,134875
uma,crystal_system,xgboost,train,100,24,0.325663,20000,134875
uma,crystal_system,xgboost,train,100,25,0.288012,20000,134875
uma,crystal_system,xgboost,train,100,26,0.287740,20000,134875
uma,crystal_system,xgboost,train,100,27,0.283247,20000,134875
uma,crystal_system,xgboost,train,100,28,0.310332,20000,134875
uma,crystal_system,xgboost,train,100,29,0.291856,20000,134875
uma,crystal_system,linear,train,100,0,0.311278,20000,134875
uma,crystal_system,linear,train,100,1,0.264484,20000,134875
uma,crystal_system,linear,train,100,2,0.313423,20000,134875
uma,crystal_system,linear,train,100,3,0.320194,20000,134875
uma,crystal_system,linear,train,100,4,0.301149,20000,134875
uma,crystal_system,linear,train,100,5,0.301519,20000,134875
uma,crystal_system,linear,train,100,6,0.279737,20000,134875
uma,crystal_system,linear,train,100,7,0.271546,20000,134875
uma,crystal_system,linear,train,100,8,0.336294,20000,134875
uma,crystal_system,linear,train,100,9,0.281736,20000,134875
uma,crystal_system,linear,train,100,10,0.305236,20000,134875
uma,crystal_system,linear,train,100,11,0.290167,20000,134875
uma,crystal_system,linear,train,100,12,0.350371,20000,134875
uma,crystal_system,linear,train,100,13,0.282104,20000,134875
uma,crystal_system,linear,train,100,14,0.306981,20000,134875
uma,crystal_system,linear,train,100,15,0.283088,20000,134875
uma,crystal_system,linear,train,100,16,0.287173,20000,134875
uma,crystal_system,linear,train,100,17,0.282307,20000,134875
uma,crystal_system,linear,train,100,18,0.280418,20000,134875
uma,crystal_system,linear,train,100,19,0.275335,20000,134875
uma,crystal_system,linear,train,100,20,0.287079,20000,134875
uma,crystal_system,linear,train,100,21,0.301666,20000,134875
uma,crystal_system,linear,train,100,22,0.308608,20000,134875
uma,crystal_system,linear,train,100,23,0.314123,20000,134875
uma,crystal_system,linear,train,100,24,0.300111,20000,134875
uma,crystal_system,linear,train,100,25,0.301356,20000,134875
uma,crystal_system,linear,train,100,26,0.299564,20000,134875
uma,crystal_system,linear,train,100,27,0.289152,20000,134875
uma,crystal_system,linear,train,100,28,0.288451,20000,134875
uma,crystal_system,linear,train,100,29,0.281065,20000,134875
uma,crystal_system,xgboost,train,200,0,0.332603,20000,134875
uma,crystal_system,xgboost,train,200,1,0.353391,20000,134875
uma,crystal_system,xgboost,train,200,2,0.346912,20000,134875
uma,crystal_system,xgboost,train,200,3,0.354286,20000,134875
uma,crystal_system,xgboost,train,200,4,0.331054,20000,134875
uma,crystal_system,xgboost,train,200,5,0.319006,20000,134875
uma,crystal_system,xgboost,train,200,6,0.326537,20000,134875
uma,crystal_system,xgboost,train,200,7,0.347197,20000,134875
uma,crystal_system,xgboost,train,200,8,0.355060,20000,134875
uma,crystal_system,xgboost,train,200,9,0.347073,20000,134875
uma,crystal_system,xgboost,train,200,10,0.341795,20000,134875
uma,crystal_system,xgboost,train,200,11,0.358676,20000,134875
uma,crystal_system,xgboost,train,200,12,0.365654,20000,134875
uma,crystal_system,xgboost,train,200,13,0.351127,20000,134875
uma,crystal_system,xgboost,train,200,14,0.314675,20000,134875
uma,crystal_system,xgboost,train,200,15,0.338761,20000,134875
uma,crystal_system,xgboost,train,200,16,0.329956,20000,134875
uma,crystal_system,xgboost,train,200,17,0.353083,20000,134875
uma,crystal_system,xgboost,train,200,18,0.299678,20000,134875
uma,crystal_system,xgboost,train,200,19,0.331470,20000,134875
uma,crystal_system,xgboost,train,200,20,0.317147,20000,134875
uma,crystal_system,xgboost,train,200,21,0.326021,20000,134875
uma,crystal_system,xgboost,train,200,22,0.336886,20000,134875
uma,crystal_system,xgboost,train,200,23,0.332645,20000,134875
uma,crystal_system,xgboost,train,200,24,0.347653,20000,134875
uma,crystal_system,xgboost,train,200,25,0.310083,20000,134875
uma,crystal_system,xgboost,train,200,26,0.313971,20000,134875
uma,crystal_system,xgboost,train,200,27,0.340709,20000,134875
uma,crystal_system,xgboost,train,200,28,0.321077,20000,134875
uma,crystal_system,xgboost,train,200,29,0.336709,20000,134875
uma,crystal_system,linear,train,200,0,0.328082,20000,134875
uma,crystal_system,linear,train,200,1,0.338029,20000,134875
uma,crystal_system,linear,train,200,2,0.349507,20000,134875
uma,crystal_system,linear,train,200,3,0.360889,20000,134875
uma,crystal_system,linear,train,200,4,0.327072,20000,134875
uma,crystal_system,linear,train,200,5,0.333680,20000,134875
uma,crystal_system,linear,train,200,6,0.321160,20000,134875
uma,crystal_system,linear,train,200,7,0.330788,20000,134875
uma,crystal_system,linear,train,200,8,0.340865,20000,134875
uma,crystal_system,linear,train,200,9,0.337307,20000,134875
uma,crystal_system,linear,train,200,10,0.348659,20000,134875
uma,crystal_system,linear,train,200,11,0.347409,20000,134875
uma,crystal_system,linear,train,200,12,0.358883,20000,134875
uma,crystal_system,linear,train,200,13,0.306207,20000,134875
uma,crystal_system,linear,train,200,14,0.323419,20000,134875
uma,crystal_system,linear,train,200,15,0.332845,20000,134875
uma,crystal_system,linear,train,200,16,0.327576,20000,134875
uma,crystal_system,linear,train,200,17,0.341663,20000,134875
uma,crystal_system,linear,train,200,18,0.284548,20000,134875
uma,crystal_system,linear,train,200,19,0.340043,20000,134875
uma,crystal_system,linear,train,200,20,0.312240,20000,134875
uma,crystal_system,linear,train,200,21,0.344070,20000,134875
uma,crystal_system,linear,train,200,22,0.330337,20000,134875
uma,crystal_system,linear,train,200,23,0.320627,20000,134875
uma,crystal_system,linear,train,200,24,0.346574,20000,134875
uma,crystal_system,linear,train,200,25,0.292125,20000,134875
uma,crystal_system,linear,train,200,26,0.317369,20000,134875
uma,crystal_system,linear,train,200,27,0.326465,20000,134875
uma,crystal_system,linear,train,200,28,0.316527,20000,134875
uma,crystal_system,linear,train,200,29,0.332172,20000,134875
uma,crystal_system,xgboost,train,500,0,0.384270,20000,134875
uma,crystal_system,xgboost,train,500,1,0.384109,20000,134875
uma,crystal_system,xgboost,train,500,2,0.387229,20000,134875
uma,crystal_system,xgboost,train,500,3,0.387728,20000,134875
uma,crystal_system,xgboost,train,500,4,0.391284,20000,134875
uma,crystal_system,xgboost,train,500,5,0.392386,20000,134875
uma,crystal_system,xgboost,train,500,6,0.408634,20000,134875
uma,crystal_system,xgboost,train,500,7,0.389004,20000,134875
uma,crystal_system,xgboost,train,500,8,0.410219,20000,134875
uma,crystal_system,xgboost,train,500,9,0.407537,20000,134875
uma,crystal_system,xgboost,train,500,10,0.376041,20000,134875
uma,crystal_system,xgboost,train,500,11,0.386719,20000,134875
uma,crystal_system,xgboost,train,500,12,0.402647,20000,134875
uma,crystal_system,xgboost,train,500,13,0.377989,20000,134875
uma,crystal_system,xgboost,train,500,14,0.392232,20000,134875
uma,crystal_system,xgboost,train,500,15,0.394203,20000,134875
uma,crystal_system,xgboost,train,500,16,0.384740,20000,134875
uma,crystal_system,xgboost,train,500,17,0.386991,20000,134875
uma,crystal_system,xgboost,train,500,18,0.388888,20000,134875
uma,crystal_system,xgboost,train,500,19,0.399130,20000,134875
uma,crystal_system,xgboost,train,500,20,0.394064,20000,134875
uma,crystal_system,xgboost,train,500,21,0.392053,20000,134875
uma,crystal_system,xgboost,train,500,22,0.377360,20000,134875
uma,crystal_system,xgboost,train,500,23,0.397690,20000,134875
uma,crystal_system,xgboost,train,500,24,0.384355,20000,134875
uma,crystal_system,xgboost,train,500,25,0.389562,20000,134875
uma,crystal_system,xgboost,train,500,26,0.385901,20000,134875
uma,crystal_system,xgboost,train,500,27,0.398750,20000,134875
uma,crystal_system,xgboost,train,500,28,0.419164,20000,134875
uma,crystal_system,xgboost,train,500,29,0.384375,20000,134875
uma,crystal_system,linear,train,500,0,0.377459,20000,134875
uma,crystal_system,linear,train,500,1,0.373523,20000,134875
uma,crystal_system,linear,train,500,2,0.354679,20000,134875
uma,crystal_system,linear,train,500,3,0.370119,20000,134875
uma,crystal_system,linear,train,500,4,0.354906,20000,134875
uma,crystal_system,linear,train,500,5,0.359258,20000,134875
uma,crystal_system,linear,train,500,6,0.375809,20000,134875
uma,crystal_system,linear,train,500,7,0.354012,20000,134875
uma,crystal_system,linear,train,500,8,0.360818,20000,134875
uma,crystal_system,linear,train,500,9,0.367345,20000,134875
uma,crystal_system,linear,train,500,10,0.368708,20000,134875
uma,crystal_system,linear,train,500,11,0.353598,20000,134875
uma,crystal_system,linear,train,500,12,0.363081,20000,134875
uma,crystal_system,linear,train,500,13,0.353069,20000,134875
uma,crystal_system,linear,train,500,14,0.367845,20000,134875
uma,crystal_system,linear,train,500,15,0.352450,20000,134875
uma,crystal_system,linear,train,500,16,0.363760,20000,134875
uma,crystal_system,linear,train,500,17,0.366321,20000,134875
uma,crystal_system,linear,train,500,18,0.372113,20000,134875
uma,crystal_system,linear,train,500,19,0.371106,20000,134875
uma,crystal_system,linear,train,500,20,0.385925,20000,134875
uma,crystal_system,linear,train,500,21,0.356731,20000,134875
uma,crystal_system,linear,train,500,22,0.353730,20000,134875
uma,crystal_system,linear,train,500,23,0.385970,20000,134875
uma,crystal_system,linear,train,500,24,0.358741,20000,134875
uma,crystal_system,linear,train,500,25,0.362510,20000,134875
uma,crystal_system,linear,train,500,26,0.356814,20000,134875
uma,crystal_system,linear,train,500,27,0.370454,20000,134875
uma,crystal_system,linear,train,500,28,0.383174,20000,134875
uma,crystal_system,linear,train,500,29,0.354483,20000,134875
uma,crystal_system,xgboost,train,1000,0,0.437631,20000,134875
uma,crystal_system,xgboost,train,1000,1,0.431328,20000,134875
uma,crystal_system,xgboost,train,1000,2,0.423311,20000,134875
uma,crystal_system,xgboost,train,1000,3,0.448667,20000,134875
uma,crystal_system,xgboost,train,1000,4,0.442775,20000,134875
uma,crystal_system,xgboost,train,1000,5,0.444258,20000,134875
uma,crystal_system,xgboost,train,1000,6,0.444034,20000,134875
uma,crystal_system,xgboost,train,1000,7,0.424926,20000,134875
uma,crystal_system,xgboost,train,1000,8,0.421231,20000,134875
uma,crystal_system,xgboost,train,1000,9,0.446084,20000,134875
uma,crystal_system,xgboost,train,1000,10,0.441500,20000,134875
uma,crystal_system,xgboost,train,1000,11,0.427619,20000,134875
uma,crystal_system,xgboost,train,1000,12,0.444069,20000,134875
uma,crystal_system,xgboost,train,1000,13,0.438388,20000,134875
uma,crystal_system,xgboost,train,1000,14,0.427241,20000,134875
uma,crystal_system,xgboost,train,1000,15,0.429372,20000,134875
uma,crystal_system,xgboost,train,1000,16,0.449866,20000,134875
uma,crystal_system,xgboost,train,1000,17,0.444910,20000,134875
uma,crystal_system,xgboost,train,1000,18,0.439690,20000,134875
uma,crystal_system,xgboost,train,1000,19,0.441537,20000,134875
uma,crystal_system,xgboost,train,1000,20,0.430183,20000,134875
uma,crystal_system,xgboost,train,1000,21,0.434784,20000,134875
uma,crystal_system,xgboost,train,1000,22,0.445911,20000,134875
uma,crystal_system,xgboost,train,1000,23,0.441213,20000,134875
uma,crystal_system,xgboost,train,1000,24,0.425005,20000,134875
uma,crystal_system,xgboost,train,1000,25,0.441708,20000,134875
uma,crystal_system,xgboost,train,1000,26,0.439415,20000,134875
uma,crystal_system,xgboost,train,1000,27,0.425648,20000,134875
uma,crystal_system,xgboost,train,1000,28,0.429337,20000,134875
uma,crystal_system,xgboost,train,1000,29,0.444303,20000,134875
uma,crystal_system,linear,train,1000,0,0.381150,20000,134875
uma,crystal_system,linear,train,1000,1,0.383528,20000,134875
uma,crystal_system,linear,train,1000,2,0.365231,20000,134875
uma,crystal_system,linear,train,1000,3,0.396760,20000,134875
uma,crystal_system,linear,train,1000,4,0.390855,20000,134875
uma,crystal_system,linear,train,1000,5,0.390121,20000,134875
uma,crystal_system,linear,train,1000,6,0.372077,20000,134875
uma,crystal_system,linear,train,1000,7,0.388592,20000,134875
uma,crystal_system,linear,train,1000,8,0.374879,20000,134875
uma,crystal_system,linear,train,1000,9,0.392170,20000,134875
uma,crystal_system,linear,train,1000,10,0.381658,20000,134875
uma,crystal_system,linear,train,1000,11,0.386885,20000,134875
uma,crystal_system,linear,train,1000,12,0.393604,20000,134875
uma,crystal_system,linear,train,1000,13,0.390840,20000,134875
uma,crystal_system,linear,train,1000,14,0.383902,20000,134875
uma,crystal_system,linear,train,1000,15,0.381779,20000,134875
uma,crystal_system,linear,train,1000,16,0.392859,20000,134875
uma,crystal_system,linear,train,1000,17,0.393063,20000,134875
uma,crystal_system,linear,train,1000,18,0.388635,20000,134875
uma,crystal_system,linear,train,1000,19,0.389300,20000,134875
uma,crystal_system,linear,train,1000,20,0.380118,20000,134875
uma,crystal_system,linear,train,1000,21,0.396820,20000,134875
uma,crystal_system,linear,train,1000,22,0.383755,20000,134875
uma,crystal_system,linear,train,1000,23,0.393452,20000,134875
uma,crystal_system,linear,train,1000,24,0.389077,20000,134875
uma,crystal_system,linear,train,1000,25,0.384457,20000,134875
uma,crystal_system,linear,train,1000,26,0.387671,20000,134875
uma,crystal_system,linear,train,1000,27,0.374089,20000,134875
uma,crystal_system,linear,train,1000,28,0.386026,20000,134875
uma,crystal_system,linear,train,1000,29,0.390588,20000,134875
uma,crystal_system,xgboost,train,2000,0,0.485270,20000,134875
uma,crystal_system,xgboost,train,2000,1,0.470243,20000,134875
uma,crystal_system,xgboost,train,2000,2,0.482507,20000,134875
uma,crystal_system,xgboost,train,2000,3,0.478545,20000,134875
uma,crystal_system,xgboost,train,2000,4,0.487971,20000,134875
uma,crystal_system,xgboost,train,2000,5,0.487532,20000,134875
uma,crystal_system,xgboost,train,2000,6,0.480590,20000,134875
uma,crystal_system,xgboost,train,2000,7,0.481008,20000,134875
uma,crystal_system,xgboost,train,2000,8,0.478714,20000,134875
uma,crystal_system,xgboost,train,2000,9,0.484442,20000,134875
uma,crystal_system,xgboost,train,2000,10,0.472340,20000,134875
uma,crystal_system,xgboost,train,2000,11,0.475168,20000,134875
uma,crystal_system,xgboost,train,2000,12,0.484836,20000,134875
uma,crystal_system,xgboost,train,2000,13,0.485799,20000,134875
uma,crystal_system,xgboost,train,2000,14,0.485180,20000,134875
uma,crystal_system,xgboost,train,2000,15,0.483891,20000,134875
uma,crystal_system,xgboost,train,2000,16,0.480839,20000,134875
uma,crystal_system,xgboost,train,2000,17,0.483884,20000,134875
uma,crystal_system,xgboost,train,2000,18,0.474044,20000,134875
uma,crystal_system,xgboost,train,2000,19,0.474205,20000,134875
uma,crystal_system,xgboost,train,2000,20,0.483515,20000,134875
uma,crystal_system,xgboost,train,2000,21,0.483436,20000,134875
uma,crystal_system,xgboost,train,2000,22,0.469840,20000,134875
uma,crystal_system,xgboost,train,2000,23,0.481641,20000,134875
uma,crystal_system,xgboost,train,2000,24,0.468152,20000,134875
uma,crystal_system,xgboost,train,2000,25,0.478902,20000,134875
uma,crystal_system,xgboost,train,2000,26,0.477097,20000,134875
uma,crystal_system,xgboost,train,2000,27,0.479786,20000,134875
uma,crystal_system,xgboost,train,2000,28,0.474042,20000,134875
uma,crystal_system,xgboost,train,2000,29,0.473584,20000,134875
uma,crystal_system,linear,train,2000,0,0.406720,20000,134875
uma,crystal_system,linear,train,2000,1,0.404964,20000,134875
uma,crystal_system,linear,train,2000,2,0.412503,20000,134875
uma,crystal_system,linear,train,2000,3,0.405740,20000,134875
uma,crystal_system,linear,train,2000,4,0.409244,20000,134875
uma,crystal_system,linear,train,2000,5,0.414845,20000,134875
uma,crystal_system,linear,train,2000,6,0.410953,20000,134875
uma,crystal_system,linear,train,2000,7,0.416241,20000,134875
uma,crystal_system,linear,train,2000,8,0.415371,20000,134875
uma,crystal_system,linear,train,2000,9,0.411945,20000,134875
uma,crystal_system,linear,train,2000,10,0.407507,20000,134875
uma,crystal_system,linear,train,2000,11,0.412904,20000,134875
uma,crystal_system,linear,train,2000,12,0.410796,20000,134875
uma,crystal_system,linear,train,2000,13,0.404655,20000,134875
uma,crystal_system,linear,train,2000,14,0.417340,20000,134875
uma,crystal_system,linear,train,2000,15,0.407397,20000,134875
uma,crystal_system,linear,train,2000,16,0.410196,20000,134875
uma,crystal_system,linear,train,2000,17,0.408910,20000,134875
uma,crystal_system,linear,train,2000,18,0.402497,20000,134875
uma,crystal_system,linear,train,2000,19,0.412029,20000,134875
uma,crystal_system,linear,train,2000,20,0.403378,20000,134875
uma,crystal_system,linear,train,2000,21,0.410338,20000,134875
uma,crystal_system,linear,train,2000,22,0.411766,20000,134875
uma,crystal_system,linear,train,2000,23,0.414792,20000,134875
uma,crystal_system,linear,train,2000,24,0.403057,20000,134875
uma,crystal_system,linear,train,2000,25,0.409920,20000,134875
uma,crystal_system,linear,train,2000,26,0.402820,20000,134875
uma,crystal_system,linear,train,2000,27,0.407223,20000,134875
uma,crystal_system,linear,train,2000,28,0.415418,20000,134875
uma,crystal_system,linear,train,2000,29,0.410493,20000,134875
uma,crystal_system,xgboost,train,5000,0,0.538170,20000,134875
uma,crystal_system,xgboost,train,5000,1,0.537413,20000,134875
uma,crystal_system,xgboost,train,5000,2,0.538909,20000,134875
uma,crystal_system,xgboost,train,5000,3,0.545541,20000,134875
uma,crystal_system,xgboost,train,5000,4,0.538167,20000,134875
uma,crystal_system,xgboost,train,5000,5,0.538917,20000,134875
uma,crystal_system,xgboost,train,5000,6,0.545845,20000,134875
uma,crystal_system,xgboost,train,5000,7,0.541567,20000,134875
uma,crystal_system,xgboost,train,5000,8,0.527249,20000,134875
uma,crystal_system,xgboost,train,5000,9,0.538899,20000,134875
uma,crystal_system,linear,train,5000,0,0.454414,20000,134875
uma,crystal_system,linear,train,5000,1,0.466963,20000,134875
uma,crystal_system,linear,train,5000,2,0.453566,20000,134875
uma,crystal_system,linear,train,5000,3,0.462375,20000,134875
uma,crystal_system,linear,train,5000,4,0.456570,20000,134875
uma,crystal_system,linear,train,5000,5,0.458882,20000,134875
uma,crystal_system,linear,train,5000,6,0.461047,20000,134875
uma,crystal_system,linear,train,5000,7,0.464188,20000,134875
uma,crystal_system,linear,train,5000,8,0.454530,20000,134875
uma,crystal_system,linear,train,5000,9,0.460066,20000,134875
uma,crystal_system,xgboost,train,7000,0,0.555038,20000,134875
uma,crystal_system,xgboost,train,7000,1,0.559720,20000,134875
uma,crystal_system,xgboost,train,7000,2,0.557952,20000,134875
uma,crystal_system,xgboost,train,7000,3,0.554036,20000,134875
uma,crystal_system,xgboost,train,7000,4,0.555756,20000,134875
uma,crystal_system,xgboost,train,7000,5,0.547874,20000,134875
uma,crystal_system,xgboost,train,7000,6,0.558914,20000,134875
uma,crystal_system,linear,train,7000,0,0.476259,20000,134875
uma,crystal_system,linear,train,7000,1,0.471188,20000,134875
uma,crystal_system,linear,train,7000,2,0.481031,20000,134875
uma,crystal_system,linear,train,7000,3,0.476014,20000,134875
uma,crystal_system,linear,train,7000,4,0.471370,20000,134875
uma,crystal_system,linear,train,7000,5,0.472137,20000,134875
uma,crystal_system,linear,train,7000,6,0.477996,20000,134875
uma,crystal_system,xgboost,train,10000,0,0.579882,20000,134875
uma,crystal_system,xgboost,train,10000,1,0.579148,20000,134875
uma,crystal_system,xgboost,train,10000,2,0.576230,20000,134875
uma,crystal_system,xgboost,train,10000,3,0.575408,20000,134875
uma,crystal_system,xgboost,train,10000,4,0.576897,20000,134875
uma,crystal_system,xgboost,train,10000,5,0.574097,20000,134875
uma,crystal_system,xgboost,train,10000,6,0.578747,20000,134875
uma,crystal_system,linear,train,10000,0,0.491190,20000,134875
uma,crystal_system,linear,train,10000,1,0.486463,20000,134875
uma,crystal_system,linear,train,10000,2,0.491608,20000,134875
uma,crystal_system,linear,train,10000,3,0.489956,20000,134875
uma,crystal_system,linear,train,10000,4,0.494303,20000,134875
uma,crystal_system,linear,train,10000,5,0.492419,20000,134875
uma,crystal_system,linear,train,10000,6,0.493567,20000,134875
uma,crystal_system,xgboost,train,20000,0,0.613041,20000,134875
uma,crystal_system,xgboost,train,20000,1,0.617029,20000,134875
uma,crystal_system,xgboost,train,20000,2,0.618008,20000,134875
uma,crystal_system,xgboost,train,20000,3,0.612407,20000,134875
uma,crystal_system,xgboost,train,20000,4,0.618703,20000,134875
uma,crystal_system,xgboost,train,20000,5,0.617159,20000,134875
uma,crystal_system,linear,train,20000,0,0.511844,20000,134875
uma,crystal_system,linear,train,20000,1,0.513568,20000,134875
uma,crystal_system,linear,train,20000,2,0.511596,20000,134875
uma,crystal_system,linear,train,20000,3,0.506946,20000,134875
uma,crystal_system,linear,train,20000,4,0.513844,20000,134875
uma,crystal_system,linear,train,20000,5,0.513336,20000,134875
uma,metal_insulator,xgboost,train,50,0,0.778292,20000,134875
uma,metal_insulator,xgboost,train,50,1,0.806999,20000,134875
uma,metal_insulator,xgboost,train,50,2,0.787133,20000,134875
uma,metal_insulator,xgboost,train,50,3,0.807600,20000,134875
uma,metal_insulator,xgboost,train,50,4,0.793993,20000,134875
uma,metal_insulator,xgboost,train,50,5,0.753687,20000,134875
uma,metal_insulator,xgboost,train,50,6,0.776757,20000,134875
uma,metal_insulator,xgboost,train,50,7,0.753914,20000,134875
uma,metal_insulator,xgboost,train,50,8,0.809353,20000,134875
uma,metal_insulator,xgboost,train,50,9,0.779144,20000,134875
uma,metal_insulator,xgboost,train,50,10,0.832893,20000,134875
uma,metal_insulator,xgboost,train,50,11,0.800802,20000,134875
uma,metal_insulator,xgboost,train,50,12,0.790488,20000,134875
uma,metal_insulator,xgboost,train,50,13,0.752653,20000,134875
uma,metal_insulator,xgboost,train,50,14,0.735250,20000,134875
uma,metal_insulator,xgboost,train,50,15,0.801483,20000,134875
uma,metal_insulator,xgboost,train,50,16,0.817731,20000,134875
uma,metal_insulator,xgboost,train,50,17,0.793823,20000,134875
uma,metal_insulator,xgboost,train,50,18,0.800295,20000,134875
uma,metal_insulator,xgboost,train,50,19,0.748560,20000,134875
uma,metal_insulator,xgboost,train,50,20,0.810130,20000,134875
uma,metal_insulator,xgboost,train,50,21,0.756530,20000,134875
uma,metal_insulator,xgboost,train,50,22,0.785595,20000,134875
uma,metal_insulator,xgboost,train,50,23,0.800373,20000,134875
uma,metal_insulator,xgboost,train,50,24,0.795955,20000,134875
uma,metal_insulator,xgboost,train,50,25,0.812386,20000,134875
uma,metal_insulator,xgboost,train,50,26,0.764575,20000,134875
uma,metal_insulator,xgboost,train,50,27,0.815007,20000,134875
uma,metal_insulator,xgboost,train,50,28,0.789916,20000,134875
uma,metal_insulator,xgboost,train,50,29,0.755426,20000,134875
uma,metal_insulator,linear,train,50,0,0.785272,20000,134875
uma,metal_insulator,linear,train,50,1,0.830113,20000,134875
uma,metal_insulator,linear,train,50,2,0.825713,20000,134875
uma,metal_insulator,linear,train,50,3,0.800723,20000,134875
uma,metal_insulator,linear,train,50,4,0.815010,20000,134875
uma,metal_insulator,linear,train,50,5,0.769355,20000,134875
uma,metal_insulator,linear,train,50,6,0.815354,20000,134875
uma,metal_insulator,linear,train,50,7,0.799110,20000,134875
uma,metal_insulator,linear,train,50,8,0.831364,20000,134875
uma,metal_insulator,linear,train,50,9,0.762965,20000,134875
uma,metal_insulator,linear,train,50,10,0.833355,20000,134875
uma,metal_insulator,linear,train,50,11,0.807277,20000,134875
uma,metal_insulator,linear,train,50,12,0.832902,20000,134875
uma,metal_insulator,linear,train,50,13,0.757955,20000,134875
uma,metal_insulator,linear,train,50,14,0.802777,20000,134875
uma,metal_insulator,linear,train,50,15,0.785420,20000,134875
uma,metal_insulator,linear,train,50,16,0.807795,20000,134875
uma,metal_insulator,linear,train,50,17,0.801671,20000,134875
uma,metal_insulator,linear,train,50,18,0.813529,20000,134875
uma,metal_insulator,linear,train,50,19,0.800619,20000,134875
uma,metal_insulator,linear,train,50,20,0.842600,20000,134875
uma,metal_insulator,linear,train,50,21,0.811933,20000,134875
uma,metal_insulator,linear,train,50,22,0.808119,20000,134875
uma,metal_insulator,linear,train,50,23,0.836665,20000,134875
uma,metal_insulator,linear,train,50,24,0.827141,20000,134875
uma,metal_insulator,linear,train,50,25,0.810671,20000,134875
uma,metal_insulator,linear,train,50,26,0.826453,20000,134875
uma,metal_insulator,linear,train,50,27,0.831487,20000,134875
uma,metal_insulator,linear,train,50,28,0.807808,20000,134875
uma,metal_insulator,linear,train,50,29,0.786774,20000,134875
uma,metal_insulator,xgboost,train,100,0,0.824674,20000,134875
uma,metal_insulator,xgboost,train,100,1,0.834115,20000,134875
uma,metal_insulator,xgboost,train,100,2,0.810762,20000,134875
uma,metal_insulator,xgboost,train,100,3,0.818768,20000,134875
uma,metal_insulator,xgboost,train,100,4,0.806937,20000,134875
uma,metal_insulator,xgboost,train,100,5,0.830441,20000,134875
uma,metal_insulator,xgboost,train,100,6,0.821633,20000,134875
uma,metal_insulator,xgboost,train,100,7,0.836314,20000,134875
uma,metal_insulator,xgboost,train,100,8,0.843065,20000,134875
uma,metal_insulator,xgboost,train,100,9,0.813050,20000,134875
uma,metal_insulator,xgboost,train,100,10,0.791558,20000,134875
uma,metal_insulator,xgboost,train,100,11,0.824122,20000,134875
uma,metal_insulator,xgboost,train,100,12,0.819269,20000,134875
uma,metal_insulator,xgboost,train,100,13,0.785276,20000,134875
uma,metal_insulator,xgboost,train,100,14,0.809023,20000,134875
uma,metal_insulator,xgboost,train,100,15,0.842457,20000,134875
uma,metal_insulator,xgboost,train,100,16,0.806430,20000,134875
uma,metal_insulator,xgboost,train,100,17,0.834825,20000,134875
uma,metal_insulator,xgboost,train,100,18,0.822221,20000,134875
uma,metal_insulator,xgboost,train,100,19,0.832263,20000,134875
uma,metal_insulator,xgboost,train,100,20,0.834195,20000,134875
uma,metal_insulator,xgboost,train,100,21,0.815011,20000,134875
uma,metal_insulator,xgboost,train,100,22,0.799165,20000,134875
uma,metal_insulator,xgboost,train,100,23,0.824927,20000,134875
uma,metal_insulator,xgboost,train,100,24,0.822570,20000,134875
uma,metal_insulator,xgboost,train,100,25,0.807434,20000,134875
uma,metal_insulator,xgboost,train,100,26,0.813089,20000,134875
uma,metal_insulator,xgboost,train,100,27,0.807787,20000,134875
uma,metal_insulator,xgboost,train,100,28,0.818486,20000,134875
uma,metal_insulator,xgboost,train,100,29,0.802645,20000,134875
uma,metal_insulator,linear,train,100,0,0.831527,20000,134875
uma,metal_insulator,linear,train,100,1,0.832950,20000,134875
uma,metal_insulator,linear,train,100,2,0.814507,20000,134875
uma,metal_insulator,linear,train,100,3,0.834096,20000,134875
uma,metal_insulator,linear,train,100,4,0.837564,20000,134875
uma,metal_insulator,linear,train,100,5,0.834282,20000,134875
uma,metal_insulator,linear,train,100,6,0.822892,20000,134875
uma,metal_insulator,linear,train,100,7,0.858109,20000,134875
uma,metal_insulator,linear,train,100,8,0.834476,20000,134875
uma,metal_insulator,linear,train,100,9,0.837002,20000,134875
uma,metal_insulator,linear,train,100,10,0.832245,20000,134875
uma,metal_insulator,linear,train,100,11,0.826174,20000,134875
uma,metal_insulator,linear,train,100,12,0.822084,20000,134875
uma,metal_insulator,linear,train,100,13,0.819020,20000,134875
uma,metal_insulator,linear,train,100,14,0.829845,20000,134875
uma,metal_insulator,linear,train,100,15,0.847237,20000,134875
uma,metal_insulator,linear,train,100,16,0.840942,20000,134875
uma,metal_insulator,linear,train,100,17,0.827257,20000,134875
uma,metal_insulator,linear,train,100,18,0.834231,20000,134875
uma,metal_insulator,linear,train,100,19,0.828026,20000,134875
uma,metal_insulator,linear,train,100,20,0.854358,20000,134875
uma,metal_insulator,linear,train,100,21,0.816359,20000,134875
uma,metal_insulator,linear,train,100,22,0.823780,20000,134875
uma,metal_insulator,linear,train,100,23,0.828937,20000,134875
uma,metal_insulator,linear,train,100,24,0.843798,20000,134875
uma,metal_insulator,linear,train,100,25,0.829377,20000,134875
uma,metal_insulator,linear,train,100,26,0.828470,20000,134875
uma,metal_insulator,linear,train,100,27,0.820037,20000,134875
uma,metal_insulator,linear,train,100,28,0.828078,20000,134875
uma,metal_insulator,linear,train,100,29,0.821321,20000,134875
uma,metal_insulator,xgboost,train,200,0,0.831151,20000,134875
uma,metal_insulator,xgboost,train,200,1,0.841963,20000,134875
uma,metal_insulator,xgboost,train,200,2,0.839698,20000,134875
uma,metal_insulator,xgboost,train,200,3,0.837049,20000,134875
uma,metal_insulator,xgboost,train,200,4,0.837545,20000,134875
uma,metal_insulator,xgboost,train,200,5,0.832869,20000,134875
uma,metal_insulator,xgboost,train,200,6,0.845931,20000,134875
uma,metal_insulator,xgboost,train,200,7,0.844991,20000,134875
uma,metal_insulator,xgboost,train,200,8,0.834715,20000,134875
uma,metal_insulator,xgboost,train,200,9,0.841157,20000,134875
uma,metal_insulator,xgboost,train,200,10,0.839369,20000,134875
uma,metal_insulator,xgboost,train,200,11,0.841976,20000,134875
uma,metal_insulator,xgboost,train,200,12,0.841256,20000,134875
uma,metal_insulator,xgboost,train,200,13,0.836038,20000,134875
uma,metal_insulator,xgboost,train,200,14,0.834566,20000,134875
uma,metal_insulator,xgboost,train,200,15,0.850888,20000,134875
uma,metal_insulator,xgboost,train,200,16,0.838200,20000,134875
uma,metal_insulator,xgboost,train,200,17,0.845874,20000,134875
uma,metal_insulator,xgboost,train,200,18,0.844329,20000,134875
uma,metal_insulator,xgboost,train,200,19,0.844627,20000,134875
uma,metal_insulator,xgboost,train,200,20,0.840874,20000,134875
uma,metal_insulator,xgboost,train,200,21,0.847323,20000,134875
uma,metal_insulator,xgboost,train,200,22,0.825082,20000,134875
uma,metal_insulator,xgboost,train,200,23,0.842817,20000,134875
uma,metal_insulator,xgboost,train,200,24,0.843375,20000,134875
uma,metal_insulator,xgboost,train,200,25,0.839126,20000,134875
uma,metal_insulator,xgboost,train,200,26,0.853567,20000,134875
uma,metal_insulator,xgboost,train,200,27,0.839922,20000,134875
uma,metal_insulator,xgboost,train,200,28,0.832618,20000,134875
uma,metal_insulator,xgboost,train,200,29,0.831627,20000,134875
uma,metal_insulator,linear,train,200,0,0.821477,20000,134875
uma,metal_insulator,linear,train,200,1,0.838004,20000,134875
uma,metal_insulator,linear,train,200,2,0.844502,20000,134875
uma,metal_insulator,linear,train,200,3,0.837093,20000,134875
uma,metal_insulator,linear,train,200,4,0.833697,20000,134875
uma,metal_insulator,linear,train,200,5,0.812005,20000,134875
uma,metal_insulator,linear,train,200,6,0.838149,20000,134875
uma,metal_insulator,linear,train,200,7,0.840059,20000,134875
uma,metal_insulator,linear,train,200,8,0.825285,20000,134875
uma,metal_insulator,linear,train,200,9,0.823413,20000,134875
uma,metal_insulator,linear,train,200,10,0.845608,20000,134875
uma,metal_insulator,linear,train,200,11,0.838056,20000,134875
uma,metal_insulator,linear,train,200,12,0.839290,20000,134875
uma,metal_insulator,linear,train,200,13,0.849256,20000,134875
uma,metal_insulator,linear,train,200,14,0.800994,20000,134875
uma,metal_insulator,linear,train,200,15,0.857274,20000,134875
uma,metal_insulator,linear,train,200,16,0.831348,20000,134875
uma,metal_insulator,linear,train,200,17,0.828617,20000,134875
uma,metal_insulator,linear,train,200,18,0.844950,20000,134875
uma,metal_insulator,linear,train,200,19,0.850177,20000,134875
uma,metal_insulator,linear,train,200,20,0.832420,20000,134875
uma,metal_insulator,linear,train,200,21,0.836326,20000,134875
uma,metal_insulator,linear,train,200,22,0.808854,20000,134875
uma,metal_insulator,linear,train,200,23,0.839412,20000,134875
uma,metal_insulator,linear,train,200,24,0.836284,20000,134875
uma,metal_insulator,linear,train,200,25,0.845317,20000,134875
uma,metal_insulator,linear,train,200,26,0.836556,20000,134875
uma,metal_insulator,linear,train,200,27,0.817260,20000,134875
uma,metal_insulator,linear,train,200,28,0.836810,20000,134875
uma,metal_insulator,linear,train,200,29,0.822085,20000,134875
uma,metal_insulator,xgboost,train,500,0,0.857118,20000,134875
uma,metal_insulator,xgboost,train,500,1,0.859215,20000,134875
uma,metal_insulator,xgboost,train,500,2,0.847698,20000,134875
uma,metal_insulator,xgboost,train,500,3,0.861339,20000,134875
uma,metal_insulator,xgboost,train,500,4,0.852626,20000,134875
uma,metal_insulator,xgboost,train,500,5,0.848489,20000,134875
uma,metal_insulator,xgboost,train,500,6,0.856373,20000,134875
uma,metal_insulator,xgboost,train,500,7,0.858003,20000,134875
uma,metal_insulator,xgboost,train,500,8,0.857242,20000,134875
uma,metal_insulator,xgboost,train,500,9,0.854564,20000,134875
uma,metal_insulator,xgboost,train,500,10,0.866268,20000,134875
uma,metal_insulator,xgboost,train,500,11,0.862833,20000,134875
uma,metal_insulator,xgboost,train,500,12,0.858255,20000,134875
uma,metal_insulator,xgboost,train,500,13,0.858438,20000,134875
uma,metal_insulator,xgboost,train,500,14,0.864165,20000,134875
uma,metal_insulator,xgboost,train,500,15,0.863137,20000,134875
uma,metal_insulator,xgboost,train,500,16,0.865763,20000,134875
uma,metal_insulator,xgboost,train,500,17,0.867979,20000,134875
uma,metal_insulator,xgboost,train,500,18,0.865554,20000,134875
uma,metal_insulator,xgboost,train,500,19,0.859608,20000,134875
uma,metal_insulator,xgboost,train,500,20,0.855791,20000,134875
uma,metal_insulator,xgboost,train,500,21,0.857570,20000,134875
uma,metal_insulator,xgboost,train,500,22,0.853165,20000,134875
uma,metal_insulator,xgboost,train,500,23,0.858324,20000,134875
uma,metal_insulator,xgboost,train,500,24,0.858894,20000,134875
uma,metal_insulator,xgboost,train,500,25,0.858891,20000,134875
uma,metal_insulator,xgboost,train,500,26,0.861898,20000,134875
uma,metal_insulator,xgboost,train,500,27,0.865633,20000,134875
uma,metal_insulator,xgboost,train,500,28,0.852080,20000,134875
uma,metal_insulator,xgboost,train,500,29,0.853459,20000,134875
uma,metal_insulator,linear,train,500,0,0.852559,20000,134875
uma,metal_insulator,linear,train,500,1,0.851086,20000,134875
uma,metal_insulator,linear,train,500,2,0.841548,20000,134875
uma,metal_insulator,linear,train,500,3,0.847034,20000,134875
uma,metal_insulator,linear,train,500,4,0.843600,20000,134875
uma,metal_insulator,linear,train,500,5,0.825875,20000,134875
uma,metal_insulator,linear,train,500,6,0.827710,20000,134875
uma,metal_insulator,linear,train,500,7,0.839014,20000,134875
uma,metal_insulator,linear,train,500,8,0.843468,20000,134875
uma,metal_insulator,linear,train,500,9,0.839252,20000,134875
uma,metal_insulator,linear,train,500,10,0.855519,20000,134875
uma,metal_insulator,linear,train,500,11,0.849033,20000,134875
uma,metal_insulator,linear,train,500,12,0.848135,20000,134875
uma,metal_insulator,linear,train,500,13,0.836053,20000,134875
uma,metal_insulator,linear,train,500,14,0.842137,20000,134875
uma,metal_insulator,linear,train,500,15,0.835469,20000,134875
uma,metal_insulator,linear,train,500,16,0.846201,20000,134875
uma,metal_insulator,linear,train,500,17,0.857505,20000,134875
uma,metal_insulator,linear,train,500,18,0.848461,20000,134875
uma,metal_insulator,linear,train,500,19,0.839295,20000,134875
uma,metal_insulator,linear,train,500,20,0.854107,20000,134875
uma,metal_insulator,linear,train,500,21,0.850787,20000,134875
uma,metal_insulator,linear,train,500,22,0.844389,20000,134875
uma,metal_insulator,linear,train,500,23,0.844639,20000,134875
uma,metal_insulator,linear,train,500,24,0.847404,20000,134875
uma,metal_insulator,linear,train,500,25,0.845135,20000,134875
uma,metal_insulator,linear,train,500,26,0.841228,20000,134875
uma,metal_insulator,linear,train,500,27,0.849056,20000,134875
uma,metal_insulator,linear,train,500,28,0.842019,20000,134875
uma,metal_insulator,linear,train,500,29,0.854116,20000,134875
uma,metal_insulator,xgboost,train,1000,0,0.874167,20000,134875
uma,metal_insulator,xgboost,train,1000,1,0.869945,20000,134875
uma,metal_insulator,xgboost,train,1000,2,0.861573,20000,134875
uma,metal_insulator,xgboost,train,1000,3,0.867572,20000,134875
uma,metal_insulator,xgboost,train,1000,4,0.868399,20000,134875
uma,metal_insulator,xgboost,train,1000,5,0.870154,20000,134875
uma,metal_insulator,xgboost,train,1000,6,0.871682,20000,134875
uma,metal_insulator,xgboost,train,1000,7,0.872141,20000,134875
uma,metal_insulator,xgboost,train,1000,8,0.870451,20000,134875
uma,metal_insulator,xgboost,train,1000,9,0.869202,20000,134875
uma,metal_insulator,xgboost,train,1000,10,0.876031,20000,134875
uma,metal_insulator,xgboost,train,1000,11,0.862909,20000,134875
uma,metal_insulator,xgboost,train,1000,12,0.871305,20000,134875
uma,metal_insulator,xgboost,train,1000,13,0.869377,20000,134875
uma,metal_insulator,xgboost,train,1000,14,0.871578,20000,134875
uma,metal_insulator,xgboost,train,1000,15,0.871371,20000,134875
uma,metal_insulator,xgboost,train,1000,16,0.866906,20000,134875
uma,metal_insulator,xgboost,train,1000,17,0.865177,20000,134875
uma,metal_insulator,xgboost,train,1000,18,0.865457,20000,134875
uma,metal_insulator,xgboost,train,1000,19,0.870036,20000,134875
uma,metal_insulator,xgboost,train,1000,20,0.876653,20000,134875
uma,metal_insulator,xgboost,train,1000,21,0.873406,20000,134875
uma,metal_insulator,xgboost,train,1000,22,0.869798,20000,134875
uma,metal_insulator,xgboost,train,1000,23,0.871492,20000,134875
uma,metal_insulator,xgboost,train,1000,24,0.870501,20000,134875
uma,metal_insulator,xgboost,train,1000,25,0.874332,20000,134875
uma,metal_insulator,xgboost,train,1000,26,0.869687,20000,134875
uma,metal_insulator,xgboost,train,1000,27,0.868137,20000,134875
uma,metal_insulator,xgboost,train,1000,28,0.871327,20000,134875
uma,metal_insulator,xgboost,train,1000,29,0.871488,20000,134875
uma,metal_insulator,linear,train,1000,0,0.863484,20000,134875
uma,metal_insulator,linear,train,1000,1,0.854925,20000,134875
uma,metal_insulator,linear,train,1000,2,0.842388,20000,134875
uma,metal_insulator,linear,train,1000,3,0.844121,20000,134875
uma,metal_insulator,linear,train,1000,4,0.851271,20000,134875
uma,metal_insulator,linear,train,1000,5,0.847260,20000,134875
uma,metal_insulator,linear,train,1000,6,0.842728,20000,134875
uma,metal_insulator,linear,train,1000,7,0.843810,20000,134875
uma,metal_insulator,linear,train,1000,8,0.845752,20000,134875
uma,metal_insulator,linear,train,1000,9,0.856675,20000,134875
uma,metal_insulator,linear,train,1000,10,0.853968,20000,134875
uma,metal_insulator,linear,train,1000,11,0.826281,20000,134875
uma,metal_insulator,linear,train,1000,12,0.852961,20000,134875
uma,metal_insulator,linear,train,1000,13,0.854714,20000,134875
uma,metal_insulator,linear,train,1000,14,0.844779,20000,134875
uma,metal_insulator,linear,train,1000,15,0.848911,20000,134875
uma,metal_insulator,linear,train,1000,16,0.848919,20000,134875
uma,metal_insulator,linear,train,1000,17,0.853001,20000,134875
uma,metal_insulator,linear,train,1000,18,0.846522,20000,134875
uma,metal_insulator,linear,train,1000,19,0.843842,20000,134875
uma,metal_insulator,linear,train,1000,20,0.847183,20000,134875
uma,metal_insulator,linear,train,1000,21,0.841884,20000,134875
uma,metal_insulator,linear,train,1000,22,0.844785,20000,134875
uma,metal_insulator,linear,train,1000,23,0.854455,20000,134875
uma,metal_insulator,linear,train,1000,24,0.847226,20000,134875
uma,metal_insulator,linear,train,1000,25,0.845597,20000,134875
uma,metal_insulator,linear,train,1000,26,0.847940,20000,134875
uma,metal_insulator,linear,train,1000,27,0.846133,20000,134875
uma,metal_insulator,linear,train,1000,28,0.848311,20000,134875
uma,metal_insulator,linear,train,1000,29,0.843381,20000,134875
uma,metal_insulator,xgboost,train,2000,0,0.877752,20000,134875
uma,metal_insulator,xgboost,train,2000,1,0.882468,20000,134875
uma,metal_insulator,xgboost,train,2000,2,0.878454,20000,134875
uma,metal_insulator,xgboost,train,2000,3,0.877610,20000,134875
uma,metal_insulator,xgboost,train,2000,4,0.883219,20000,134875
uma,metal_insulator,xgboost,train,2000,5,0.884415,20000,134875
uma,metal_insulator,xgboost,train,2000,6,0.881644,20000,134875
uma,metal_insulator,xgboost,train,2000,7,0.879424,20000,134875
uma,metal_insulator,xgboost,train,2000,8,0.874033,20000,134875
uma,metal_insulator,xgboost,train,2000,9,0.879985,20000,134875
uma,metal_insulator,xgboost,train,2000,10,0.878987,20000,134875
uma,metal_insulator,xgboost,train,2000,11,0.881329,20000,134875
uma,metal_insulator,xgboost,train,2000,12,0.881182,20000,134875
uma,metal_insulator,xgboost,train,2000,13,0.879383,20000,134875
uma,metal_insulator,xgboost,train,2000,14,0.878233,20000,134875
uma,metal_insulator,xgboost,train,2000,15,0.878491,20000,134875
uma,metal_insulator,xgboost,train,2000,16,0.879160,20000,134875
uma,metal_insulator,xgboost,train,2000,17,0.881552,20000,134875
uma,metal_insulator,xgboost,train,2000,18,0.879891,20000,134875
uma,metal_insulator,xgboost,train,2000,19,0.880829,20000,134875
uma,metal_insulator,xgboost,train,2000,20,0.884654,20000,134875
uma,metal_insulator,xgboost,train,2000,21,0.881918,20000,134875
uma,metal_insulator,xgboost,train,2000,22,0.879043,20000,134875
uma,metal_insulator,xgboost,train,2000,23,0.879144,20000,134875
uma,metal_insulator,xgboost,train,2000,24,0.881177,20000,134875
uma,metal_insulator,xgboost,train,2000,25,0.882101,20000,134875
uma,metal_insulator,xgboost,train,2000,26,0.878445,20000,134875
uma,metal_insulator,xgboost,train,2000,27,0.876883,20000,134875
uma,metal_insulator,xgboost,train,2000,28,0.884275,20000,134875
uma,metal_insulator,xgboost,train,2000,29,0.881693,20000,134875
uma,metal_insulator,linear,train,2000,0,0.860720,20000,134875
uma,metal_insulator,linear,train,2000,1,0.862364,20000,134875
uma,metal_insulator,linear,train,2000,2,0.862375,20000,134875
uma,metal_insulator,linear,train,2000,3,0.858915,20000,134875
uma,metal_insulator,linear,train,2000,4,0.864455,20000,134875
uma,metal_insulator,linear,train,2000,5,0.861923,20000,134875
uma,metal_insulator,linear,train,2000,6,0.860576,20000,134875
uma,metal_insulator,linear,train,2000,7,0.862720,20000,134875
uma,metal_insulator,linear,train,2000,8,0.855197,20000,134875
uma,metal_insulator,linear,train,2000,9,0.863417,20000,134875
uma,metal_insulator,linear,train,2000,10,0.856218,20000,134875
uma,metal_insulator,linear,train,2000,11,0.861359,20000,134875
uma,metal_insulator,linear,train,2000,12,0.856750,20000,134875
uma,metal_insulator,linear,train,2000,13,0.857348,20000,134875
uma,metal_insulator,linear,train,2000,14,0.849908,20000,134875
uma,metal_insulator,linear,train,2000,15,0.858226,20000,134875
uma,metal_insulator,linear,train,2000,16,0.860658,20000,134875
uma,metal_insulator,linear,train,2000,17,0.861836,20000,134875
uma,metal_insulator,linear,train,2000,18,0.850347,20000,134875
uma,metal_insulator,linear,train,2000,19,0.869775,20000,134875
uma,metal_insulator,linear,train,2000,20,0.854255,20000,134875
uma,metal_insulator,linear,train,2000,21,0.860743,20000,134875
uma,metal_insulator,linear,train,2000,22,0.865156,20000,134875
uma,metal_insulator,linear,train,2000,23,0.861680,20000,134875
uma,metal_insulator,linear,train,2000,24,0.860534,20000,134875
uma,metal_insulator,linear,train,2000,25,0.864488,20000,134875
uma,metal_insulator,linear,train,2000,26,0.861656,20000,134875
uma,metal_insulator,linear,train,2000,27,0.860891,20000,134875
uma,metal_insulator,linear,train,2000,28,0.859570,20000,134875
uma,metal_insulator,linear,train,2000,29,0.859841,20000,134875
uma,metal_insulator,xgboost,train,5000,0,0.888826,20000,134875
uma,metal_insulator,xgboost,train,5000,1,0.888757,20000,134875
uma,metal_insulator,xgboost,train,5000,2,0.891273,20000,134875
uma,metal_insulator,xgboost,train,5000,3,0.895310,20000,134875
uma,metal_insulator,xgboost,train,5000,4,0.887309,20000,134875
uma,metal_insulator,xgboost,train,5000,5,0.894052,20000,134875
uma,metal_insulator,xgboost,train,5000,6,0.890834,20000,134875
uma,metal_insulator,xgboost,train,5000,7,0.890960,20000,134875
uma,metal_insulator,xgboost,train,5000,8,0.889699,20000,134875
uma,metal_insulator,xgboost,train,5000,9,0.890341,20000,134875
uma,metal_insulator,linear,train,5000,0,0.876459,20000,134875
uma,metal_insulator,linear,train,5000,1,0.878236,20000,134875
uma,metal_insulator,linear,train,5000,2,0.878564,20000,134875
uma,metal_insulator,linear,train,5000,3,0.878409,20000,134875
uma,metal_insulator,linear,train,5000,4,0.874262,20000,134875
uma,metal_insulator,linear,train,5000,5,0.883836,20000,134875
uma,metal_insulator,linear,train,5000,6,0.879985,20000,134875
uma,metal_insulator,linear,train,5000,7,0.879331,20000,134875
uma,metal_insulator,linear,train,5000,8,0.876270,20000,134875
uma,metal_insulator,linear,train,5000,9,0.880460,20000,134875
uma,metal_insulator,xgboost,train,7000,0,0.891384,20000,134875
uma,metal_insulator,xgboost,train,7000,1,0.894973,20000,134875
uma,metal_insulator,xgboost,train,7000,2,0.894048,20000,134875
uma,metal_insulator,xgboost,train,7000,3,0.892750,20000,134875
uma,metal_insulator,xgboost,train,7000,4,0.895207,20000,134875
uma,metal_insulator,xgboost,train,7000,5,0.896937,20000,134875
uma,metal_insulator,xgboost,train,7000,6,0.896118,20000,134875
uma,metal_insulator,linear,train,7000,0,0.881945,20000,134875
uma,metal_insulator,linear,train,7000,1,0.882230,20000,134875
uma,metal_insulator,linear,train,7000,2,0.884839,20000,134875
uma,metal_insulator,linear,train,7000,3,0.882702,20000,134875
uma,metal_insulator,linear,train,7000,4,0.882818,20000,134875
uma,metal_insulator,linear,train,7000,5,0.881607,20000,134875
uma,metal_insulator,linear,train,7000,6,0.881886,20000,134875
uma,metal_insulator,xgboost,train,10000,0,0.898989,20000,134875
uma,metal_insulator,xgboost,train,10000,1,0.898046,20000,134875
uma,metal_insulator,xgboost,train,10000,2,0.898418,20000,134875
uma,metal_insulator,xgboost,train,10000,3,0.896794,20000,134875
uma,metal_insulator,xgboost,train,10000,4,0.900220,20000,134875
uma,metal_insulator,xgboost,train,10000,5,0.899856,20000,134875
uma,metal_insulator,xgboost,train,10000,6,0.897339,20000,134875
uma,metal_insulator,linear,train,10000,0,0.886027,20000,134875
uma,metal_insulator,linear,train,10000,1,0.886075,20000,134875
uma,metal_insulator,linear,train,10000,2,0.884847,20000,134875
uma,metal_insulator,linear,train,10000,3,0.885904,20000,134875
uma,metal_insulator,linear,train,10000,4,0.888109,20000,134875
uma,metal_insulator,linear,train,10000,5,0.887724,20000,134875
uma,metal_insulator,linear,train,10000,6,0.885560,20000,134875
uma,metal_insulator,xgboost,train,20000,0,0.906420,20000,134875
uma,metal_insulator,xgboost,train,20000,1,0.904613,20000,134875
uma,metal_insulator,xgboost,train,20000,2,0.903753,20000,134875
uma,metal_insulator,xgboost,train,20000,3,0.904778,20000,134875
uma,metal_insulator,xgboost,train,20000,4,0.908265,20000,134875
uma,metal_insulator,xgboost,train,20000,5,0.906029,20000,134875
uma,metal_insulator,linear,train,20000,0,0.890931,20000,134875
uma,metal_insulator,linear,train,20000,1,0.888499,20000,134875
uma,metal_insulator,linear,train,20000,2,0.888348,20000,134875
uma,metal_insulator,linear,train,20000,3,0.890050,20000,134875
uma,metal_insulator,linear,train,20000,4,0.890630,20000,134875
uma,metal_insulator,linear,train,20000,5,0.891035,20000,134875
uma,magnetic_label,xgboost,train,50,0,0.723091,20000,134875
uma,magnetic_label,xgboost,train,50,1,0.669488,20000,134875
uma,magnetic_label,xgboost,train,50,2,0.709870,20000,134875
uma,magnetic_label,xgboost,train,50,3,0.703434,20000,134875
uma,magnetic_label,xgboost,train,50,4,0.736626,20000,134875
uma,magnetic_label,xgboost,train,50,5,0.715100,20000,134875
uma,magnetic_label,xgboost,train,50,6,0.683739,20000,134875
uma,magnetic_label,xgboost,train,50,7,0.641650,20000,134875
uma,magnetic_label,xgboost,train,50,8,0.720284,20000,134875
uma,magnetic_label,xgboost,train,50,9,0.753945,20000,134875
uma,magnetic_label,xgboost,train,50,10,0.681046,20000,134875
uma,magnetic_label,xgboost,train,50,11,0.641505,20000,134875
uma,magnetic_label,xgboost,train,50,12,0.711458,20000,134875
uma,magnetic_label,xgboost,train,50,13,0.632640,20000,134875
uma,magnetic_label,xgboost,train,50,14,0.690282,20000,134875
uma,magnetic_label,xgboost,train,50,15,0.717094,20000,134875
uma,magnetic_label,xgboost,train,50,16,0.663038,20000,134875
uma,magnetic_label,xgboost,train,50,17,0.717628,20000,134875
uma,magnetic_label,xgboost,train,50,18,0.720212,20000,134875
uma,magnetic_label,xgboost,train,50,19,0.696223,20000,134875
uma,magnetic_label,xgboost,train,50,20,0.718165,20000,134875
uma,magnetic_label,xgboost,train,50,21,0.699206,20000,134875
uma,magnetic_label,xgboost,train,50,22,0.687146,20000,134875
uma,magnetic_label,xgboost,train,50,23,0.727650,20000,134875
uma,magnetic_label,xgboost,train,50,24,0.637198,20000,134875
uma,magnetic_label,xgboost,train,50,25,0.730333,20000,134875
uma,magnetic_label,xgboost,train,50,26,0.690272,20000,134875
uma,magnetic_label,xgboost,train,50,27,0.725015,20000,134875
uma,magnetic_label,xgboost,train,50,28,0.675402,20000,134875
uma,magnetic_label,xgboost,train,50,29,0.584462,20000,134875
uma,magnetic_label,linear,train,50,0,0.777042,20000,134875
uma,magnetic_label,linear,train,50,1,0.744989,20000,134875
uma,magnetic_label,linear,train,50,2,0.763086,20000,134875
uma,magnetic_label,linear,train,50,3,0.716226,20000,134875
uma,magnetic_label,linear,train,50,4,0.735481,20000,134875
uma,magnetic_label,linear,train,50,5,0.724409,20000,134875
uma,magnetic_label,linear,train,50,6,0.752404,20000,134875
uma,magnetic_label,linear,train,50,7,0.716953,20000,134875
uma,magnetic_label,linear,train,50,8,0.727944,20000,134875
uma,magnetic_label,linear,train,50,9,0.776194,20000,134875
uma,magnetic_label,linear,train,50,10,0.730523,20000,134875
uma,magnetic_label,linear,train,50,11,0.670831,20000,134875
uma,magnetic_label,linear,train,50,12,0.767125,20000,134875
uma,magnetic_label,linear,train,50,13,0.696658,20000,134875
uma,magnetic_label,linear,train,50,14,0.696492,20000,134875
uma,magnetic_label,linear,train,50,15,0.726419,20000,134875
uma,magnetic_label,linear,train,50,16,0.737565,20000,134875
uma,magnetic_label,linear,train,50,17,0.746627,20000,134875
uma,magnetic_label,linear,train,50,18,0.785550,20000,134875
uma,magnetic_label,linear,train,50,19,0.704159,20000,134875
uma,magnetic_label,linear,train,50,20,0.735005,20000,134875
uma,magnetic_label,linear,train,50,21,0.734633,20000,134875
uma,magnetic_label,linear,train,50,22,0.723278,20000,134875
uma,magnetic_label,linear,train,50,23,0.686899,20000,134875
uma,magnetic_label,linear,train,50,24,0.688063,20000,134875
uma,magnetic_label,linear,train,50,25,0.736796,20000,134875
uma,magnetic_label,linear,train,50,26,0.705944,20000,134875
uma,magnetic_label,linear,train,50,27,0.755151,20000,134875
uma,magnetic_label,linear,train,50,28,0.699968,20000,134875
uma,magnetic_label,linear,train,50,29,0.700289,20000,134875
uma,magnetic_label,xgboost,train,100,0,0.741917,20000,134875
uma,magnetic_label,xgboost,train,100,1,0.762388,20000,134875
uma,magnetic_label,xgboost,train,100,2,0.749449,20000,134875
uma,magnetic_label,xgboost,train,100,3,0.691549,20000,134875
uma,magnetic_label,xgboost,train,100,4,0.735329,20000,134875
uma,magnetic_label,xgboost,train,100,5,0.743101,20000,134875
uma,magnetic_label,xgboost,train,100,6,0.749916,20000,134875
uma,magnetic_label,xgboost,train,100,7,0.763212,20000,134875
uma,magnetic_label,xgboost,train,100,8,0.752630,20000,134875
uma,magnetic_label,xgboost,train,100,9,0.767081,20000,134875
uma,magnetic_label,xgboost,train,100,10,0.750275,20000,134875
uma,magnetic_label,xgboost,train,100,11,0.740590,20000,134875
uma,magnetic_label,xgboost,train,100,12,0.695745,20000,134875
uma,magnetic_label,xgboost,train,100,13,0.755141,20000,134875
uma,magnetic_label,xgboost,train,100,14,0.736790,20000,134875
uma,magnetic_label,xgboost,train,100,15,0.778059,20000,134875
uma,magnetic_label,xgboost,train,100,16,0.722662,20000,134875
uma,magnetic_label,xgboost,train,100,17,0.756650,20000,134875
uma,magnetic_label,xgboost,train,100,18,0.715060,20000,134875
uma,magnetic_label,xgboost,train,100,19,0.782414,20000,134875
uma,magnetic_label,xgboost,train,100,20,0.752532,20000,134875
uma,magnetic_label,xgboost,train,100,21,0.747105,20000,134875
uma,magnetic_label,xgboost,train,100,22,0.719798,20000,134875
uma,magnetic_label,xgboost,train,100,23,0.739127,20000,134875
uma,magnetic_label,xgboost,train,100,24,0.736436,20000,134875
uma,magnetic_label,xgboost,train,100,25,0.711243,20000,134875
uma,magnetic_label,xgboost,train,100,26,0.711586,20000,134875
uma,magnetic_label,xgboost,train,100,27,0.782080,20000,134875
uma,magnetic_label,xgboost,train,100,28,0.736012,20000,134875
uma,magnetic_label,xgboost,train,100,29,0.741441,20000,134875
uma,magnetic_label,linear,train,100,0,0.734611,20000,134875
uma,magnetic_label,linear,train,100,1,0.781091,20000,134875
uma,magnetic_label,linear,train,100,2,0.771376,20000,134875
uma,magnetic_label,linear,train,100,3,0.732546,20000,134875
uma,magnetic_label,linear,train,100,4,0.778773,20000,134875
uma,magnetic_label,linear,train,100,5,0.788793,20000,134875
uma,magnetic_label,linear,train,100,6,0.732719,20000,134875
uma,magnetic_label,linear,train,100,7,0.790462,20000,134875
uma,magnetic_label,linear,train,100,8,0.795248,20000,134875
uma,magnetic_label,linear,train,100,9,0.788901,20000,134875
uma,magnetic_label,linear,train,100,10,0.746936,20000,134875
uma,magnetic_label,linear,train,100,11,0.723934,20000,134875
uma,magnetic_label,linear,train,100,12,0.749650,20000,134875
uma,magnetic_label,linear,train,100,13,0.752600,20000,134875
uma,magnetic_label,linear,train,100,14,0.790979,20000,134875
uma,magnetic_label,linear,train,100,15,0.785108,20000,134875
uma,magnetic_label,linear,train,100,16,0.741417,20000,134875
uma,magnetic_label,linear,train,100,17,0.780694,20000,134875
uma,magnetic_label,linear,train,100,18,0.755637,20000,134875
uma,magnetic_label,linear,train,100,19,0.802238,20000,134875
uma,magnetic_label,linear,train,100,20,0.777349,20000,134875
uma,magnetic_label,linear,train,100,21,0.763467,20000,134875
uma,magnetic_label,linear,train,100,22,0.741487,20000,134875
uma,magnetic_label,linear,train,100,23,0.770877,20000,134875
uma,magnetic_label,linear,train,100,24,0.773950,20000,134875
uma,magnetic_label,linear,train,100,25,0.749062,20000,134875
uma,magnetic_label,linear,train,100,26,0.719099,20000,134875
uma,magnetic_label,linear,train,100,27,0.797120,20000,134875
uma,magnetic_label,linear,train,100,28,0.769078,20000,134875
uma,magnetic_label,linear,train,100,29,0.748222,20000,134875
uma,magnetic_label,xgboost,train,200,0,0.785796,20000,134875
uma,magnetic_label,xgboost,train,200,1,0.804031,20000,134875
uma,magnetic_label,xgboost,train,200,2,0.767531,20000,134875
uma,magnetic_label,xgboost,train,200,3,0.787533,20000,134875
uma,magnetic_label,xgboost,train,200,4,0.771986,20000,134875
uma,magnetic_label,xgboost,train,200,5,0.779176,20000,134875
uma,magnetic_label,xgboost,train,200,6,0.791369,20000,134875
uma,magnetic_label,xgboost,train,200,7,0.794240,20000,134875
uma,magnetic_label,xgboost,train,200,8,0.778056,20000,134875
uma,magnetic_label,xgboost,train,200,9,0.804017,20000,134875
uma,magnetic_label,xgboost,train,200,10,0.798889,20000,134875
uma,magnetic_label,xgboost,train,200,11,0.774545,20000,134875
uma,magnetic_label,xgboost,train,200,12,0.794895,20000,134875
uma,magnetic_label,xgboost,train,200,13,0.782581,20000,134875
uma,magnetic_label,xgboost,train,200,14,0.792994,20000,134875
uma,magnetic_label,xgboost,train,200,15,0.795378,20000,134875
uma,magnetic_label,xgboost,train,200,16,0.771378,20000,134875
uma,magnetic_label,xgboost,train,200,17,0.808279,20000,134875
uma,magnetic_label,xgboost,train,200,18,0.779924,20000,134875
uma,magnetic_label,xgboost,train,200,19,0.791917,20000,134875
uma,magnetic_label,xgboost,train,200,20,0.777766,20000,134875
uma,magnetic_label,xgboost,train,200,21,0.772566,20000,134875
uma,magnetic_label,xgboost,train,200,22,0.784903,20000,134875
uma,magnetic_label,xgboost,train,200,23,0.792086,20000,134875
uma,magnetic_label,xgboost,train,200,24,0.784156,20000,134875
uma,magnetic_label,xgboost,train,200,25,0.756101,20000,134875
uma,magnetic_label,xgboost,train,200,26,0.802052,20000,134875
uma,magnetic_label,xgboost,train,200,27,0.775214,20000,134875
uma,magnetic_label,xgboost,train,200,28,0.768054,20000,134875
uma,magnetic_label,xgboost,train,200,29,0.794591,20000,134875
uma,magnetic_label,linear,train,200,0,0.797099,20000,134875
uma,magnetic_label,linear,train,200,1,0.805744,20000,134875
uma,magnetic_label,linear,train,200,2,0.761135,20000,134875
uma,magnetic_label,linear,train,200,3,0.790704,20000,134875
uma,magnetic_label,linear,train,200,4,0.787825,20000,134875
uma,magnetic_label,linear,train,200,5,0.791724,20000,134875
uma,magnetic_label,linear,train,200,6,0.800474,20000,134875
uma,magnetic_label,linear,train,200,7,0.815988,20000,134875
uma,magnetic_label,linear,train,200,8,0.788518,20000,134875
uma,magnetic_label,linear,train,200,9,0.823909,20000,134875
uma,magnetic_label,linear,train,200,10,0.789673,20000,134875
uma,magnetic_label,linear,train,200,11,0.773950,20000,134875
uma,magnetic_label,linear,train,200,12,0.799124,20000,134875
uma,magnetic_label,linear,train,200,13,0.800474,20000,134875
uma,magnetic_label,linear,train,200,14,0.780896,20000,134875
uma,magnetic_label,linear,train,200,15,0.800306,20000,134875
uma,magnetic_label,linear,train,200,16,0.796279,20000,134875
uma,magnetic_label,linear,train,200,17,0.806394,20000,134875
uma,magnetic_label,linear,train,200,18,0.787266,20000,134875
uma,magnetic_label,linear,train,200,19,0.788979,20000,134875
uma,magnetic_label,linear,train,200,20,0.812976,20000,134875
uma,magnetic_label,linear,train,200,21,0.787325,20000,134875
uma,magnetic_label,linear,train,200,22,0.813177,20000,134875
uma,magnetic_label,linear,train,200,23,0.799673,20000,134875
uma,magnetic_label,linear,train,200,24,0.796653,20000,134875
uma,magnetic_label,linear,train,200,25,0.752466,20000,134875
uma,magnetic_label,linear,train,200,26,0.795204,20000,134875
uma,magnetic_label,linear,train,200,27,0.792265,20000,134875
uma,magnetic_label,linear,train,200,28,0.796345,20000,134875
uma,magnetic_label,linear,train,200,29,0.810787,20000,134875
uma,magnetic_label,xgboost,train,500,0,0.837910,20000,134875
uma,magnetic_label,xgboost,train,500,1,0.828288,20000,134875
uma,magnetic_label,xgboost,train,500,2,0.829578,20000,134875
uma,magnetic_label,xgboost,train,500,3,0.824559,20000,134875
uma,magnetic_label,xgboost,train,500,4,0.839388,20000,134875
uma,magnetic_label,xgboost,train,500,5,0.839677,20000,134875
uma,magnetic_label,xgboost,train,500,6,0.817343,20000,134875
uma,magnetic_label,xgboost,train,500,7,0.813803,20000,134875
uma,magnetic_label,xgboost,train,500,8,0.830199,20000,134875
uma,magnetic_label,xgboost,train,500,9,0.824929,20000,134875
uma,magnetic_label,xgboost,train,500,10,0.820997,20000,134875
uma,magnetic_label,xgboost,train,500,11,0.829084,20000,134875
uma,magnetic_label,xgboost,train,500,12,0.829229,20000,134875
uma,magnetic_label,xgboost,train,500,13,0.828691,20000,134875
uma,magnetic_label,xgboost,train,500,14,0.832006,20000,134875
uma,magnetic_label,xgboost,train,500,15,0.820967,20000,134875
uma,magnetic_label,xgboost,train,500,16,0.819898,20000,134875
uma,magnetic_label,xgboost,train,500,17,0.813997,20000,134875
uma,magnetic_label,xgboost,train,500,18,0.829648,20000,134875
uma,magnetic_label,xgboost,train,500,19,0.829754,20000,134875
uma,magnetic_label,xgboost,train,500,20,0.820208,20000,134875
uma,magnetic_label,xgboost,train,500,21,0.818131,20000,134875
uma,magnetic_label,xgboost,train,500,22,0.839340,20000,134875
uma,magnetic_label,xgboost,train,500,23,0.824689,20000,134875
uma,magnetic_label,xgboost,train,500,24,0.834404,20000,134875
uma,magnetic_label,xgboost,train,500,25,0.814351,20000,134875
uma,magnetic_label,xgboost,train,500,26,0.822224,20000,134875
uma,magnetic_label,xgboost,train,500,27,0.829000,20000,134875
uma,magnetic_label,xgboost,train,500,28,0.817900,20000,134875
uma,magnetic_label,xgboost,train,500,29,0.840594,20000,134875
uma,magnetic_label,linear,train,500,0,0.831202,20000,134875
uma,magnetic_label,linear,train,500,1,0.832057,20000,134875
uma,magnetic_label,linear,train,500,2,0.822748,20000,134875
uma,magnetic_label,linear,train,500,3,0.814248,20000,134875
uma,magnetic_label,linear,train,500,4,0.839471,20000,134875
uma,magnetic_label,linear,train,500,5,0.825869,20000,134875
uma,magnetic_label,linear,train,500,6,0.819195,20000,134875
uma,magnetic_label,linear,train,500,7,0.815501,20000,134875
uma,magnetic_label,linear,train,500,8,0.822632,20000,134875
uma,magnetic_label,linear,train,500,9,0.814403,20000,134875
uma,magnetic_label,linear,train,500,10,0.807674,20000,134875
uma,magnetic_label,linear,train,500,11,0.817435,20000,134875
uma,magnetic_label,linear,train,500,12,0.822331,20000,134875
uma,magnetic_label,linear,train,500,13,0.830436,20000,134875
uma,magnetic_label,linear,train,500,14,0.808870,20000,134875
uma,magnetic_label,linear,train,500,15,0.804518,20000,134875
uma,magnetic_label,linear,train,500,16,0.802041,20000,134875
uma,magnetic_label,linear,train,500,17,0.796648,20000,134875
uma,magnetic_label,linear,train,500,18,0.822350,20000,134875
uma,magnetic_label,linear,train,500,19,0.823794,20000,134875
uma,magnetic_label,linear,train,500,20,0.818572,20000,134875
uma,magnetic_label,linear,train,500,21,0.817309,20000,134875
uma,magnetic_label,linear,train,500,22,0.825360,20000,134875
uma,magnetic_label,linear,train,500,23,0.817509,20000,134875
uma,magnetic_label,linear,train,500,24,0.825110,20000,134875
uma,magnetic_label,linear,train,500,25,0.805407,20000,134875
uma,magnetic_label,linear,train,500,26,0.817525,20000,134875
uma,magnetic_label,linear,train,500,27,0.808315,20000,134875
uma,magnetic_label,linear,train,500,28,0.806174,20000,134875
uma,magnetic_label,linear,train,500,29,0.812829,20000,134875
uma,magnetic_label,xgboost,train,1000,0,0.850505,20000,134875
uma,magnetic_label,xgboost,train,1000,1,0.855571,20000,134875
uma,magnetic_label,xgboost,train,1000,2,0.851189,20000,134875
uma,magnetic_label,xgboost,train,1000,3,0.844932,20000,134875
uma,magnetic_label,xgboost,train,1000,4,0.847763,20000,134875
uma,magnetic_label,xgboost,train,1000,5,0.839195,20000,134875
uma,magnetic_label,xgboost,train,1000,6,0.852226,20000,134875
uma,magnetic_label,xgboost,train,1000,7,0.846589,20000,134875
uma,magnetic_label,xgboost,train,1000,8,0.849080,20000,134875
uma,magnetic_label,xgboost,train,1000,9,0.853131,20000,134875
uma,magnetic_label,xgboost,train,1000,10,0.846160,20000,134875
uma,magnetic_label,xgboost,train,1000,11,0.844872,20000,134875
uma,magnetic_label,xgboost,train,1000,12,0.842878,20000,134875
uma,magnetic_label,xgboost,train,1000,13,0.844103,20000,134875
uma,magnetic_label,xgboost,train,1000,14,0.845885,20000,134875
uma,magnetic_label,xgboost,train,1000,15,0.849388,20000,134875
uma,magnetic_label,xgboost,train,1000,16,0.852836,20000,134875
uma,magnetic_label,xgboost,train,1000,17,0.847262,20000,134875
uma,magnetic_label,xgboost,train,1000,18,0.855381,20000,134875
uma,magnetic_label,xgboost,train,1000,19,0.844813,20000,134875
uma,magnetic_label,xgboost,train,1000,20,0.851421,20000,134875
uma,magnetic_label,xgboost,train,1000,21,0.854478,20000,134875
uma,magnetic_label,xgboost,train,1000,22,0.841903,20000,134875
uma,magnetic_label,xgboost,train,1000,23,0.839543,20000,134875
uma,magnetic_label,xgboost,train,1000,24,0.841734,20000,134875
uma,magnetic_label,xgboost,train,1000,25,0.845857,20000,134875
uma,magnetic_label,xgboost,train,1000,26,0.847418,20000,134875
uma,magnetic_label,xgboost,train,1000,27,0.845786,20000,134875
uma,magnetic_label,xgboost,train,1000,28,0.838302,20000,134875
uma,magnetic_label,xgboost,train,1000,29,0.842298,20000,134875
uma,magnetic_label,linear,train,1000,0,0.832708,20000,134875
uma,magnetic_label,linear,train,1000,1,0.822235,20000,134875
uma,magnetic_label,linear,train,1000,2,0.816439,20000,134875
uma,magnetic_label,linear,train,1000,3,0.825927,20000,134875
uma,magnetic_label,linear,train,1000,4,0.822959,20000,134875
uma,magnetic_label,linear,train,1000,5,0.809216,20000,134875
uma,magnetic_label,linear,train,1000,6,0.837379,20000,134875
uma,magnetic_label,linear,train,1000,7,0.816530,20000,134875
uma,magnetic_label,linear,train,1000,8,0.839313,20000,134875
uma,magnetic_label,linear,train,1000,9,0.828324,20000,134875
uma,magnetic_label,linear,train,1000,10,0.834331,20000,134875
uma,magnetic_label,linear,train,1000,11,0.831004,20000,134875
uma,magnetic_label,linear,train,1000,12,0.822832,20000,134875
uma,magnetic_label,linear,train,1000,13,0.819730,20000,134875
uma,magnetic_label,linear,train,1000,14,0.820019,20000,134875
uma,magnetic_label,linear,train,1000,15,0.824963,20000,134875
uma,magnetic_label,linear,train,1000,16,0.824751,20000,134875
uma,magnetic_label,linear,train,1000,17,0.828675,20000,134875
uma,magnetic_label,linear,train,1000,18,0.817249,20000,134875
uma,magnetic_label,linear,train,1000,19,0.808275,20000,134875
uma,magnetic_label,linear,train,1000,20,0.808322,20000,134875
uma,magnetic_label,linear,train,1000,21,0.830454,20000,134875
uma,magnetic_label,linear,train,1000,22,0.822894,20000,134875
uma,magnetic_label,linear,train,1000,23,0.819860,20000,134875
uma,magnetic_label,linear,train,1000,24,0.819571,20000,134875
uma,magnetic_label,linear,train,1000,25,0.820371,20000,134875
uma,magnetic_label,linear,train,1000,26,0.822497,20000,134875
uma,magnetic_label,linear,train,1000,27,0.819808,20000,134875
uma,magnetic_label,linear,train,1000,28,0.829672,20000,134875
uma,magnetic_label,linear,train,1000,29,0.811750,20000,134875
uma,magnetic_label,xgboost,train,2000,0,0.858230,20000,134875
uma,magnetic_label,xgboost,train,2000,1,0.866649,20000,134875
uma,magnetic_label,xgboost,train,2000,2,0.865349,20000,134875
uma,magnetic_label,xgboost,train,2000,3,0.865762,20000,134875
uma,magnetic_label,xgboost,train,2000,4,0.866618,20000,134875
uma,magnetic_label,xgboost,train,2000,5,0.863842,20000,134875
uma,magnetic_label,xgboost,train,2000,6,0.863507,20000,134875
uma,magnetic_label,xgboost,train,2000,7,0.861937,20000,134875
uma,magnetic_label,xgboost,train,2000,8,0.862202,20000,134875
uma,magnetic_label,xgboost,train,2000,9,0.860355,20000,134875
uma,magnetic_label,xgboost,train,2000,10,0.862589,20000,134875
uma,magnetic_label,xgboost,train,2000,11,0.864240,20000,134875
uma,magnetic_label,xgboost,train,2000,12,0.861541,20000,134875
uma,magnetic_label,xgboost,train,2000,13,0.863164,20000,134875
uma,magnetic_label,xgboost,train,2000,14,0.862326,20000,134875
uma,magnetic_label,xgboost,train,2000,15,0.857704,20000,134875
uma,magnetic_label,xgboost,train,2000,16,0.859377,20000,134875
uma,magnetic_label,xgboost,train,2000,17,0.861851,20000,134875
uma,magnetic_label,xgboost,train,2000,18,0.860912,20000,134875
uma,magnetic_label,xgboost,train,2000,19,0.863114,20000,134875
uma,magnetic_label,xgboost,train,2000,20,0.862047,20000,134875
uma,magnetic_label,xgboost,train,2000,21,0.865914,20000,134875
uma,magnetic_label,xgboost,train,2000,22,0.863824,20000,134875
uma,magnetic_label,xgboost,train,2000,23,0.863787,20000,134875
uma,magnetic_label,xgboost,train,2000,24,0.855676,20000,134875
uma,magnetic_label,xgboost,train,2000,25,0.859988,20000,134875
uma,magnetic_label,xgboost,train,2000,26,0.856041,20000,134875
uma,magnetic_label,xgboost,train,2000,27,0.861180,20000,134875
uma,magnetic_label,xgboost,train,2000,28,0.858060,20000,134875
uma,magnetic_label,xgboost,train,2000,29,0.863820,20000,134875
uma,magnetic_label,linear,train,2000,0,0.839147,20000,134875
uma,magnetic_label,linear,train,2000,1,0.847367,20000,134875
uma,magnetic_label,linear,train,2000,2,0.841427,20000,134875
uma,magnetic_label,linear,train,2000,3,0.847603,20000,134875
uma,magnetic_label,linear,train,2000,4,0.838446,20000,134875
uma,magnetic_label,linear,train,2000,5,0.844804,20000,134875
uma,magnetic_label,linear,train,2000,6,0.831820,20000,134875
uma,magnetic_label,linear,train,2000,7,0.834110,20000,134875
uma,magnetic_label,linear,train,2000,8,0.835001,20000,134875
uma,magnetic_label,linear,train,2000,9,0.842526,20000,134875
uma,magnetic_label,linear,train,2000,10,0.841028,20000,134875
uma,magnetic_label,linear,train,2000,11,0.832377,20000,134875
uma,magnetic_label,linear,train,2000,12,0.836439,20000,134875
uma,magnetic_label,linear,train,2000,13,0.854796,20000,134875
uma,magnetic_label,linear,train,2000,14,0.836629,20000,134875
uma,magnetic_label,linear,train,2000,15,0.838259,20000,134875
uma,magnetic_label,linear,train,2000,16,0.850508,20000,134875
uma,magnetic_label,linear,train,2000,17,0.839733,20000,134875
uma,magnetic_label,linear,train,2000,18,0.833829,20000,134875
uma,magnetic_label,linear,train,2000,19,0.843520,20000,134875
uma,magnetic_label,linear,train,2000,20,0.837445,20000,134875
uma,magnetic_label,linear,train,2000,21,0.840433,20000,134875
uma,magnetic_label,linear,train,2000,22,0.826109,20000,134875
uma,magnetic_label,linear,train,2000,23,0.831981,20000,134875
uma,magnetic_label,linear,train,2000,24,0.831513,20000,134875
uma,magnetic_label,linear,train,2000,25,0.835749,20000,134875
uma,magnetic_label,linear,train,2000,26,0.845079,20000,134875
uma,magnetic_label,linear,train,2000,27,0.844483,20000,134875
uma,magnetic_label,linear,train,2000,28,0.838289,20000,134875
uma,magnetic_label,linear,train,2000,29,0.844453,20000,134875
uma,magnetic_label,xgboost,train,5000,0,0.874554,20000,134875
uma,magnetic_label,xgboost,train,5000,1,0.876057,20000,134875
uma,magnetic_label,xgboost,train,5000,2,0.878021,20000,134875
uma,magnetic_label,xgboost,train,5000,3,0.878576,20000,134875
uma,magnetic_label,xgboost,train,5000,4,0.877026,20000,134875
uma,magnetic_label,xgboost,train,5000,5,0.878876,20000,134875
uma,magnetic_label,xgboost,train,5000,6,0.877551,20000,134875
uma,magnetic_label,xgboost,train,5000,7,0.876049,20000,134875
uma,magnetic_label,xgboost,train,5000,8,0.879350,20000,134875
uma,magnetic_label,xgboost,train,5000,9,0.876070,20000,134875
uma,magnetic_label,linear,train,5000,0,0.864485,20000,134875
uma,magnetic_label,linear,train,5000,1,0.860285,20000,134875
uma,magnetic_label,linear,train,5000,2,0.865173,20000,134875
uma,magnetic_label,linear,train,5000,3,0.865824,20000,134875
uma,magnetic_label,linear,train,5000,4,0.860516,20000,134875
uma,magnetic_label,linear,train,5000,5,0.864149,20000,134875
uma,magnetic_label,linear,train,5000,6,0.865939,20000,134875
uma,magnetic_label,linear,train,5000,7,0.865081,20000,134875
uma,magnetic_label,linear,train,5000,8,0.868036,20000,134875
uma,magnetic_label,linear,train,5000,9,0.863670,20000,134875
uma,magnetic_label,xgboost,train,7000,0,0.878265,20000,134875
uma,magnetic_label,xgboost,train,7000,1,0.882563,20000,134875
uma,magnetic_label,xgboost,train,7000,2,0.883857,20000,134875
uma,magnetic_label,xgboost,train,7000,3,0.881130,20000,134875
uma,magnetic_label,xgboost,train,7000,4,0.881961,20000,134875
uma,magnetic_label,xgboost,train,7000,5,0.883825,20000,134875
uma,magnetic_label,xgboost,train,7000,6,0.883307,20000,134875
uma,magnetic_label,linear,train,7000,0,0.872576,20000,134875
uma,magnetic_label,linear,train,7000,1,0.872134,20000,134875
uma,magnetic_label,linear,train,7000,2,0.870421,20000,134875
uma,magnetic_label,linear,train,7000,3,0.870792,20000,134875
uma,magnetic_label,linear,train,7000,4,0.872423,20000,134875
uma,magnetic_label,linear,train,7000,5,0.873338,20000,134875
uma,magnetic_label,linear,train,7000,6,0.872354,20000,134875
uma,magnetic_label,xgboost,train,10000,0,0.886693,20000,134875
uma,magnetic_label,xgboost,train,10000,1,0.886844,20000,134875
uma,magnetic_label,xgboost,train,10000,2,0.885381,20000,134875
uma,magnetic_label,xgboost,train,10000,3,0.887838,20000,134875
uma,magnetic_label,xgboost,train,10000,4,0.887844,20000,134875
uma,magnetic_label,xgboost,train,10000,5,0.886585,20000,134875
uma,magnetic_label,xgboost,train,10000,6,0.889507,20000,134875
uma,magnetic_label,linear,train,10000,0,0.879641,20000,134875
uma,magnetic_label,linear,train,10000,1,0.877655,20000,134875
uma,magnetic_label,linear,train,10000,2,0.873230,20000,134875
uma,magnetic_label,linear,train,10000,3,0.873748,20000,134875
uma,magnetic_label,linear,train,10000,4,0.873858,20000,134875
uma,magnetic_label,linear,train,10000,5,0.874564,20000,134875
uma,magnetic_label,linear,train,10000,6,0.874982,20000,134875
uma,magnetic_label,xgboost,train,20000,0,0.894928,20000,134875
uma,magnetic_label,xgboost,train,20000,1,0.893989,20000,134875
uma,magnetic_label,xgboost,train,20000,2,0.894144,20000,134875
uma,magnetic_label,xgboost,train,20000,3,0.893674,20000,134875
uma,magnetic_label,xgboost,train,20000,4,0.893555,20000,134875
uma,magnetic_label,xgboost,train,20000,5,0.894747,20000,134875
uma,magnetic_label,linear,train,20000,0,0.881671,20000,134875
uma,magnetic_label,linear,train,20000,1,0.881897,20000,134875
uma,magnetic_label,linear,train,20000,2,0.877803,20000,134875
uma,magnetic_label,linear,train,20000,3,0.878547,20000,134875
uma,magnetic_label,linear,train,20000,4,0.880740,20000,134875
uma,magnetic_label,linear,train,20000,5,0.877810,20000,134875
