arm,target,method,axis,n,rep,score,n_test,n_pool
orb,formation_energy/atom,xgboost,train,50,0,0.682817,20000,134875
orb,formation_energy/atom,xgboost,train,50,1,0.638297,20000,134875
orb,formation_energy/atom,xgboost,train,50,2,0.740185,20000,134875
orb,formation_energy/atom,xgboost,train,50,3,0.680700,20000,134875
orb,formation_energy/atom,xgboost,train,50,4,0.630007,20000,134875
orb,formation_energy/atom,xgboost,train,50,5,0.602848,20000,134875
orb,formation_energy/atom,xgboost,train,50,6,0.650551,20000,134875
orb,formation_energy/atom,xgboost,train,50,7,0.656562,20000,134875
orb,formation_energy/atom,xgboost,train,50,8,0.573532,20000,134875
orb,formation_energy/atom,xgboost,train,50,9,0.575791,20000,134875
orb,formation_energy/atom,xgboost,train,50,10,0.592619,20000,134875
orb,formation_energy/atom,xgboost,train,50,11,0.630910,20000,134875
orb,formation_energy/atom,xgboost,train,50,12,0.595995,20000,134875
orb,formation_energy/atom,xgboost,train,50,13,0.707061,20000,134875
orb,formation_energy/atom,xgboost,train,50,14,0.637514,20000,134875
orb,formation_energy/atom,xgboost,train,50,15,0.507399,20000,134875
orb,formation_energy/atom,xgboost,train,50,16,0.616368,20000,134875
orb,formation_energy/atom,xgboost,train,50,17,0.633579,20000,134875
orb,formation_energy/atom,xgboost,train,50,18,0.604391,20000,134875
orb,formation_energy/atom,xgboost,train,50,19,0.637679,20000,134875
orb,formation_energy/atom,xgboost,train,50,20,0.630013,20000,134875
orb,formation_energy/atom,xgboost,train,50,21,0.669826,20000,134875
orb,formation_energy/atom,xgboost,train,50,22,0.571012,20000,134875
orb,formation_energy/atom,xgboost,train,50,23,0.637956,20000,134875
orb,formation_energy/atom,xgboost,train,50,24,0.578448,20000,134875
orb,formation_energy/atom,xgboost,train,50,25,0.590167,20000,134875
orb,formation_energy/atom,xgboost,train,50,26,0.637475,20000,134875
orb,formation_energy/atom,xgboost,train,50,27,0.476025,20000,134875
orb,formation_energy/atom,xgboost,train,50,28,0.571659,20000,134875
orb,formation_energy/atom,xgboost,train,50,29,0.590923,20000,134875
orb,formation_energy/atom,linear,train,50,0,0.723519,20000,134875
orb,formation_energy/atom,linear,train,50,1,0.712260,20000,134875
orb,formation_energy/atom,linear,train,50,2,0.793792,20000,134875
orb,formation_energy/atom,linear,train,50,3,0.720050,20000,134875
orb,formation_energy/atom,linear,train,50,4,0.739044,20000,134875
orb,formation_energy/atom,linear,train,50,5,0.590796,20000,134875
orb,formation_energy/atom,linear,train,50,6,0.724944,20000,134875
orb,formation_energy/atom,linear,train,50,7,0.777891,20000,134875
orb,formation_energy/atom,linear,train,50,8,0.686993,20000,134875
orb,formation_energy/atom,linear,train,50,9,0.706701,20000,134875
orb,formation_energy/atom,linear,train,50,10,0.615091,20000,134875
orb,formation_energy/atom,linear,train,50,11,0.715453,20000,134875
orb,formation_energy/atom,linear,train,50,12,0.638333,20000,134875
orb,formation_energy/atom,linear,train,50,13,0.797278,20000,134875
orb,formation_energy/atom,linear,train,50,14,0.677188,20000,134875
orb,formation_energy/atom,linear,train,50,15,0.658378,20000,134875
orb,formation_energy/atom,linear,train,50,16,0.705091,20000,134875
orb,formation_energy/atom,linear,train,50,17,0.699193,20000,134875
orb,formation_energy/atom,linear,train,50,18,0.731775,20000,134875
orb,formation_energy/atom,linear,train,50,19,0.730467,20000,134875
orb,formation_energy/atom,linear,train,50,20,0.713314,20000,134875
orb,formation_energy/atom,linear,train,50,21,0.754510,20000,134875
orb,formation_energy/atom,linear,train,50,22,0.731392,20000,134875
orb,formation_energy/atom,linear,train,50,23,0.742348,20000,134875
orb,formation_energy/atom,linear,train,50,24,0.696322,20000,134875
orb,formation_energy/atom,linear,train,50,25,0.619545,20000,134875
orb,formation_energy/atom,linear,train,50,26,0.701789,20000,134875
orb,formation_energy/atom,linear,train,50,27,0.779406,20000,134875
orb,formation_energy/atom,linear,train,50,28,0.720446,20000,134875
orb,formation_energy/atom,linear,train,50,29,0.656897,20000,134875
orb,formation_energy/atom,xgboost,train,100,0,0.787463,20000,134875
orb,formation_energy/atom,xgboost,train,100,1,0.678783,20000,134875
orb,formation_energy/atom,xgboost,train,100,2,0.764670,20000,134875
orb,formation_energy/atom,xgboost,train,100,3,0.730436,20000,134875
orb,formation_energy/atom,xgboost,train,100,4,0.736668,20000,134875
orb,formation_energy/atom,xgboost,train,100,5,0.775559,20000,134875
orb,formation_energy/atom,xgboost,train,100,6,0.726204,20000,134875
orb,formation_energy/atom,xgboost,train,100,7,0.742887,20000,134875
orb,formation_energy/atom,xgboost,train,100,8,0.800798,20000,134875
orb,formation_energy/atom,xgboost,train,100,9,0.715229,20000,134875
orb,formation_energy/atom,xgboost,train,100,10,0.747816,20000,134875
orb,formation_energy/atom,xgboost,train,100,11,0.770992,20000,134875
orb,formation_energy/atom,xgboost,train,100,12,0.778853,20000,134875
orb,formation_energy/atom,xgboost,train,100,13,0.690851,20000,134875
orb,formation_energy/atom,xgboost,train,100,14,0.742009,20000,134875
orb,formation_energy/atom,xgboost,train,100,15,0.770238,20000,134875
orb,formation_energy/atom,xgboost,train,100,16,0.685071,20000,134875
orb,formation_energy/atom,xgboost,train,100,17,0.647779,20000,134875
orb,formation_energy/atom,xgboost,train,100,18,0.759039,20000,134875
orb,formation_energy/atom,xgboost,train,100,19,0.706599,20000,134875
orb,formation_energy/atom,xgboost,train,100,20,0.748659,20000,134875
orb,formation_energy/atom,xgboost,train,100,21,0.747511,20000,134875
orb,formation_energy/atom,xgboost,train,100,22,0.721467,20000,134875
orb,formation_energy/atom,xgboost,train,100,23,0.688982,20000,134875
orb,formation_energy/atom,xgboost,train,100,24,0.734318,20000,134875
orb,formation_energy/atom,xgboost,train,100,25,0.727416,20000,134875
orb,formation_energy/atom,xgboost,train,100,26,0.731831,20000,134875
orb,formation_energy/atom,xgboost,train,100,27,0.756060,20000,134875
orb,formation_energy/atom,xgboost,train,100,28,0.793519,20000,134875
orb,formation_energy/atom,xgboost,train,100,29,0.714697,20000,134875
orb,formation_energy/atom,linear,train,100,0,0.821531,20000,134875
orb,formation_energy/atom,linear,train,100,1,0.752859,20000,134875
orb,formation_energy/atom,linear,train,100,2,0.826399,20000,134875
orb,formation_energy/atom,linear,train,100,3,0.796370,20000,134875
orb,formation_energy/atom,linear,train,100,4,0.795732,20000,134875
orb,formation_energy/atom,linear,train,100,5,0.819161,20000,134875
orb,formation_energy/atom,linear,train,100,6,0.768960,20000,134875
orb,formation_energy/atom,linear,train,100,7,0.753721,20000,134875
orb,formation_energy/atom,linear,train,100,8,0.792819,20000,134875
orb,formation_energy/atom,linear,train,100,9,0.801634,20000,134875
orb,formation_energy/atom,linear,train,100,10,0.828151,20000,134875
orb,formation_energy/atom,linear,train,100,11,0.836458,20000,134875
orb,formation_energy/atom,linear,train,100,12,0.811228,20000,134875
orb,formation_energy/atom,linear,train,100,13,0.799875,20000,134875
orb,formation_energy/atom,linear,train,100,14,0.783419,20000,134875
orb,formation_energy/atom,linear,train,100,15,0.799987,20000,134875
orb,formation_energy/atom,linear,train,100,16,0.776719,20000,134875
orb,formation_energy/atom,linear,train,100,17,0.785346,20000,134875
orb,formation_energy/atom,linear,train,100,18,0.763635,20000,134875
orb,formation_energy/atom,linear,train,100,19,0.786519,20000,134875
orb,formation_energy/atom,linear,train,100,20,0.816930,20000,134875
orb,formation_energy/atom,linear,train,100,21,0.821593,20000,134875
orb,formation_energy/atom,linear,train,100,22,0.718266,20000,134875
orb,formation_energy/atom,linear,train,100,23,0.800306,20000,134875
orb,formation_energy/atom,linear,train,100,24,0.836802,20000,134875
orb,formation_energy/atom,linear,train,100,25,0.804345,20000,134875
orb,formation_energy/atom,linear,train,100,26,0.794708,20000,134875
orb,formation_energy/atom,linear,train,100,27,0.768997,20000,134875
orb,formation_energy/atom,linear,train,100,28,0.848888,20000,134875
orb,formation_energy/atom,linear,train,100,29,0.821932,20000,134875
orb,formation_energy/atom,xgboost,train,200,0,0.840576,20000,134875
orb,formation_energy/atom,xgboost,train,200,1,0.778318,20000,134875
orb,formation_energy/atom,xgboost,train,200,2,0.825015,20000,134875
orb,formation_energy/atom,xgboost,train,200,3,0.824466,20000,134875
orb,formation_energy/atom,xgboost,train,200,4,0.840294,20000,134875
orb,formation_energy/atom,xgboost,train,200,5,0.794759,20000,134875
orb,formation_energy/atom,xgboost,train,200,6,0.809923,20000,134875
orb,formation_energy/atom,xgboost,train,200,7,0.776992,20000,134875
orb,formation_energy/atom,xgboost,train,200,8,0.828985,20000,134875
orb,formation_energy/atom,xgboost,train,200,9,0.730051,20000,134875
orb,formation_energy/atom,xgboost,train,200,10,0.812044,20000,134875
orb,formation_energy/atom,xgboost,train,200,11,0.809614,20000,134875
orb,formation_energy/atom,xgboost,train,200,12,0.830769,20000,134875
orb,formation_energy/atom,xgboost,train,200,13,0.809832,20000,134875
orb,formation_energy/atom,xgboost,train,200,14,0.845606,20000,134875
orb,formation_energy/atom,xgboost,train,200,15,0.839715,20000,134875
orb,formation_energy/atom,xgboost,train,200,16,0.835759,20000,134875
orb,formation_energy/atom,xgboost,train,200,17,0.825262,20000,134875
orb,formation_energy/atom,xgboost,train,200,18,0.801924,20000,134875
orb,formation_energy/atom,xgboost,train,200,19,0.835925,20000,134875
orb,formation_energy/atom,xgboost,train,200,20,0.811606,20000,134875
orb,formation_energy/atom,xgboost,train,200,21,0.841803,20000,134875
orb,formation_energy/atom,xgboost,train,200,22,0.828342,20000,134875
orb,formation_energy/atom,xgboost,train,200,23,0.832286,20000,134875
orb,formation_energy/atom,xgboost,train,200,24,0.835171,20000,134875
orb,formation_energy/atom,xgboost,train,200,25,0.769884,20000,134875
orb,formation_energy/atom,xgboost,train,200,26,0.794940,20000,134875
orb,formation_energy/atom,xgboost,train,200,27,0.830134,20000,134875
orb,formation_energy/atom,xgboost,train,200,28,0.811088,20000,134875
orb,formation_energy/atom,xgboost,train,200,29,0.805882,20000,134875
orb,formation_energy/atom,linear,train,200,0,0.864725,20000,134875
orb,formation_energy/atom,linear,train,200,1,0.880883,20000,134875
orb,formation_energy/atom,linear,train,200,2,0.843260,20000,134875
orb,formation_energy/atom,linear,train,200,3,0.860194,20000,134875
orb,formation_energy/atom,linear,train,200,4,0.872520,20000,134875
orb,formation_energy/atom,linear,train,200,5,0.852087,20000,134875
orb,formation_energy/atom,linear,train,200,6,0.861075,20000,134875
orb,formation_energy/atom,linear,train,200,7,0.811081,20000,134875
orb,formation_energy/atom,linear,train,200,8,0.857095,20000,134875
orb,formation_energy/atom,linear,train,200,9,0.794583,20000,134875
orb,formation_energy/atom,linear,train,200,10,0.861372,20000,134875
orb,formation_energy/atom,linear,train,200,11,0.851757,20000,134875
orb,formation_energy/atom,linear,train,200,12,0.874979,20000,134875
orb,formation_energy/atom,linear,train,200,13,0.854882,20000,134875
orb,formation_energy/atom,linear,train,200,14,0.759273,20000,134875
orb,formation_energy/atom,linear,train,200,15,0.875474,20000,134875
orb,formation_energy/atom,linear,train,200,16,0.822206,20000,134875
orb,formation_energy/atom,linear,train,200,17,0.880386,20000,134875
orb,formation_energy/atom,linear,train,200,18,0.845802,20000,134875
orb,formation_energy/atom,linear,train,200,19,0.880658,20000,134875
orb,formation_energy/atom,linear,train,200,20,0.865130,20000,134875
orb,formation_energy/atom,linear,train,200,21,0.715064,20000,134875
orb,formation_energy/atom,linear,train,200,22,0.801468,20000,134875
orb,formation_energy/atom,linear,train,200,23,0.828478,20000,134875
orb,formation_energy/atom,linear,train,200,24,0.796106,20000,134875
orb,formation_energy/atom,linear,train,200,25,0.826345,20000,134875
orb,formation_energy/atom,linear,train,200,26,0.837841,20000,134875
orb,formation_energy/atom,linear,train,200,27,0.881112,20000,134875
orb,formation_energy/atom,linear,train,200,28,0.833236,20000,134875
orb,formation_energy/atom,linear,train,200,29,0.843110,20000,134875
orb,formation_energy/atom,xgboost,train,500,0,0.895791,20000,134875
orb,formation_energy/atom,xgboost,train,500,1,0.890881,20000,134875
orb,formation_energy/atom,xgboost,train,500,2,0.892527,20000,134875
orb,formation_energy/atom,xgboost,train,500,3,0.894042,20000,134875
orb,formation_energy/atom,xgboost,train,500,4,0.868052,20000,134875
orb,formation_energy/atom,xgboost,train,500,5,0.882422,20000,134875
orb,formation_energy/atom,xgboost,train,500,6,0.905105,20000,134875
orb,formation_energy/atom,xgboost,train,500,7,0.905356,20000,134875
orb,formation_energy/atom,xgboost,train,500,8,0.886771,20000,134875
orb,formation_energy/atom,xgboost,train,500,9,0.884428,20000,134875
orb,formation_energy/atom,xgboost,train,500,10,0.885708,20000,134875
orb,formation_energy/atom,xgboost,train,500,11,0.881786,20000,134875
orb,formation_energy/atom,xgboost,train,500,12,0.890434,20000,134875
orb,formation_energy/atom,xgboost,train,500,13,0.869620,20000,134875
orb,formation_energy/atom,xgboost,train,500,14,0.882165,20000,134875
orb,formation_energy/atom,xgboost,train,500,15,0.897468,20000,134875
orb,formation_energy/atom,xgboost,train,500,16,0.893049,20000,134875
orb,formation_energy/atom,xgboost,train,500,17,0.889584,20000,134875
orb,formation_energy/atom,xgboost,train,500,18,0.895382,20000,134875
orb,formation_energy/atom,xgboost,train,500,19,0.885670,20000,134875
orb,formation_energy/atom,xgboost,train,500,20,0.884847,20000,134875
orb,formation_energy/atom,xgboost,train,500,21,0.888167,20000,134875
orb,formation_energy/atom,xgboost,train,500,22,0.884578,20000,134875
orb,formation_energy/atom,xgboost,train,500,23,0.887897,20000,134875
orb,formation_energy/atom,xgboost,train,500,24,0.894150,20000,134875
orb,formation_energy/atom,xgboost,train,500,25,0.908528,20000,134875
orb,formation_energy/atom,xgboost,train,500,26,0.899020,20000,134875
orb,formation_energy/atom,xgboost,train,500,27,0.895203,20000,134875
orb,formation_energy/atom,xgboost,train,500,28,0.892822,20000,134875
orb,formation_energy/atom,xgboost,train,500,29,0.886334,20000,134875
orb,formation_energy/atom,linear,train,500,0,0.930383,20000,134875
orb,formation_energy/atom,linear,train,500,1,0.930901,20000,134875
orb,formation_energy/atom,linear,train,500,2,0.934431,20000,134875
orb,formation_energy/atom,linear,train,500,3,0.940903,20000,134875
orb,formation_energy/atom,linear,train,500,4,0.935443,20000,134875
orb,formation_energy/atom,linear,train,500,5,0.942959,20000,134875
orb,formation_energy/atom,linear,train,500,6,0.937637,20000,134875
orb,formation_energy/atom,linear,train,500,7,0.935204,20000,134875
orb,formation_energy/atom,linear,train,500,8,0.899097,20000,134875
orb,formation_energy/atom,linear,train,500,9,0.943293,20000,134875
orb,formation_energy/atom,linear,train,500,10,0.940104,20000,134875
orb,formation_energy/atom,linear,train,500,11,0.933961,20000,134875
orb,formation_energy/atom,linear,train,500,12,0.943043,20000,134875
orb,formation_energy/atom,linear,train,500,13,0.937747,20000,134875
orb,formation_energy/atom,linear,train,500,14,0.926448,20000,134875
orb,formation_energy/atom,linear,train,500,15,0.930806,20000,134875
orb,formation_energy/atom,linear,train,500,16,0.932722,20000,134875
orb,formation_energy/atom,linear,train,500,17,0.924408,20000,134875
orb,formation_energy/atom,linear,train,500,18,0.937761,20000,134875
orb,formation_energy/atom,linear,train,500,19,0.951957,20000,134875
orb,formation_energy/atom,linear,train,500,20,0.937421,20000,134875
orb,formation_energy/atom,linear,train,500,21,0.935085,20000,134875
orb,formation_energy/atom,linear,train,500,22,0.935276,20000,134875
orb,formation_energy/atom,linear,train,500,23,0.939325,20000,134875
orb,formation_energy/atom,linear,train,500,24,0.936082,20000,134875
orb,formation_energy/atom,linear,train,500,25,0.934930,20000,134875
orb,formation_energy/atom,linear,train,500,26,0.940143,20000,134875
orb,formation_energy/atom,linear,train,500,27,0.940311,20000,134875
orb,formation_energy/atom,linear,train,500,28,0.938759,20000,134875
orb,formation_energy/atom,linear,train,500,29,0.943118,20000,134875
orb,formation_energy/atom,xgboost,train,1000,0,0.935419,20000,134875
orb,formation_energy/atom,xgboost,train,1000,1,0.930910,20000,134875
orb,formation_energy/atom,xgboost,train,1000,2,0.929645,20000,134875
orb,formation_energy/atom,xgboost,train,1000,3,0.936690,20000,134875
orb,formation_energy/atom,xgboost,train,1000,4,0.923907,20000,134875
orb,formation_energy/atom,xgboost,train,1000,5,0.933792,20000,134875
orb,formation_energy/atom,xgboost,train,1000,6,0.924390,20000,134875
orb,formation_energy/atom,xgboost,train,1000,7,0.924602,20000,134875
orb,formation_energy/atom,xgboost,train,1000,8,0.926050,20000,134875
orb,formation_energy/atom,xgboost,train,1000,9,0.925321,20000,134875
orb,formation_energy/atom,xgboost,train,1000,10,0.924626,20000,134875
orb,formation_energy/atom,xgboost,train,1000,11,0.927898,20000,134875
orb,formation_energy/atom,xgboost,train,1000,12,0.932989,20000,134875
orb,formation_energy/atom,xgboost,train,1000,13,0.925936,20000,134875
orb,formation_energy/atom,xgboost,train,1000,14,0.929639,20000,134875
orb,formation_energy/atom,xgboost,train,1000,15,0.924256,20000,134875
orb,formation_energy/atom,xgboost,train,1000,16,0.928653,20000,134875
orb,formation_energy/atom,xgboost,train,1000,17,0.918468,20000,134875
orb,formation_energy/atom,xgboost,train,1000,18,0.921281,20000,134875
orb,formation_energy/atom,xgboost,train,1000,19,0.924251,20000,134875
orb,formation_energy/atom,xgboost,train,1000,20,0.929348,20000,134875
orb,formation_energy/atom,xgboost,train,1000,21,0.920215,20000,134875
orb,formation_energy/atom,xgboost,train,1000,22,0.926107,20000,134875
orb,formation_energy/atom,xgboost,train,1000,23,0.923914,20000,134875
orb,formation_energy/atom,xgboost,train,1000,24,0.897178,20000,134875
orb,formation_energy/atom,xgboost,train,1000,25,0.932164,20000,134875
orb,formation_energy/atom,xgboost,train,1000,26,0.927997,20000,134875
orb,formation_energy/atom,xgboost,train,1000,27,0.929951,20000,134875
orb,formation_energy/atom,xgboost,train,1000,28,0.920274,20000,134875
orb,formation_energy/atom,xgboost,train,1000,29,0.931147,20000,134875
orb,formation_energy/atom,linear,train,1000,0,0.962681,20000,134875
orb,formation_energy/atom,linear,train,1000,1,0.963601,20000,134875
orb,formation_energy/atom,linear,train,1000,2,0.962942,20000,134875
orb,formation_energy/atom,linear,train,1000,3,0.961095,20000,134875
orb,formation_energy/atom,linear,train,1000,4,0.956782,20000,134875
orb,formation_energy/atom,linear,train,1000,5,0.958867,20000,134875
orb,formation_energy/atom,linear,train,1000,6,0.964570,20000,134875
orb,formation_energy/atom,linear,train,1000,7,0.955329,20000,134875
orb,formation_energy/atom,linear,train,1000,8,0.963211,20000,134875
orb,formation_energy/atom,linear,train,1000,9,0.965497,20000,134875
orb,formation_energy/atom,linear,train,1000,10,0.962759,20000,134875
orb,formation_energy/atom,linear,train,1000,11,0.963366,20000,134875
orb,formation_energy/atom,linear,train,1000,12,0.959306,20000,134875
orb,formation_energy/atom,linear,train,1000,13,0.959360,20000,134875
orb,formation_energy/atom,linear,train,1000,14,0.964859,20000,134875
orb,formation_energy/atom,linear,train,1000,15,0.963629,20000,134875
orb,formation_energy/atom,linear,train,1000,16,0.959275,20000,134875
orb,formation_energy/atom,linear,train,1000,17,0.966628,20000,134875
orb,formation_energy/atom,linear,train,1000,18,0.964155,20000,134875
orb,formation_energy/atom,linear,train,1000,19,0.963184,20000,134875
orb,formation_energy/atom,linear,train,1000,20,0.964346,20000,134875
orb,formation_energy/atom,linear,train,1000,21,0.955786,20000,134875
orb,formation_energy/atom,linear,train,1000,22,0.965989,20000,134875
orb,formation_energy/atom,linear,train,1000,23,0.964393,20000,134875
orb,formation_energy/atom,linear,train,1000,24,0.960275,20000,134875
orb,formation_energy/atom,linear,train,1000,25,0.965489,20000,134875
orb,formation_energy/atom,linear,train,1000,26,0.963329,20000,134875
orb,formation_energy/atom,linear,train,1000,27,0.963161,20000,134875
orb,formation_energy/atom,linear,train,1000,28,0.960367,20000,134875
orb,formation_energy/atom,linear,train,1000,29,0.959554,20000,134875
orb,formation_energy/atom,xgboost,train,2000,0,0.947905,20000,134875
orb,formation_energy/atom,xgboost,train,2000,1,0.948699,20000,134875
orb,formation_energy/atom,xgboost,train,2000,2,0.953030,20000,134875
orb,formation_energy/atom,xgboost,train,2000,3,0.941665,20000,134875
orb,formation_energy/atom,xgboost,train,2000,4,0.947050,20000,134875
orb,formation_energy/atom,xgboost,train,2000,5,0.951554,20000,134875
orb,formation_energy/atom,xgboost,train,2000,6,0.948580,20000,134875
orb,formation_energy/atom,xgboost,train,2000,7,0.951478,20000,134875
orb,formation_energy/atom,xgboost,train,2000,8,0.947578,20000,134875
orb,formation_energy/atom,xgboost,train,2000,9,0.946950,20000,134875
orb,formation_energy/atom,xgboost,train,2000,10,0.944421,20000,134875
orb,formation_energy/atom,xgboost,train,2000,11,0.950752,20000,134875
orb,formation_energy/atom,xgboost,train,2000,12,0.950560,20000,134875
orb,formation_energy/atom,xgboost,train,2000,13,0.946080,20000,134875
orb,formation_energy/atom,xgboost,train,2000,14,0.942065,20000,134875
orb,formation_energy/atom,xgboost,train,2000,15,0.948747,20000,134875
orb,formation_energy/atom,xgboost,train,2000,16,0.953472,20000,134875
orb,formation_energy/atom,xgboost,train,2000,17,0.950122,20000,134875
orb,formation_energy/atom,xgboost,train,2000,18,0.947343,20000,134875
orb,formation_energy/atom,xgboost,train,2000,19,0.945400,20000,134875
orb,formation_energy/atom,xgboost,train,2000,20,0.944539,20000,134875
orb,formation_energy/atom,xgboost,train,2000,21,0.947781,20000,134875
orb,formation_energy/atom,xgboost,train,2000,22,0.951304,20000,134875
orb,formation_energy/atom,xgboost,train,2000,23,0.948464,20000,134875
orb,formation_energy/atom,xgboost,train,2000,24,0.952035,20000,134875
orb,formation_energy/atom,xgboost,train,2000,25,0.945475,20000,134875
orb,formation_energy/atom,xgboost,train,2000,26,0.949506,20000,134875
orb,formation_energy/atom,xgboost,train,2000,27,0.949173,20000,134875
orb,formation_energy/atom,xgboost,train,2000,28,0.946888,20000,134875
orb,formation_energy/atom,xgboost,train,2000,29,0.947525,20000,134875
orb,formation_energy/atom,linear,train,2000,0,0.969964,20000,134875
orb,formation_energy/atom,linear,train,2000,1,0.969502,20000,134875
orb,formation_energy/atom,linear,train,2000,2,0.972418,20000,134875
orb,formation_energy/atom,linear,train,2000,3,0.969941,20000,134875
orb,formation_energy/atom,linear,train,2000,4,0.970819,20000,134875
orb,formation_energy/atom,linear,train,2000,5,0.972091,20000,134875
orb,formation_energy/atom,linear,train,2000,6,0.972711,20000,134875
orb,formation_energy/atom,linear,train,2000,7,0.961646,20000,134875
orb,formation_energy/atom,linear,train,2000,8,0.972970,20000,134875
orb,formation_energy/atom,linear,train,2000,9,0.972881,20000,134875
orb,formation_energy/atom,linear,train,2000,10,0.972452,20000,134875
orb,formation_energy/atom,linear,train,2000,11,0.971910,20000,134875
orb,formation_energy/atom,linear,train,2000,12,0.972969,20000,134875
orb,formation_energy/atom,linear,train,2000,13,0.971902,20000,134875
orb,formation_energy/atom,linear,train,2000,14,0.968688,20000,134875
orb,formation_energy/atom,linear,train,2000,15,0.972318,20000,134875
orb,formation_energy/atom,linear,train,2000,16,0.973021,20000,134875
orb,formation_energy/atom,linear,train,2000,17,0.971007,20000,134875
orb,formation_energy/atom,linear,train,2000,18,0.973021,20000,134875
orb,formation_energy/atom,linear,train,2000,19,0.971336,20000,134875
orb,formation_energy/atom,linear,train,2000,20,0.969727,20000,134875
orb,formation_energy/atom,linear,train,2000,21,0.972429,20000,134875
orb,formation_energy/atom,linear,train,2000,22,0.972427,20000,134875
orb,formation_energy/atom,linear,train,2000,23,0.971762,20000,134875
orb,formation_energy/atom,linear,train,2000,24,0.972171,20000,134875
orb,formation_energy/atom,linear,train,2000,25,0.968244,20000,134875
orb,formation_energy/atom,linear,train,2000,26,0.969769,20000,134875
orb,formation_energy/atom,linear,train,2000,27,0.972819,20000,134875
orb,formation_energy/atom,linear,train,2000,28,0.973804,20000,134875
orb,formation_energy/atom,linear,train,2000,29,0.970252,20000,134875
orb,formation_energy/atom,xgboost,train,5000,0,0.968116,20000,134875
orb,formation_energy/atom,xgboost,train,5000,1,0.969327,20000,134875
orb,formation_energy/atom,xgboost,train,5000,2,0.967789,20000,134875
orb,formation_energy/atom,xgboost,train,5000,3,0.967558,20000,134875
orb,formation_energy/atom,xgboost,train,5000,4,0.963148,20000,134875
orb,formation_energy/atom,xgboost,train,5000,5,0.967706,20000,134875
orb,formation_energy/atom,xgboost,train,5000,6,0.967749,20000,134875
orb,formation_energy/atom,xgboost,train,5000,7,0.967988,20000,134875
orb,formation_energy/atom,xgboost,train,5000,8,0.965796,20000,134875
orb,formation_energy/atom,xgboost,train,5000,9,0.967652,20000,134875
orb,formation_energy/atom,linear,train,5000,0,0.975568,20000,134875
orb,formation_energy/atom,linear,train,5000,1,0.976411,20000,134875
orb,formation_energy/atom,linear,train,5000,2,0.975385,20000,134875
orb,formation_energy/atom,linear,train,5000,3,0.975829,20000,134875
orb,formation_energy/atom,linear,train,5000,4,0.975708,20000,134875
orb,formation_energy/atom,linear,train,5000,5,0.975463,20000,134875
orb,formation_energy/atom,linear,train,5000,6,0.976556,20000,134875
orb,formation_energy/atom,linear,train,5000,7,0.975171,20000,134875
orb,formation_energy/atom,linear,train,5000,8,0.976413,20000,134875
orb,formation_energy/atom,linear,train,5000,9,0.975233,20000,134875
orb,formation_energy/atom,xgboost,train,7000,0,0.971829,20000,134875
orb,formation_energy/atom,xgboost,train,7000,1,0.970877,20000,134875
orb,formation_energy/atom,xgboost,train,7000,2,0.971814,20000,134875
orb,formation_energy/atom,xgboost,train,7000,3,0.971186,20000,134875
orb,formation_energy/atom,xgboost,train,7000,4,0.972535,20000,134875
orb,formation_energy/atom,xgboost,train,7000,5,0.971897,20000,134875
orb,formation_energy/atom,xgboost,train,7000,6,0.971021,20000,134875
orb,formation_energy/atom,linear,train,7000,0,0.975065,20000,134875
orb,formation_energy/atom,linear,train,7000,1,0.976112,20000,134875
orb,formation_energy/atom,linear,train,7000,2,0.976973,20000,134875
orb,formation_energy/atom,linear,train,7000,3,0.977028,20000,134875
orb,formation_energy/atom,linear,train,7000,4,0.977272,20000,134875
orb,formation_energy/atom,linear,train,7000,5,0.976450,20000,134875
orb,formation_energy/atom,linear,train,7000,6,0.977316,20000,134875
orb,formation_energy/atom,xgboost,train,10000,0,0.973898,20000,134875
orb,formation_energy/atom,xgboost,train,10000,1,0.973791,20000,134875
orb,formation_energy/atom,xgboost,train,10000,2,0.975488,20000,134875
orb,formation_energy/atom,xgboost,train,10000,3,0.975440,20000,134875
orb,formation_energy/atom,xgboost,train,10000,4,0.974069,20000,134875
orb,formation_energy/atom,xgboost,train,10000,5,0.974697,20000,134875
orb,formation_energy/atom,xgboost,train,10000,6,0.976537,20000,134875
orb,formation_energy/atom,linear,train,10000,0,0.976757,20000,134875
orb,formation_energy/atom,linear,train,10000,1,0.977627,20000,134875
orb,formation_energy/atom,linear,train,10000,2,0.976915,20000,134875
orb,formation_energy/atom,linear,train,10000,3,0.976443,20000,134875
orb,formation_energy/atom,linear,train,10000,4,0.977313,20000,134875
orb,formation_energy/atom,linear,train,10000,5,0.976556,20000,134875
orb,formation_energy/atom,linear,train,10000,6,0.977370,20000,134875
orb,formation_energy/atom,xgboost,train,20000,0,0.979776,20000,134875
orb,formation_energy/atom,xgboost,train,20000,1,0.980826,20000,134875
orb,formation_energy/atom,xgboost,train,20000,2,0.980307,20000,134875
orb,formation_energy/atom,xgboost,train,20000,3,0.980117,20000,134875
orb,formation_energy/atom,xgboost,train,20000,4,0.979370,20000,134875
orb,formation_energy/atom,xgboost,train,20000,5,0.980208,20000,134875
orb,formation_energy/atom,linear,train,20000,0,0.977492,20000,134875
orb,formation_energy/atom,linear,train,20000,1,0.977964,20000,134875
orb,formation_energy/atom,linear,train,20000,2,0.977569,20000,134875
orb,formation_energy/atom,linear,train,20000,3,0.977564,20000,134875
orb,formation_energy/atom,linear,train,20000,4,0.977754,20000,134875
orb,formation_energy/atom,linear,train,20000,5,0.977904,20000,134875
orb,energy_above_hull,xgboost,train,50,0,0.088033,20000,134875
orb,energy_above_hull,xgboost,train,50,1,0.418505,20000,134875
orb,energy_above_hull,xgboost,train,50,2,0.107810,20000,134875
orb,energy_above_hull,xgboost,train,50,3,0.231375,20000,134875
orb,energy_above_hull,xgboost,train,50,4,0.126812,20000,134875
orb,energy_above_hull,xgboost,train,50,5,0.266189,20000,134875
orb,energy_above_hull,xgboost,train,50,6,0.045238,20000,134875
orb,energy_above_hull,xgboost,train,50,7,0.098651,20000,134875
orb,energy_above_hull,xgboost,train,50,8,0.243606,20000,134875
orb,energy_above_hull,xgboost,train,50,9,0.107946,20000,134875
orb,energy_above_hull,xgboost,train,50,10,-1.262208,20000,134875
orb,energy_above_hull,xgboost,train,50,11,0.040901,20000,134875
orb,energy_above_hull,xgboost,train,50,12,-0.019161,20000,134875
orb,energy_above_hull,xgboost,train,50,13,-0.888759,20000,134875
orb,energy_above_hull,xgboost,train,50,14,0.204615,20000,134875
orb,energy_above_hull,xgboost,train,50,15,0.083339,20000,134875
orb,energy_above_hull,xgboost,train,50,16,0.280577,20000,134875
orb,energy_above_hull,xgboost,train,50,17,0.179692,20000,134875
orb,energy_above_hull,xgboost,train,50,18,0.161588,20000,134875
orb,energy_above_hull,xgboost,train,50,19,0.242302,20000,134875
orb,energy_above_hull,xgboost,train,50,20,0.255165,20000,134875
orb,energy_above_hull,xgboost,train,50,21,0.220108,20000,134875
orb,energy_above_hull,xgboost,train,50,22,0.202860,20000,134875
orb,energy_above_hull,xgboost,train,50,23,0.314245,20000,134875
orb,energy_above_hull,xgboost,train,50,24,0.121593,20000,134875
orb,energy_above_hull,xgboost,train,50,25,0.251893,20000,134875
orb,energy_above_hull,xgboost,train,50,26,-0.044320,20000,134875
orb,energy_above_hull,xgboost,train,50,27,0.111101,20000,134875
orb,energy_above_hull,xgboost,train,50,28,0.053185,20000,134875
orb,energy_above_hull,xgboost,train,50,29,0.144321,20000,134875
orb,energy_above_hull,linear,train,50,0,0.012834,20000,134875
orb,energy_above_hull,linear,train,50,1,0.476305,20000,134875
orb,energy_above_hull,linear,train,50,2,0.497204,20000,134875
orb,energy_above_hull,linear,train,50,3,0.499179,20000,134875
orb,energy_above_hull,linear,train,50,4,0.509369,20000,134875
orb,energy_above_hull,linear,train,50,5,0.134301,20000,134875
orb,energy_above_hull,linear,train,50,6,-0.026096,20000,134875
orb,energy_above_hull,linear,train,50,7,0.494129,20000,134875
orb,energy_above_hull,linear,train,50,8,0.283195,20000,134875
orb,energy_above_hull,linear,train,50,9,0.106543,20000,134875
orb,energy_above_hull,linear,train,50,10,0.531304,20000,134875
orb,energy_above_hull,linear,train,50,11,0.196797,20000,134875
orb,energy_above_hull,linear,train,50,12,0.216878,20000,134875
orb,energy_above_hull,linear,train,50,13,0.038617,20000,134875
orb,energy_above_hull,linear,train,50,14,0.494695,20000,134875
orb,energy_above_hull,linear,train,50,15,0.392123,20000,134875
orb,energy_above_hull,linear,train,50,16,0.359626,20000,134875
orb,energy_above_hull,linear,train,50,17,0.097277,20000,134875
orb,energy_above_hull,linear,train,50,18,0.039192,20000,134875
orb,energy_above_hull,linear,train,50,19,0.258153,20000,134875
orb,energy_above_hull,linear,train,50,20,0.461268,20000,134875
orb,energy_above_hull,linear,train,50,21,0.203257,20000,134875
orb,energy_above_hull,linear,train,50,22,0.159010,20000,134875
orb,energy_above_hull,linear,train,50,23,0.405574,20000,134875
orb,energy_above_hull,linear,train,50,24,0.393153,20000,134875
orb,energy_above_hull,linear,train,50,25,0.508356,20000,134875
orb,energy_above_hull,linear,train,50,26,0.223134,20000,134875
orb,energy_above_hull,linear,train,50,27,0.305941,20000,134875
orb,energy_above_hull,linear,train,50,28,-0.038286,20000,134875
orb,energy_above_hull,linear,train,50,29,0.236075,20000,134875
orb,energy_above_hull,xgboost,train,100,0,0.473556,20000,134875
orb,energy_above_hull,xgboost,train,100,1,0.442869,20000,134875
orb,energy_above_hull,xgboost,train,100,2,0.178296,20000,134875
orb,energy_above_hull,xgboost,train,100,3,0.500073,20000,134875
orb,energy_above_hull,xgboost,train,100,4,0.367053,20000,134875
orb,energy_above_hull,xgboost,train,100,5,0.224588,20000,134875
orb,energy_above_hull,xgboost,train,100,6,0.259188,20000,134875
orb,energy_above_hull,xgboost,train,100,7,0.556286,20000,134875
orb,energy_above_hull,xgboost,train,100,8,0.553885,20000,134875
orb,energy_above_hull,xgboost,train,100,9,0.510474,20000,134875
orb,energy_above_hull,xgboost,train,100,10,0.379874,20000,134875
orb,energy_above_hull,xgboost,train,100,11,0.153889,20000,134875
orb,energy_above_hull,xgboost,train,100,12,0.478795,20000,134875
orb,energy_above_hull,xgboost,train,100,13,0.217361,20000,134875
orb,energy_above_hull,xgboost,train,100,14,0.459585,20000,134875
orb,energy_above_hull,xgboost,train,100,15,0.530091,20000,134875
orb,energy_above_hull,xgboost,train,100,16,0.291357,20000,134875
orb,energy_above_hull,xgboost,train,100,17,0.465227,20000,134875
orb,energy_above_hull,xgboost,train,100,18,0.474951,20000,134875
orb,energy_above_hull,xgboost,train,100,19,0.344365,20000,134875
orb,energy_above_hull,xgboost,train,100,20,0.498155,20000,134875
orb,energy_above_hull,xgboost,train,100,21,0.083799,20000,134875
orb,energy_above_hull,xgboost,train,100,22,0.280315,20000,134875
orb,energy_above_hull,xgboost,train,100,23,0.196196,20000,134875
orb,energy_above_hull,xgboost,train,100,24,0.592645,20000,134875
orb,energy_above_hull,xgboost,train,100,25,0.373509,20000,134875
orb,energy_above_hull,xgboost,train,100,26,0.321672,20000,134875
orb,energy_above_hull,xgboost,train,100,27,0.435929,20000,134875
orb,energy_above_hull,xgboost,train,100,28,0.390027,20000,134875
orb,energy_above_hull,xgboost,train,100,29,0.368987,20000,134875
orb,energy_above_hull,linear,train,100,0,0.535041,20000,134875
orb,energy_above_hull,linear,train,100,1,0.553002,20000,134875
orb,energy_above_hull,linear,train,100,2,0.375257,20000,134875
orb,energy_above_hull,linear,train,100,3,0.458902,20000,134875
orb,energy_above_hull,linear,train,100,4,0.425169,20000,134875
orb,energy_above_hull,linear,train,100,5,0.429469,20000,134875
orb,energy_above_hull,linear,train,100,6,0.198657,20000,134875
orb,energy_above_hull,linear,train,100,7,0.645329,20000,134875
orb,energy_above_hull,linear,train,100,8,0.465505,20000,134875
orb,energy_above_hull,linear,train,100,9,0.573579,20000,134875
orb,energy_above_hull,linear,train,100,10,0.543003,20000,134875
orb,energy_above_hull,linear,train,100,11,0.508158,20000,134875
orb,energy_above_hull,linear,train,100,12,0.452904,20000,134875
orb,energy_above_hull,linear,train,100,13,0.495083,20000,134875
orb,energy_above_hull,linear,train,100,14,0.477757,20000,134875
orb,energy_above_hull,linear,train,100,15,0.529523,20000,134875
orb,energy_above_hull,linear,train,100,16,0.397495,20000,134875
orb,energy_above_hull,linear,train,100,17,0.415452,20000,134875
orb,energy_above_hull,linear,train,100,18,0.598911,20000,134875
orb,energy_above_hull,linear,train,100,19,0.481398,20000,134875
orb,energy_above_hull,linear,train,100,20,0.482831,20000,134875
orb,energy_above_hull,linear,train,100,21,0.223670,20000,134875
orb,energy_above_hull,linear,train,100,22,0.117732,20000,134875
orb,energy_above_hull,linear,train,100,23,0.488683,20000,134875
orb,energy_above_hull,linear,train,100,24,0.573567,20000,134875
orb,energy_above_hull,linear,train,100,25,0.523276,20000,134875
orb,energy_above_hull,linear,train,100,26,0.515588,20000,134875
orb,energy_above_hull,linear,train,100,27,0.533359,20000,134875
orb,energy_above_hull,linear,train,100,28,0.369256,20000,134875
orb,energy_above_hull,linear,train,100,29,0.548734,20000,134875
orb,energy_above_hull,xgboost,train,200,0,0.595885,20000,134875
orb,energy_above_hull,xgboost,train,200,1,0.653102,20000,134875
orb,energy_above_hull,xgboost,train,200,2,0.605042,20000,134875
orb,energy_above_hull,xgboost,train,200,3,0.651256,20000,134875
orb,energy_above_hull,xgboost,train,200,4,0.374749,20000,134875
orb,energy_above_hull,xgboost,train,200,5,0.642714,20000,134875
orb,energy_above_hull,xgboost,train,200,6,0.565035,20000,134875
orb,energy_above_hull,xgboost,train,200,7,0.560931,20000,134875
orb,energy_above_hull,xgboost,train,200,8,-0.321990,20000,134875
orb,energy_above_hull,xgboost,train,200,9,0.290064,20000,134875
orb,energy_above_hull,xgboost,train,200,10,0.612321,20000,134875
orb,energy_above_hull,xgboost,train,200,11,0.603890,20000,134875
orb,energy_above_hull,xgboost,train,200,12,0.514851,20000,134875
orb,energy_above_hull,xgboost,train,200,13,0.582808,20000,134875
orb,energy_above_hull,xgboost,train,200,14,0.391948,20000,134875
orb,energy_above_hull,xgboost,train,200,15,0.666557,20000,134875
orb,energy_above_hull,xgboost,train,200,16,0.384819,20000,134875
orb,energy_above_hull,xgboost,train,200,17,0.335946,20000,134875
orb,energy_above_hull,xgboost,train,200,18,0.633393,20000,134875
orb,energy_above_hull,xgboost,train,200,19,0.489052,20000,134875
orb,energy_above_hull,xgboost,train,200,20,0.539180,20000,134875
orb,energy_above_hull,xgboost,train,200,21,0.547201,20000,134875
orb,energy_above_hull,xgboost,train,200,22,0.654717,20000,134875
orb,energy_above_hull,xgboost,train,200,23,0.572944,20000,134875
orb,energy_above_hull,xgboost,train,200,24,0.097374,20000,134875
orb,energy_above_hull,xgboost,train,200,25,0.642582,20000,134875
orb,energy_above_hull,xgboost,train,200,26,0.360933,20000,134875
orb,energy_above_hull,xgboost,train,200,27,0.364184,20000,134875
orb,energy_above_hull,xgboost,train,200,28,0.397722,20000,134875
orb,energy_above_hull,xgboost,train,200,29,0.535749,20000,134875
orb,energy_above_hull,linear,train,200,0,0.605672,20000,134875
orb,energy_above_hull,linear,train,200,1,0.675371,20000,134875
orb,energy_above_hull,linear,train,200,2,0.647626,20000,134875
orb,energy_above_hull,linear,train,200,3,0.368337,20000,134875
orb,energy_above_hull,linear,train,200,4,0.558552,20000,134875
orb,energy_above_hull,linear,train,200,5,0.644531,20000,134875
orb,energy_above_hull,linear,train,200,6,0.644327,20000,134875
orb,energy_above_hull,linear,train,200,7,0.661265,20000,134875
orb,energy_above_hull,linear,train,200,8,0.538734,20000,134875
orb,energy_above_hull,linear,train,200,9,0.561723,20000,134875
orb,energy_above_hull,linear,train,200,10,0.510880,20000,134875
orb,energy_above_hull,linear,train,200,11,0.625744,20000,134875
orb,energy_above_hull,linear,train,200,12,0.481122,20000,134875
orb,energy_above_hull,linear,train,200,13,0.528268,20000,134875
orb,energy_above_hull,linear,train,200,14,0.481778,20000,134875
orb,energy_above_hull,linear,train,200,15,0.657514,20000,134875
orb,energy_above_hull,linear,train,200,16,0.406356,20000,134875
orb,energy_above_hull,linear,train,200,17,0.452534,20000,134875
orb,energy_above_hull,linear,train,200,18,0.652983,20000,134875
orb,energy_above_hull,linear,train,200,19,0.482391,20000,134875
orb,energy_above_hull,linear,train,200,20,0.195649,20000,134875
orb,energy_above_hull,linear,train,200,21,0.460221,20000,134875
orb,energy_above_hull,linear,train,200,22,0.671930,20000,134875
orb,energy_above_hull,linear,train,200,23,0.610026,20000,134875
orb,energy_above_hull,linear,train,200,24,0.589710,20000,134875
orb,energy_above_hull,linear,train,200,25,0.677413,20000,134875
orb,energy_above_hull,linear,train,200,26,0.498295,20000,134875
orb,energy_above_hull,linear,train,200,27,0.431264,20000,134875
orb,energy_above_hull,linear,train,200,28,0.603373,20000,134875
orb,energy_above_hull,linear,train,200,29,0.570069,20000,134875
orb,energy_above_hull,xgboost,train,500,0,0.669612,20000,134875
orb,energy_above_hull,xgboost,train,500,1,0.549668,20000,134875
orb,energy_above_hull,xgboost,train,500,2,0.726338,20000,134875
orb,energy_above_hull,xgboost,train,500,3,0.715930,20000,134875
orb,energy_above_hull,xgboost,train,500,4,0.746068,20000,134875
orb,energy_above_hull,xgboost,train,500,5,0.666256,20000,134875
orb,energy_above_hull,xgboost,train,500,6,0.686208,20000,134875
orb,energy_above_hull,xgboost,train,500,7,0.643254,20000,134875
orb,energy_above_hull,xgboost,train,500,8,0.644526,20000,134875
orb,energy_above_hull,xgboost,train,500,9,0.697357,20000,134875
orb,energy_above_hull,xgboost,train,500,10,0.672935,20000,134875
orb,energy_above_hull,xgboost,train,500,11,0.751442,20000,134875
orb,energy_above_hull,xgboost,train,500,12,0.714994,20000,134875
orb,energy_above_hull,xgboost,train,500,13,0.678040,20000,134875
orb,energy_above_hull,xgboost,train,500,14,0.696358,20000,134875
orb,energy_above_hull,xgboost,train,500,15,0.661674,20000,134875
orb,energy_above_hull,xgboost,train,500,16,0.692044,20000,134875
orb,energy_above_hull,xgboost,train,500,17,0.665572,20000,134875
orb,energy_above_hull,xgboost,train,500,18,0.716231,20000,134875
orb,energy_above_hull,xgboost,train,500,19,0.671581,20000,134875
orb,energy_above_hull,xgboost,train,500,20,0.713080,20000,134875
orb,energy_above_hull,xgboost,train,500,21,0.725762,20000,134875
orb,energy_above_hull,xgboost,train,500,22,0.692379,20000,134875
orb,energy_above_hull,xgboost,train,500,23,0.655673,20000,134875
orb,energy_above_hull,xgboost,train,500,24,0.628841,20000,134875
orb,energy_above_hull,xgboost,train,500,25,0.636470,20000,134875
orb,energy_above_hull,xgboost,train,500,26,0.679599,20000,134875
orb,energy_above_hull,xgboost,train,500,27,0.642475,20000,134875
orb,energy_above_hull,xgboost,train,500,28,0.633574,20000,134875
orb,energy_above_hull,xgboost,train,500,29,0.600326,20000,134875
orb,energy_above_hull,linear,train,500,0,0.690735,20000,134875
orb,energy_above_hull,linear,train,500,1,0.647158,20000,134875
orb,energy_above_hull,linear,train,500,2,0.736416,20000,134875
orb,energy_above_hull,linear,train,500,3,0.519551,20000,134875
orb,energy_above_hull,linear,train,500,4,0.746705,20000,134875
orb,energy_above_hull,linear,train,500,5,0.733900,20000,134875
orb,energy_above_hull,linear,train,500,6,0.620723,20000,134875
orb,energy_above_hull,linear,train,500,7,0.716138,20000,134875
orb,energy_above_hull,linear,train,500,8,0.671598,20000,134875
orb,energy_above_hull,linear,train,500,9,0.696453,20000,134875
orb,energy_above_hull,linear,train,500,10,0.730992,20000,134875
orb,energy_above_hull,linear,train,500,11,0.753474,20000,134875
orb,energy_above_hull,linear,train,500,12,0.735873,20000,134875
orb,energy_above_hull,linear,train,500,13,0.686714,20000,134875
orb,energy_above_hull,linear,train,500,14,0.717707,20000,134875
orb,energy_above_hull,linear,train,500,15,0.703941,20000,134875
orb,energy_above_hull,linear,train,500,16,0.733665,20000,134875
orb,energy_above_hull,linear,train,500,17,0.660994,20000,134875
orb,energy_above_hull,linear,train,500,18,0.703203,20000,134875
orb,energy_above_hull,linear,train,500,19,0.714681,20000,134875
orb,energy_above_hull,linear,train,500,20,0.693010,20000,134875
orb,energy_above_hull,linear,train,500,21,0.744273,20000,134875
orb,energy_above_hull,linear,train,500,22,0.675197,20000,134875
orb,energy_above_hull,linear,train,500,23,0.715130,20000,134875
orb,energy_above_hull,linear,train,500,24,0.669009,20000,134875
orb,energy_above_hull,linear,train,500,25,0.677606,20000,134875
orb,energy_above_hull,linear,train,500,26,0.724704,20000,134875
orb,energy_above_hull,linear,train,500,27,0.696552,20000,134875
orb,energy_above_hull,linear,train,500,28,0.730486,20000,134875
orb,energy_above_hull,linear,train,500,29,0.606714,20000,134875
orb,energy_above_hull,xgboost,train,1000,0,0.769066,20000,134875
orb,energy_above_hull,xgboost,train,1000,1,0.769889,20000,134875
orb,energy_above_hull,xgboost,train,1000,2,0.642915,20000,134875
orb,energy_above_hull,xgboost,train,1000,3,0.720569,20000,134875
orb,energy_above_hull,xgboost,train,1000,4,0.764067,20000,134875
orb,energy_above_hull,xgboost,train,1000,5,0.710708,20000,134875
orb,energy_above_hull,xgboost,train,1000,6,0.756155,20000,134875
orb,energy_above_hull,xgboost,train,1000,7,0.768184,20000,134875
orb,energy_above_hull,xgboost,train,1000,8,0.700084,20000,134875
orb,energy_above_hull,xgboost,train,1000,9,0.766442,20000,134875
orb,energy_above_hull,xgboost,train,1000,10,0.759811,20000,134875
orb,energy_above_hull,xgboost,train,1000,11,0.802802,20000,134875
orb,energy_above_hull,xgboost,train,1000,12,0.786453,20000,134875
orb,energy_above_hull,xgboost,train,1000,13,0.749503,20000,134875
orb,energy_above_hull,xgboost,train,1000,14,0.728013,20000,134875
orb,energy_above_hull,xgboost,train,1000,15,0.792664,20000,134875
orb,energy_above_hull,xgboost,train,1000,16,0.737525,20000,134875
orb,energy_above_hull,xgboost,train,1000,17,0.768122,20000,134875
orb,energy_above_hull,xgboost,train,1000,18,0.765293,20000,134875
orb,energy_above_hull,xgboost,train,1000,19,0.770143,20000,134875
orb,energy_above_hull,xgboost,train,1000,20,0.773993,20000,134875
orb,energy_above_hull,xgboost,train,1000,21,0.762817,20000,134875
orb,energy_above_hull,xgboost,train,1000,22,0.739064,20000,134875
orb,energy_above_hull,xgboost,train,1000,23,0.798502,20000,134875
orb,energy_above_hull,xgboost,train,1000,24,0.745634,20000,134875
orb,energy_above_hull,xgboost,train,1000,25,0.742552,20000,134875
orb,energy_above_hull,xgboost,train,1000,26,0.783092,20000,134875
orb,energy_above_hull,xgboost,train,1000,27,0.741837,20000,134875
orb,energy_above_hull,xgboost,train,1000,28,0.806709,20000,134875
orb,energy_above_hull,xgboost,train,1000,29,0.729515,20000,134875
orb,energy_above_hull,linear,train,1000,0,0.783437,20000,134875
orb,energy_above_hull,linear,train,1000,1,0.776279,20000,134875
orb,energy_above_hull,linear,train,1000,2,0.761765,20000,134875
orb,energy_above_hull,linear,train,1000,3,0.776245,20000,134875
orb,energy_above_hull,linear,train,1000,4,0.773504,20000,134875
orb,energy_above_hull,linear,train,1000,5,0.755140,20000,134875
orb,energy_above_hull,linear,train,1000,6,0.755912,20000,134875
orb,energy_above_hull,linear,train,1000,7,0.785354,20000,134875
orb,energy_above_hull,linear,train,1000,8,0.737955,20000,134875
orb,energy_above_hull,linear,train,1000,9,0.781921,20000,134875
orb,energy_above_hull,linear,train,1000,10,0.779214,20000,134875
orb,energy_above_hull,linear,train,1000,11,0.727217,20000,134875
orb,energy_above_hull,linear,train,1000,12,0.781344,20000,134875
orb,energy_above_hull,linear,train,1000,13,0.786537,20000,134875
orb,energy_above_hull,linear,train,1000,14,0.749829,20000,134875
orb,energy_above_hull,linear,train,1000,15,0.779127,20000,134875
orb,energy_above_hull,linear,train,1000,16,0.777549,20000,134875
orb,energy_above_hull,linear,train,1000,17,0.777003,20000,134875
orb,energy_above_hull,linear,train,1000,18,0.771845,20000,134875
orb,energy_above_hull,linear,train,1000,19,0.764158,20000,134875
orb,energy_above_hull,linear,train,1000,20,0.788933,20000,134875
orb,energy_above_hull,linear,train,1000,21,0.767677,20000,134875
orb,energy_above_hull,linear,train,1000,22,0.781489,20000,134875
orb,energy_above_hull,linear,train,1000,23,0.773375,20000,134875
orb,energy_above_hull,linear,train,1000,24,0.775513,20000,134875
orb,energy_above_hull,linear,train,1000,25,0.734586,20000,134875
orb,energy_above_hull,linear,train,1000,26,0.758731,20000,134875
orb,energy_above_hull,linear,train,1000,27,0.765147,20000,134875
orb,energy_above_hull,linear,train,1000,28,0.751102,20000,134875
orb,energy_above_hull,linear,train,1000,29,0.774576,20000,134875
orb,energy_above_hull,xgboost,train,2000,0,0.817223,20000,134875
orb,energy_above_hull,xgboost,train,2000,1,0.817803,20000,134875
orb,energy_above_hull,xgboost,train,2000,2,0.793327,20000,134875
orb,energy_above_hull,xgboost,train,2000,3,0.845977,20000,134875
orb,energy_above_hull,xgboost,train,2000,4,0.825552,20000,134875
orb,energy_above_hull,xgboost,train,2000,5,0.817760,20000,134875
orb,energy_above_hull,xgboost,train,2000,6,0.831559,20000,134875
orb,energy_above_hull,xgboost,train,2000,7,0.794598,20000,134875
orb,energy_above_hull,xgboost,train,2000,8,0.805106,20000,134875
orb,energy_above_hull,xgboost,train,2000,9,0.831550,20000,134875
orb,energy_above_hull,xgboost,train,2000,10,0.810388,20000,134875
orb,energy_above_hull,xgboost,train,2000,11,0.817419,20000,134875
orb,energy_above_hull,xgboost,train,2000,12,0.809285,20000,134875
orb,energy_above_hull,xgboost,train,2000,13,0.775194,20000,134875
orb,energy_above_hull,xgboost,train,2000,14,0.822673,20000,134875
orb,energy_above_hull,xgboost,train,2000,15,0.811414,20000,134875
orb,energy_above_hull,xgboost,train,2000,16,0.831747,20000,134875
orb,energy_above_hull,xgboost,train,2000,17,0.791820,20000,134875
orb,energy_above_hull,xgboost,train,2000,18,0.818668,20000,134875
orb,energy_above_hull,xgboost,train,2000,19,0.819104,20000,134875
orb,energy_above_hull,xgboost,train,2000,20,0.824036,20000,134875
orb,energy_above_hull,xgboost,train,2000,21,0.829250,20000,134875
orb,energy_above_hull,xgboost,train,2000,22,0.808946,20000,134875
orb,energy_above_hull,xgboost,train,2000,23,0.786574,20000,134875
orb,energy_above_hull,xgboost,train,2000,24,0.791563,20000,134875
orb,energy_above_hull,xgboost,train,2000,25,0.814446,20000,134875
orb,energy_above_hull,xgboost,train,2000,26,0.832370,20000,134875
orb,energy_above_hull,xgboost,train,2000,27,0.839044,20000,134875
orb,energy_above_hull,xgboost,train,2000,28,0.818162,20000,134875
orb,energy_above_hull,xgboost,train,2000,29,0.832727,20000,134875
orb,energy_above_hull,linear,train,2000,0,0.828897,20000,134875
orb,energy_above_hull,linear,train,2000,1,0.835006,20000,134875
orb,energy_above_hull,linear,train,2000,2,0.827933,20000,134875
orb,energy_above_hull,linear,train,2000,3,0.826343,20000,134875
orb,energy_above_hull,linear,train,2000,4,0.830760,20000,134875
orb,energy_above_hull,linear,train,2000,5,0.792635,20000,134875
orb,energy_above_hull,linear,train,2000,6,0.828436,20000,134875
orb,energy_above_hull,linear,train,2000,7,0.828986,20000,134875
orb,energy_above_hull,linear,train,2000,8,0.828460,20000,134875
orb,energy_above_hull,linear,train,2000,9,0.831368,20000,134875
orb,energy_above_hull,linear,train,2000,10,0.820957,20000,134875
orb,energy_above_hull,linear,train,2000,11,0.802147,20000,134875
orb,energy_above_hull,linear,train,2000,12,0.828670,20000,134875
orb,energy_above_hull,linear,train,2000,13,0.821963,20000,134875
orb,energy_above_hull,linear,train,2000,14,0.822811,20000,134875
orb,energy_above_hull,linear,train,2000,15,0.837132,20000,134875
orb,energy_above_hull,linear,train,2000,16,0.821979,20000,134875
orb,energy_above_hull,linear,train,2000,17,0.820580,20000,134875
orb,energy_above_hull,linear,train,2000,18,0.832571,20000,134875
orb,energy_above_hull,linear,train,2000,19,0.816185,20000,134875
orb,energy_above_hull,linear,train,2000,20,0.836670,20000,134875
orb,energy_above_hull,linear,train,2000,21,0.829764,20000,134875
orb,energy_above_hull,linear,train,2000,22,0.827470,20000,134875
orb,energy_above_hull,linear,train,2000,23,0.835755,20000,134875
orb,energy_above_hull,linear,train,2000,24,0.799873,20000,134875
orb,energy_above_hull,linear,train,2000,25,0.826928,20000,134875
orb,energy_above_hull,linear,train,2000,26,0.811110,20000,134875
orb,energy_above_hull,linear,train,2000,27,0.824812,20000,134875
orb,energy_above_hull,linear,train,2000,28,0.816953,20000,134875
orb,energy_above_hull,linear,train,2000,29,0.830229,20000,134875
orb,energy_above_hull,xgboost,train,5000,0,0.873108,20000,134875
orb,energy_above_hull,xgboost,train,5000,1,0.878209,20000,134875
orb,energy_above_hull,xgboost,train,5000,2,0.868947,20000,134875
orb,energy_above_hull,xgboost,train,5000,3,0.874443,20000,134875
orb,energy_above_hull,xgboost,train,5000,4,0.881161,20000,134875
orb,energy_above_hull,xgboost,train,5000,5,0.870020,20000,134875
orb,energy_above_hull,xgboost,train,5000,6,0.862681,20000,134875
orb,energy_above_hull,xgboost,train,5000,7,0.874021,20000,134875
orb,energy_above_hull,xgboost,train,5000,8,0.877762,20000,134875
orb,energy_above_hull,xgboost,train,5000,9,0.872289,20000,134875
orb,energy_above_hull,linear,train,5000,0,0.853109,20000,134875
orb,energy_above_hull,linear,train,5000,1,0.850356,20000,134875
orb,energy_above_hull,linear,train,5000,2,0.854093,20000,134875
orb,energy_above_hull,linear,train,5000,3,0.852206,20000,134875
orb,energy_above_hull,linear,train,5000,4,0.853554,20000,134875
orb,energy_above_hull,linear,train,5000,5,0.855607,20000,134875
orb,energy_above_hull,linear,train,5000,6,0.846992,20000,134875
orb,energy_above_hull,linear,train,5000,7,0.851709,20000,134875
orb,energy_above_hull,linear,train,5000,8,0.847283,20000,134875
orb,energy_above_hull,linear,train,5000,9,0.850618,20000,134875
orb,energy_above_hull,xgboost,train,7000,0,0.878410,20000,134875
orb,energy_above_hull,xgboost,train,7000,1,0.890090,20000,134875
orb,energy_above_hull,xgboost,train,7000,2,0.879814,20000,134875
orb,energy_above_hull,xgboost,train,7000,3,0.889301,20000,134875
orb,energy_above_hull,xgboost,train,7000,4,0.888180,20000,134875
orb,energy_above_hull,xgboost,train,7000,5,0.891996,20000,134875
orb,energy_above_hull,xgboost,train,7000,6,0.885152,20000,134875
orb,energy_above_hull,linear,train,7000,0,0.855340,20000,134875
orb,energy_above_hull,linear,train,7000,1,0.855360,20000,134875
orb,energy_above_hull,linear,train,7000,2,0.853605,20000,134875
orb,energy_above_hull,linear,train,7000,3,0.858311,20000,134875
orb,energy_above_hull,linear,train,7000,4,0.857540,20000,134875
orb,energy_above_hull,linear,train,7000,5,0.854154,20000,134875
orb,energy_above_hull,linear,train,7000,6,0.857654,20000,134875
orb,energy_above_hull,xgboost,train,10000,0,0.902105,20000,134875
orb,energy_above_hull,xgboost,train,10000,1,0.902491,20000,134875
orb,energy_above_hull,xgboost,train,10000,2,0.902773,20000,134875
orb,energy_above_hull,xgboost,train,10000,3,0.899605,20000,134875
orb,energy_above_hull,xgboost,train,10000,4,0.895097,20000,134875
orb,energy_above_hull,xgboost,train,10000,5,0.900826,20000,134875
orb,energy_above_hull,xgboost,train,10000,6,0.902747,20000,134875
orb,energy_above_hull,linear,train,10000,0,0.860135,20000,134875
orb,energy_above_hull,linear,train,10000,1,0.858477,20000,134875
orb,energy_above_hull,linear,train,10000,2,0.858273,20000,134875
orb,energy_above_hull,linear,train,10000,3,0.858957,20000,134875
orb,energy_above_hull,linear,train,10000,4,0.859003,20000,134875
orb,energy_above_hull,linear,train,10000,5,0.860407,20000,134875
orb,energy_above_hull,linear,train,10000,6,0.860176,20000,134875
orb,energy_above_hull,xgboost,train,20000,0,0.917468,20000,134875
orb,energy_above_hull,xgboost,train,20000,1,0.918395,20000,134875
orb,energy_above_hull,xgboost,train,20000,2,0.917462,20000,134875
orb,energy_above_hull,xgboost,train,20000,3,0.921655,20000,134875
orb,energy_above_hull,xgboost,train,20000,4,0.918893,20000,134875
orb,energy_above_hull,xgboost,train,20000,5,0.913320,20000,134875
orb,energy_above_hull,linear,train,20000,0,0.863333,20000,134875
orb,energy_above_hull,linear,train,20000,1,0.863363,20000,134875
orb,energy_above_hull,linear,train,20000,2,0.863193,20000,134875
orb,energy_above_hull,linear,train,20000,3,0.864067,20000,134875
orb,energy_above_hull,linear,train,20000,4,0.863194,20000,134875
orb,energy_above_hull,linear,train,20000,5,0.863175,20000,134875
orb,band_gap,xgboost,train,50,0,0.285484,20000,134875
orb,band_gap,xgboost,train,50,1,0.288844,20000,134875
orb,band_gap,xgboost,train,50,2,0.359900,20000,134875
orb,band_gap,xgboost,train,50,3,0.158220,20000,134875
orb,band_gap,xgboost,train,50,4,0.293411,20000,134875
orb,band_gap,xgboost,train,50,5,0.313636,20000,134875
orb,band_gap,xgboost,train,50,6,0.390791,20000,134875
orb,band_gap,xgboost,train,50,7,0.203394,20000,134875
orb,band_gap,xgboost,train,50,8,0.200475,20000,134875
orb,band_gap,xgboost,train,50,9,0.256148,20000,134875
orb,band_gap,xgboost,train,50,10,0.299356,20000,134875
orb,band_gap,xgboost,train,50,11,0.146635,20000,134875
orb,band_gap,xgboost,train,50,12,-0.035830,20000,134875
orb,band_gap,xgboost,train,50,13,0.213493,20000,134875
orb,band_gap,xgboost,train,50,14,0.198692,20000,134875
orb,band_gap,xgboost,train,50,15,-0.001806,20000,134875
orb,band_gap,xgboost,train,50,16,0.251608,20000,134875
orb,band_gap,xgboost,train,50,17,0.348299,20000,134875
orb,band_gap,xgboost,train,50,18,0.364155,20000,134875
orb,band_gap,xgboost,train,50,19,0.251670,20000,134875
orb,band_gap,xgboost,train,50,20,0.130316,20000,134875
orb,band_gap,xgboost,train,50,21,0.271969,20000,134875
orb,band_gap,xgboost,train,50,22,0.303792,20000,134875
orb,band_gap,xgboost,train,50,23,0.115972,20000,134875
orb,band_gap,xgboost,train,50,24,0.289307,20000,134875
orb,band_gap,xgboost,train,50,25,0.263769,20000,134875
orb,band_gap,xgboost,train,50,26,0.400853,20000,134875
orb,band_gap,xgboost,train,50,27,0.269300,20000,134875
orb,band_gap,xgboost,train,50,28,0.318002,20000,134875
orb,band_gap,xgboost,train,50,29,0.301190,20000,134875
orb,band_gap,linear,train,50,0,0.397924,20000,134875
orb,band_gap,linear,train,50,1,0.388549,20000,134875
orb,band_gap,linear,train,50,2,0.432526,20000,134875
orb,band_gap,linear,train,50,3,0.283220,20000,134875
orb,band_gap,linear,train,50,4,0.382789,20000,134875
orb,band_gap,linear,train,50,5,0.328926,20000,134875
orb,band_gap,linear,train,50,6,0.493982,20000,134875
orb,band_gap,linear,train,50,7,0.295825,20000,134875
orb,band_gap,linear,train,50,8,0.426685,20000,134875
orb,band_gap,linear,train,50,9,0.381085,20000,134875
orb,band_gap,linear,train,50,10,0.436712,20000,134875
orb,band_gap,linear,train,50,11,0.454203,20000,134875
orb,band_gap,linear,train,50,12,0.162916,20000,134875
orb,band_gap,linear,train,50,13,0.346789,20000,134875
orb,band_gap,linear,train,50,14,0.112810,20000,134875
orb,band_gap,linear,train,50,15,0.480384,20000,134875
orb,band_gap,linear,train,50,16,0.469704,20000,134875
orb,band_gap,linear,train,50,17,0.462332,20000,134875
orb,band_gap,linear,train,50,18,0.452632,20000,134875
orb,band_gap,linear,train,50,19,0.524227,20000,134875
orb,band_gap,linear,train,50,20,0.378099,20000,134875
orb,band_gap,linear,train,50,21,0.440369,20000,134875
orb,band_gap,linear,train,50,22,0.429264,20000,134875
orb,band_gap,linear,train,50,23,0.469305,20000,134875
orb,band_gap,linear,train,50,24,0.173832,20000,134875
orb,band_gap,linear,train,50,25,0.353754,20000,134875
orb,band_gap,linear,train,50,26,0.448415,20000,134875
orb,band_gap,linear,train,50,27,0.417592,20000,134875
orb,band_gap,linear,train,50,28,0.384132,20000,134875
orb,band_gap,linear,train,50,29,0.283464,20000,134875
orb,band_gap,xgboost,train,100,0,0.417287,20000,134875
orb,band_gap,xgboost,train,100,1,0.513887,20000,134875
orb,band_gap,xgboost,train,100,2,0.432589,20000,134875
orb,band_gap,xgboost,train,100,3,0.519058,20000,134875
orb,band_gap,xgboost,train,100,4,0.428254,20000,134875
orb,band_gap,xgboost,train,100,5,0.479451,20000,134875
orb,band_gap,xgboost,train,100,6,0.307376,20000,134875
orb,band_gap,xgboost,train,100,7,0.444073,20000,134875
orb,band_gap,xgboost,train,100,8,0.519112,20000,134875
orb,band_gap,xgboost,train,100,9,0.451259,20000,134875
orb,band_gap,xgboost,train,100,10,0.454818,20000,134875
orb,band_gap,xgboost,train,100,11,0.455473,20000,134875
orb,band_gap,xgboost,train,100,12,0.395564,20000,134875
orb,band_gap,xgboost,train,100,13,0.459484,20000,134875
orb,band_gap,xgboost,train,100,14,0.445332,20000,134875
orb,band_gap,xgboost,train,100,15,0.362003,20000,134875
orb,band_gap,xgboost,train,100,16,0.420992,20000,134875
orb,band_gap,xgboost,train,100,17,0.373265,20000,134875
orb,band_gap,xgboost,train,100,18,0.381175,20000,134875
orb,band_gap,xgboost,train,100,19,0.446593,20000,134875
orb,band_gap,xgboost,train,100,20,0.433793,20000,134875
orb,band_gap,xgboost,train,100,21,0.473520,20000,134875
orb,band_gap,xgboost,train,100,22,0.401410,20000,134875
orb,band_gap,xgboost,train,100,23,0.442649,20000,134875
orb,band_gap,xgboost,train,100,24,0.387767,20000,134875
orb,band_gap,xgboost,train,100,25,0.448071,20000,134875
orb,band_gap,xgboost,train,100,26,0.405946,20000,134875
orb,band_gap,xgboost,train,100,27,0.453744,20000,134875
orb,band_gap,xgboost,train,100,28,0.366936,20000,134875
orb,band_gap,xgboost,train,100,29,0.315953,20000,134875
orb,band_gap,linear,train,100,0,0.540350,20000,134875
orb,band_gap,linear,train,100,1,0.531804,20000,134875
orb,band_gap,linear,train,100,2,0.512086,20000,134875
orb,band_gap,linear,train,100,3,0.513870,20000,134875
orb,band_gap,linear,train,100,4,0.493241,20000,134875
orb,band_gap,linear,train,100,5,0.560647,20000,134875
orb,band_gap,linear,train,100,6,0.487304,20000,134875
orb,band_gap,linear,train,100,7,0.486462,20000,134875
orb,band_gap,linear,train,100,8,0.522788,20000,134875
orb,band_gap,linear,train,100,9,0.569252,20000,134875
orb,band_gap,linear,train,100,10,0.529785,20000,134875
orb,band_gap,linear,train,100,11,0.508231,20000,134875
orb,band_gap,linear,train,100,12,0.513827,20000,134875
orb,band_gap,linear,train,100,13,0.552510,20000,134875
orb,band_gap,linear,train,100,14,0.529988,20000,134875
orb,band_gap,linear,train,100,15,0.361868,20000,134875
orb,band_gap,linear,train,100,16,0.537224,20000,134875
orb,band_gap,linear,train,100,17,0.497768,20000,134875
orb,band_gap,linear,train,100,18,0.503665,20000,134875
orb,band_gap,linear,train,100,19,0.534302,20000,134875
orb,band_gap,linear,train,100,20,0.553776,20000,134875
orb,band_gap,linear,train,100,21,0.522487,20000,134875
orb,band_gap,linear,train,100,22,0.563763,20000,134875
orb,band_gap,linear,train,100,23,0.516791,20000,134875
orb,band_gap,linear,train,100,24,0.555413,20000,134875
orb,band_gap,linear,train,100,25,0.520001,20000,134875
orb,band_gap,linear,train,100,26,0.535149,20000,134875
orb,band_gap,linear,train,100,27,0.545649,20000,134875
orb,band_gap,linear,train,100,28,0.444917,20000,134875
orb,band_gap,linear,train,100,29,0.473170,20000,134875
orb,band_gap,xgboost,train,200,0,0.563438,20000,134875
orb,band_gap,xgboost,train,200,1,0.552272,20000,134875
orb,band_gap,xgboost,train,200,2,0.488717,20000,134875
orb,band_gap,xgboost,train,200,3,0.536607,20000,134875
orb,band_gap,xgboost,train,200,4,0.566424,20000,134875
orb,band_gap,xgboost,train,200,5,0.555133,20000,134875
orb,band_gap,xgboost,train,200,6,0.539652,20000,134875
orb,band_gap,xgboost,train,200,7,0.553358,20000,134875
orb,band_gap,xgboost,train,200,8,0.548959,20000,134875
orb,band_gap,xgboost,train,200,9,0.566314,20000,134875
orb,band_gap,xgboost,train,200,10,0.511505,20000,134875
orb,band_gap,xgboost,train,200,11,0.574917,20000,134875
orb,band_gap,xgboost,train,200,12,0.544611,20000,134875
orb,band_gap,xgboost,train,200,13,0.445565,20000,134875
orb,band_gap,xgboost,train,200,14,0.562838,20000,134875
orb,band_gap,xgboost,train,200,15,0.547661,20000,134875
orb,band_gap,xgboost,train,200,16,0.550283,20000,134875
orb,band_gap,xgboost,train,200,17,0.446118,20000,134875
orb,band_gap,xgboost,train,200,18,0.557025,20000,134875
orb,band_gap,xgboost,train,200,19,0.549237,20000,134875
orb,band_gap,xgboost,train,200,20,0.560431,20000,134875
orb,band_gap,xgboost,train,200,21,0.555460,20000,134875
orb,band_gap,xgboost,train,200,22,0.529116,20000,134875
orb,band_gap,xgboost,train,200,23,0.521268,20000,134875
orb,band_gap,xgboost,train,200,24,0.601879,20000,134875
orb,band_gap,xgboost,train,200,25,0.520024,20000,134875
orb,band_gap,xgboost,train,200,26,0.539043,20000,134875
orb,band_gap,xgboost,train,200,27,0.541755,20000,134875
orb,band_gap,xgboost,train,200,28,0.524577,20000,134875
orb,band_gap,xgboost,train,200,29,0.595013,20000,134875
orb,band_gap,linear,train,200,0,0.593511,20000,134875
orb,band_gap,linear,train,200,1,0.568177,20000,134875
orb,band_gap,linear,train,200,2,0.565837,20000,134875
orb,band_gap,linear,train,200,3,0.553316,20000,134875
orb,band_gap,linear,train,200,4,0.550747,20000,134875
orb,band_gap,linear,train,200,5,0.580685,20000,134875
orb,band_gap,linear,train,200,6,0.554817,20000,134875
orb,band_gap,linear,train,200,7,0.565279,20000,134875
orb,band_gap,linear,train,200,8,0.571332,20000,134875
orb,band_gap,linear,train,200,9,0.545720,20000,134875
orb,band_gap,linear,train,200,10,0.547305,20000,134875
orb,band_gap,linear,train,200,11,0.558211,20000,134875
orb,band_gap,linear,train,200,12,0.557198,20000,134875
orb,band_gap,linear,train,200,13,0.515043,20000,134875
orb,band_gap,linear,train,200,14,0.561658,20000,134875
orb,band_gap,linear,train,200,15,0.507499,20000,134875
orb,band_gap,linear,train,200,16,0.586159,20000,134875
orb,band_gap,linear,train,200,17,0.524662,20000,134875
orb,band_gap,linear,train,200,18,0.554625,20000,134875
orb,band_gap,linear,train,200,19,0.575245,20000,134875
orb,band_gap,linear,train,200,20,0.576777,20000,134875
orb,band_gap,linear,train,200,21,0.577259,20000,134875
orb,band_gap,linear,train,200,22,0.604546,20000,134875
orb,band_gap,linear,train,200,23,0.531192,20000,134875
orb,band_gap,linear,train,200,24,0.517304,20000,134875
orb,band_gap,linear,train,200,25,0.528958,20000,134875
orb,band_gap,linear,train,200,26,0.542365,20000,134875
orb,band_gap,linear,train,200,27,0.539178,20000,134875
orb,band_gap,linear,train,200,28,0.526934,20000,134875
orb,band_gap,linear,train,200,29,0.554662,20000,134875
orb,band_gap,xgboost,train,500,0,0.659301,20000,134875
orb,band_gap,xgboost,train,500,1,0.652767,20000,134875
orb,band_gap,xgboost,train,500,2,0.676066,20000,134875
orb,band_gap,xgboost,train,500,3,0.682270,20000,134875
orb,band_gap,xgboost,train,500,4,0.663398,20000,134875
orb,band_gap,xgboost,train,500,5,0.670283,20000,134875
orb,band_gap,xgboost,train,500,6,0.633296,20000,134875
orb,band_gap,xgboost,train,500,7,0.646158,20000,134875
orb,band_gap,xgboost,train,500,8,0.674376,20000,134875
orb,band_gap,xgboost,train,500,9,0.635269,20000,134875
orb,band_gap,xgboost,train,500,10,0.677745,20000,134875
orb,band_gap,xgboost,train,500,11,0.651575,20000,134875
orb,band_gap,xgboost,train,500,12,0.662898,20000,134875
orb,band_gap,xgboost,train,500,13,0.649388,20000,134875
orb,band_gap,xgboost,train,500,14,0.656119,20000,134875
orb,band_gap,xgboost,train,500,15,0.657469,20000,134875
orb,band_gap,xgboost,train,500,16,0.672535,20000,134875
orb,band_gap,xgboost,train,500,17,0.672290,20000,134875
orb,band_gap,xgboost,train,500,18,0.671264,20000,134875
orb,band_gap,xgboost,train,500,19,0.659779,20000,134875
orb,band_gap,xgboost,train,500,20,0.680241,20000,134875
orb,band_gap,xgboost,train,500,21,0.678087,20000,134875
orb,band_gap,xgboost,train,500,22,0.620951,20000,134875
orb,band_gap,xgboost,train,500,23,0.638700,20000,134875
orb,band_gap,xgboost,train,500,24,0.684241,20000,134875
orb,band_gap,xgboost,train,500,25,0.674603,20000,134875
orb,band_gap,xgboost,train,500,26,0.677840,20000,134875
orb,band_gap,xgboost,train,500,27,0.677087,20000,134875
orb,band_gap,xgboost,train,500,28,0.667521,20000,134875
orb,band_gap,xgboost,train,500,29,0.675476,20000,134875
orb,band_gap,linear,train,500,0,0.605319,20000,134875
orb,band_gap,linear,train,500,1,0.616147,20000,134875
orb,band_gap,linear,train,500,2,0.621142,20000,134875
orb,band_gap,linear,train,500,3,0.583052,20000,134875
orb,band_gap,linear,train,500,4,0.611967,20000,134875
orb,band_gap,linear,train,500,5,0.579840,20000,134875
orb,band_gap,linear,train,500,6,0.583767,20000,134875
orb,band_gap,linear,train,500,7,0.595690,20000,134875
orb,band_gap,linear,train,500,8,0.587783,20000,134875
orb,band_gap,linear,train,500,9,0.584179,20000,134875
orb,band_gap,linear,train,500,10,0.586451,20000,134875
orb,band_gap,linear,train,500,11,0.587879,20000,134875
orb,band_gap,linear,train,500,12,0.598341,20000,134875
orb,band_gap,linear,train,500,13,0.593034,20000,134875
orb,band_gap,linear,train,500,14,0.590204,20000,134875
orb,band_gap,linear,train,500,15,0.591421,20000,134875
orb,band_gap,linear,train,500,16,0.620479,20000,134875
orb,band_gap,linear,train,500,17,0.604504,20000,134875
orb,band_gap,linear,train,500,18,0.608707,20000,134875
orb,band_gap,linear,train,500,19,0.615283,20000,134875
orb,band_gap,linear,train,500,20,0.628072,20000,134875
orb,band_gap,linear,train,500,21,0.612952,20000,134875
orb,band_gap,linear,train,500,22,0.596515,20000,134875
orb,band_gap,linear,train,500,23,0.588855,20000,134875
orb,band_gap,linear,train,500,24,0.598145,20000,134875
orb,band_gap,linear,train,500,25,0.607588,20000,134875
orb,band_gap,linear,train,500,26,0.621165,20000,134875
orb,band_gap,linear,train,500,27,0.597650,20000,134875
orb,band_gap,linear,train,500,28,0.613789,20000,134875
orb,band_gap,linear,train,500,29,0.603185,20000,134875
orb,band_gap,xgboost,train,1000,0,0.732790,20000,134875
orb,band_gap,xgboost,train,1000,1,0.748995,20000,134875
orb,band_gap,xgboost,train,1000,2,0.724104,20000,134875
orb,band_gap,xgboost,train,1000,3,0.737107,20000,134875
orb,band_gap,xgboost,train,1000,4,0.734991,20000,134875
orb,band_gap,xgboost,train,1000,5,0.737811,20000,134875
orb,band_gap,xgboost,train,1000,6,0.734863,20000,134875
orb,band_gap,xgboost,train,1000,7,0.727615,20000,134875
orb,band_gap,xgboost,train,1000,8,0.740260,20000,134875
orb,band_gap,xgboost,train,1000,9,0.731277,20000,134875
orb,band_gap,xgboost,train,1000,10,0.727627,20000,134875
orb,band_gap,xgboost,train,1000,11,0.731140,20000,134875
orb,band_gap,xgboost,train,1000,12,0.725346,20000,134875
orb,band_gap,xgboost,train,1000,13,0.730700,20000,134875
orb,band_gap,xgboost,train,1000,14,0.719165,20000,134875
orb,band_gap,xgboost,train,1000,15,0.724540,20000,134875
orb,band_gap,xgboost,train,1000,16,0.729235,20000,134875
orb,band_gap,xgboost,train,1000,17,0.727162,20000,134875
orb,band_gap,xgboost,train,1000,18,0.726971,20000,134875
orb,band_gap,xgboost,train,1000,19,0.723820,20000,134875
orb,band_gap,xgboost,train,1000,20,0.726478,20000,134875
orb,band_gap,xgboost,train,1000,21,0.718383,20000,134875
orb,band_gap,xgboost,train,1000,22,0.732403,20000,134875
orb,band_gap,xgboost,train,1000,23,0.738648,20000,134875
orb,band_gap,xgboost,train,1000,24,0.730251,20000,134875
orb,band_gap,xgboost,train,1000,25,0.727547,20000,134875
orb,band_gap,xgboost,train,1000,26,0.726886,20000,134875
orb,band_gap,xgboost,train,1000,27,0.722555,20000,134875
orb,band_gap,xgboost,train,1000,28,0.717619,20000,134875
orb,band_gap,xgboost,train,1000,29,0.721548,20000,134875
orb,band_gap,linear,train,1000,0,0.641181,20000,134875
orb,band_gap,linear,train,1000,1,0.658237,20000,134875
orb,band_gap,linear,train,1000,2,0.649306,20000,134875
orb,band_gap,linear,train,1000,3,0.636926,20000,134875
orb,band_gap,linear,train,1000,4,0.654851,20000,134875
orb,band_gap,linear,train,1000,5,0.653493,20000,134875
orb,band_gap,linear,train,1000,6,0.643087,20000,134875
orb,band_gap,linear,train,1000,7,0.648199,20000,134875
orb,band_gap,linear,train,1000,8,0.650484,20000,134875
orb,band_gap,linear,train,1000,9,0.650736,20000,134875
orb,band_gap,linear,train,1000,10,0.652608,20000,134875
orb,band_gap,linear,train,1000,11,0.655654,20000,134875
orb,band_gap,linear,train,1000,12,0.661005,20000,134875
orb,band_gap,linear,train,1000,13,0.628315,20000,134875
orb,band_gap,linear,train,1000,14,0.644075,20000,134875
orb,band_gap,linear,train,1000,15,0.625541,20000,134875
orb,band_gap,linear,train,1000,16,0.640518,20000,134875
orb,band_gap,linear,train,1000,17,0.646240,20000,134875
orb,band_gap,linear,train,1000,18,0.650308,20000,134875
orb,band_gap,linear,train,1000,19,0.658514,20000,134875
orb,band_gap,linear,train,1000,20,0.657873,20000,134875
orb,band_gap,linear,train,1000,21,0.654207,20000,134875
orb,band_gap,linear,train,1000,22,0.649756,20000,134875
orb,band_gap,linear,train,1000,23,0.632025,20000,134875
orb,band_gap,linear,train,1000,24,0.643473,20000,134875
orb,band_gap,linear,train,1000,25,0.637075,20000,134875
orb,band_gap,linear,train,1000,26,0.616839,20000,134875
orb,band_gap,linear,train,1000,27,0.635454,20000,134875
orb,band_gap,linear,train,1000,28,0.652004,20000,134875
orb,band_gap,linear,train,1000,29,0.627366,20000,134875
orb,band_gap,xgboost,train,2000,0,0.778113,20000,134875
orb,band_gap,xgboost,train,2000,1,0.769129,20000,134875
orb,band_gap,xgboost,train,2000,2,0.779931,20000,134875
orb,band_gap,xgboost,train,2000,3,0.774416,20000,134875
orb,band_gap,xgboost,train,2000,4,0.780260,20000,134875
orb,band_gap,xgboost,train,2000,5,0.778071,20000,134875
orb,band_gap,xgboost,train,2000,6,0.771800,20000,134875
orb,band_gap,xgboost,train,2000,7,0.778919,20000,134875
orb,band_gap,xgboost,train,2000,8,0.738129,20000,134875
orb,band_gap,xgboost,train,2000,9,0.769092,20000,134875
orb,band_gap,xgboost,train,2000,10,0.781143,20000,134875
orb,band_gap,xgboost,train,2000,11,0.777075,20000,134875
orb,band_gap,xgboost,train,2000,12,0.779363,20000,134875
orb,band_gap,xgboost,train,2000,13,0.780463,20000,134875
orb,band_gap,xgboost,train,2000,14,0.781150,20000,134875
orb,band_gap,xgboost,train,2000,15,0.778108,20000,134875
orb,band_gap,xgboost,train,2000,16,0.778475,20000,134875
orb,band_gap,xgboost,train,2000,17,0.780528,20000,134875
orb,band_gap,xgboost,train,2000,18,0.771601,20000,134875
orb,band_gap,xgboost,train,2000,19,0.781991,20000,134875
orb,band_gap,xgboost,train,2000,20,0.776067,20000,134875
orb,band_gap,xgboost,train,2000,21,0.773740,20000,134875
orb,band_gap,xgboost,train,2000,22,0.780691,20000,134875
orb,band_gap,xgboost,train,2000,23,0.772266,20000,134875
orb,band_gap,xgboost,train,2000,24,0.765951,20000,134875
orb,band_gap,xgboost,train,2000,25,0.780683,20000,134875
orb,band_gap,xgboost,train,2000,26,0.772047,20000,134875
orb,band_gap,xgboost,train,2000,27,0.776653,20000,134875
orb,band_gap,xgboost,train,2000,28,0.776535,20000,134875
orb,band_gap,xgboost,train,2000,29,0.776445,20000,134875
orb,band_gap,linear,train,2000,0,0.664260,20000,134875
orb,band_gap,linear,train,2000,1,0.686510,20000,134875
orb,band_gap,linear,train,2000,2,0.667138,20000,134875
orb,band_gap,linear,train,2000,3,0.665837,20000,134875
orb,band_gap,linear,train,2000,4,0.654429,20000,134875
orb,band_gap,linear,train,2000,5,0.693423,20000,134875
orb,band_gap,linear,train,2000,6,0.666431,20000,134875
orb,band_gap,linear,train,2000,7,0.677819,20000,134875
orb,band_gap,linear,train,2000,8,0.684661,20000,134875
orb,band_gap,linear,train,2000,9,0.678154,20000,134875
orb,band_gap,linear,train,2000,10,0.674068,20000,134875
orb,band_gap,linear,train,2000,11,0.658652,20000,134875
orb,band_gap,linear,train,2000,12,0.668493,20000,134875
orb,band_gap,linear,train,2000,13,0.657249,20000,134875
orb,band_gap,linear,train,2000,14,0.676670,20000,134875
orb,band_gap,linear,train,2000,15,0.672873,20000,134875
orb,band_gap,linear,train,2000,16,0.650621,20000,134875
orb,band_gap,linear,train,2000,17,0.682067,20000,134875
orb,band_gap,linear,train,2000,18,0.687271,20000,134875
orb,band_gap,linear,train,2000,19,0.679193,20000,134875
orb,band_gap,linear,train,2000,20,0.671691,20000,134875
orb,band_gap,linear,train,2000,21,0.660570,20000,134875
orb,band_gap,linear,train,2000,22,0.687161,20000,134875
orb,band_gap,linear,train,2000,23,0.677496,20000,134875
orb,band_gap,linear,train,2000,24,0.673320,20000,134875
orb,band_gap,linear,train,2000,25,0.688300,20000,134875
orb,band_gap,linear,train,2000,26,0.653885,20000,134875
orb,band_gap,linear,train,2000,27,0.676618,20000,134875
orb,band_gap,linear,train,2000,28,0.677102,20000,134875
orb,band_gap,linear,train,2000,29,0.663930,20000,134875
orb,band_gap,xgboost,train,5000,0,0.823049,20000,134875
orb,band_gap,xgboost,train,5000,1,0.821633,20000,134875
orb,band_gap,xgboost,train,5000,2,0.823441,20000,134875
orb,band_gap,xgboost,train,5000,3,0.825244,20000,134875
orb,band_gap,xgboost,train,5000,4,0.833430,20000,134875
orb,band_gap,xgboost,train,5000,5,0.824752,20000,134875
orb,band_gap,xgboost,train,5000,6,0.821840,20000,134875
orb,band_gap,xgboost,train,5000,7,0.818414,20000,134875
orb,band_gap,xgboost,train,5000,8,0.823278,20000,134875
orb,band_gap,xgboost,train,5000,9,0.825704,20000,134875
orb,band_gap,linear,train,5000,0,0.693136,20000,134875
orb,band_gap,linear,train,5000,1,0.713066,20000,134875
orb,band_gap,linear,train,5000,2,0.689866,20000,134875
orb,band_gap,linear,train,5000,3,0.712410,20000,134875
orb,band_gap,linear,train,5000,4,0.716040,20000,134875
orb,band_gap,linear,train,5000,5,0.702366,20000,134875
orb,band_gap,linear,train,5000,6,0.697947,20000,134875
orb,band_gap,linear,train,5000,7,0.685760,20000,134875
orb,band_gap,linear,train,5000,8,0.679612,20000,134875
orb,band_gap,linear,train,5000,9,0.698144,20000,134875
orb,band_gap,xgboost,train,7000,0,0.830084,20000,134875
orb,band_gap,xgboost,train,7000,1,0.836048,20000,134875
orb,band_gap,xgboost,train,7000,2,0.835268,20000,134875
orb,band_gap,xgboost,train,7000,3,0.839152,20000,134875
orb,band_gap,xgboost,train,7000,4,0.836041,20000,134875
orb,band_gap,xgboost,train,7000,5,0.832517,20000,134875
orb,band_gap,xgboost,train,7000,6,0.837037,20000,134875
orb,band_gap,linear,train,7000,0,0.702906,20000,134875
orb,band_gap,linear,train,7000,1,0.705228,20000,134875
orb,band_gap,linear,train,7000,2,0.705843,20000,134875
orb,band_gap,linear,train,7000,3,0.710978,20000,134875
orb,band_gap,linear,train,7000,4,0.714782,20000,134875
orb,band_gap,linear,train,7000,5,0.708951,20000,134875
orb,band_gap,linear,train,7000,6,0.713686,20000,134875
orb,band_gap,xgboost,train,10000,0,0.854300,20000,134875
orb,band_gap,xgboost,train,10000,1,0.847777,20000,134875
orb,band_gap,xgboost,train,10000,2,0.847706,20000,134875
orb,band_gap,xgboost,train,10000,3,0.844003,20000,134875
orb,band_gap,xgboost,train,10000,4,0.847795,20000,134875
orb,band_gap,xgboost,train,10000,5,0.843993,20000,134875
orb,band_gap,xgboost,train,10000,6,0.845603,20000,134875
orb,band_gap,linear,train,10000,0,0.723285,20000,134875
orb,band_gap,linear,train,10000,1,0.721014,20000,134875
orb,band_gap,linear,train,10000,2,0.719228,20000,134875
orb,band_gap,linear,train,10000,3,0.713124,20000,134875
orb,band_gap,linear,train,10000,4,0.712397,20000,134875
orb,band_gap,linear,train,10000,5,0.713156,20000,134875
orb,band_gap,linear,train,10000,6,0.717816,20000,134875
orb,band_gap,xgboost,train,20000,0,0.860268,20000,134875
orb,band_gap,xgboost,train,20000,1,0.860896,20000,134875
orb,band_gap,xgboost,train,20000,2,0.870825,20000,134875
orb,band_gap,xgboost,train,20000,3,0.868224,20000,134875
orb,band_gap,xgboost,train,20000,4,0.861136,20000,134875
orb,band_gap,xgboost,train,20000,5,0.863572,20000,134875
orb,band_gap,linear,train,20000,0,0.720277,20000,134875
orb,band_gap,linear,train,20000,1,0.724118,20000,134875
orb,band_gap,linear,train,20000,2,0.725449,20000,134875
orb,band_gap,linear,train,20000,3,0.725725,20000,134875
orb,band_gap,linear,train,20000,4,0.721795,20000,134875
orb,band_gap,linear,train,20000,5,0.718692,20000,134875
orb,density,xgboost,train,50,0,0.324002,20000,134875
orb,density,xgboost,train,50,1,0.214903,20000,134875
orb,density,xgboost,train,50,2,0.351988,20000,134875
orb,density,xgboost,train,50,3,0.444145,20000,134875
orb,density,xgboost,train,50,4,0.252071,20000,134875
orb,density,xgboost,train,50,5,0.312470,20000,134875
orb,density,xgboost,train,50,6,0.189738,20000,134875
orb,density,xgboost,train,50,7,0.239129,20000,134875
orb,density,xgboost,train,50,8,0.306008,20000,134875
orb,density,xgboost,train,50,9,0.204133,20000,134875
orb,density,xgboost,train,50,10,0.223465,20000,134875
orb,density,xgboost,train,50,11,0.259867,20000,134875
orb,density,xgboost,train,50,12,0.390075,20000,134875
orb,density,xgboost,train,50,13,0.353591,20000,134875
orb,density,xgboost,train,50,14,0.338777,20000,134875
orb,density,xgboost,train,50,15,0.341724,20000,134875
orb,density,xgboost,train,50,16,0.347701,20000,134875
orb,density,xgboost,train,50,17,0.447838,20000,134875
orb,density,xgboost,train,50,18,0.390179,20000,134875
orb,density,xgboost,train,50,19,0.292488,20000,134875
orb,density,xgboost,train,50,20,0.238464,20000,134875
orb,density,xgboost,train,50,21,0.367220,20000,134875
orb,density,xgboost,train,50,22,0.283906,20000,134875
orb,density,xgboost,train,50,23,0.233187,20000,134875
orb,density,xgboost,train,50,24,0.313566,20000,134875
orb,density,xgboost,train,50,25,0.287359,20000,134875
orb,density,xgboost,train,50,26,0.299707,20000,134875
orb,density,xgboost,train,50,27,0.309022,20000,134875
orb,density,xgboost,train,50,28,0.342284,20000,134875
orb,density,xgboost,train,50,29,0.307434,20000,134875
orb,density,linear,train,50,0,0.481625,20000,134875
orb,density,linear,train,50,1,0.338871,20000,134875
orb,density,linear,train,50,2,0.530211,20000,134875
orb,density,linear,train,50,3,0.546894,20000,134875
orb,density,linear,train,50,4,0.551172,20000,134875
orb,density,linear,train,50,5,0.520637,20000,134875
orb,density,linear,train,50,6,0.507221,20000,134875
orb,density,linear,train,50,7,0.515800,20000,134875
orb,density,linear,train,50,8,0.548738,20000,134875
orb,density,linear,train,50,9,0.428167,20000,134875
orb,density,linear,train,50,10,0.468391,20000,134875
orb,density,linear,train,50,11,0.410130,20000,134875
orb,density,linear,train,50,12,0.464067,20000,134875
orb,density,linear,train,50,13,0.485091,20000,134875
orb,density,linear,train,50,14,0.490624,20000,134875
orb,density,linear,train,50,15,0.505720,20000,134875
orb,density,linear,train,50,16,0.578672,20000,134875
orb,density,linear,train,50,17,0.494263,20000,134875
orb,density,linear,train,50,18,0.565929,20000,134875
orb,density,linear,train,50,19,0.520961,20000,134875
orb,density,linear,train,50,20,0.417385,20000,134875
orb,density,linear,train,50,21,0.489010,20000,134875
orb,density,linear,train,50,22,0.410238,20000,134875
orb,density,linear,train,50,23,0.377724,20000,134875
orb,density,linear,train,50,24,0.432113,20000,134875
orb,density,linear,train,50,25,0.505163,20000,134875
orb,density,linear,train,50,26,0.392177,20000,134875
orb,density,linear,train,50,27,0.311711,20000,134875
orb,density,linear,train,50,28,0.477398,20000,134875
orb,density,linear,train,50,29,0.453494,20000,134875
orb,density,xgboost,train,100,0,0.450354,20000,134875
orb,density,xgboost,train,100,1,0.452159,20000,134875
orb,density,xgboost,train,100,2,0.472236,20000,134875
orb,density,xgboost,train,100,3,0.456736,20000,134875
orb,density,xgboost,train,100,4,0.441696,20000,134875
orb,density,xgboost,train,100,5,0.508615,20000,134875
orb,density,xgboost,train,100,6,0.430847,20000,134875
orb,density,xgboost,train,100,7,0.389781,20000,134875
orb,density,xgboost,train,100,8,0.459526,20000,134875
orb,density,xgboost,train,100,9,0.409951,20000,134875
orb,density,xgboost,train,100,10,0.459493,20000,134875
orb,density,xgboost,train,100,11,0.543184,20000,134875
orb,density,xgboost,train,100,12,0.482443,20000,134875
orb,density,xgboost,train,100,13,0.545214,20000,134875
orb,density,xgboost,train,100,14,0.352083,20000,134875
orb,density,xgboost,train,100,15,0.512563,20000,134875
orb,density,xgboost,train,100,16,0.349421,20000,134875
orb,density,xgboost,train,100,17,0.474896,20000,134875
orb,density,xgboost,train,100,18,0.427658,20000,134875
orb,density,xgboost,train,100,19,0.466276,20000,134875
orb,density,xgboost,train,100,20,0.506283,20000,134875
orb,density,xgboost,train,100,21,0.405395,20000,134875
orb,density,xgboost,train,100,22,0.508929,20000,134875
orb,density,xgboost,train,100,23,0.476512,20000,134875
orb,density,xgboost,train,100,24,0.471047,20000,134875
orb,density,xgboost,train,100,25,0.258674,20000,134875
orb,density,xgboost,train,100,26,0.512604,20000,134875
orb,density,xgboost,train,100,27,0.430987,20000,134875
orb,density,xgboost,train,100,28,0.508531,20000,134875
orb,density,xgboost,train,100,29,0.313543,20000,134875
orb,density,linear,train,100,0,0.628662,20000,134875
orb,density,linear,train,100,1,0.599922,20000,134875
orb,density,linear,train,100,2,0.628869,20000,134875
orb,density,linear,train,100,3,0.590965,20000,134875
orb,density,linear,train,100,4,0.620719,20000,134875
orb,density,linear,train,100,5,0.591649,20000,134875
orb,density,linear,train,100,6,0.640682,20000,134875
orb,density,linear,train,100,7,0.625444,20000,134875
orb,density,linear,train,100,8,0.584915,20000,134875
orb,density,linear,train,100,9,0.558587,20000,134875
orb,density,linear,train,100,10,0.561714,20000,134875
orb,density,linear,train,100,11,0.582949,20000,134875
orb,density,linear,train,100,12,0.580617,20000,134875
orb,density,linear,train,100,13,0.595755,20000,134875
orb,density,linear,train,100,14,0.531122,20000,134875
orb,density,linear,train,100,15,0.514757,20000,134875
orb,density,linear,train,100,16,0.585485,20000,134875
orb,density,linear,train,100,17,0.569235,20000,134875
orb,density,linear,train,100,18,0.592637,20000,134875
orb,density,linear,train,100,19,0.615158,20000,134875
orb,density,linear,train,100,20,0.606542,20000,134875
orb,density,linear,train,100,21,0.546996,20000,134875
orb,density,linear,train,100,22,0.615314,20000,134875
orb,density,linear,train,100,23,0.597464,20000,134875
orb,density,linear,train,100,24,0.600694,20000,134875
orb,density,linear,train,100,25,0.509411,20000,134875
orb,density,linear,train,100,26,0.565253,20000,134875
orb,density,linear,train,100,27,0.545634,20000,134875
orb,density,linear,train,100,28,0.570168,20000,134875
orb,density,linear,train,100,29,0.600837,20000,134875
orb,density,xgboost,train,200,0,0.531093,20000,134875
orb,density,xgboost,train,200,1,0.604089,20000,134875
orb,density,xgboost,train,200,2,0.652773,20000,134875
orb,density,xgboost,train,200,3,0.631601,20000,134875
orb,density,xgboost,train,200,4,0.602648,20000,134875
orb,density,xgboost,train,200,5,0.545129,20000,134875
orb,density,xgboost,train,200,6,0.606769,20000,134875
orb,density,xgboost,train,200,7,0.627340,20000,134875
orb,density,xgboost,train,200,8,0.592742,20000,134875
orb,density,xgboost,train,200,9,0.591213,20000,134875
orb,density,xgboost,train,200,10,0.620438,20000,134875
orb,density,xgboost,train,200,11,0.569230,20000,134875
orb,density,xgboost,train,200,12,0.566151,20000,134875
orb,density,xgboost,train,200,13,0.617255,20000,134875
orb,density,xgboost,train,200,14,0.576488,20000,134875
orb,density,xgboost,train,200,15,0.562741,20000,134875
orb,density,xgboost,train,200,16,0.515946,20000,134875
orb,density,xgboost,train,200,17,0.603607,20000,134875
orb,density,xgboost,train,200,18,0.620733,20000,134875
orb,density,xgboost,train,200,19,0.606328,20000,134875
orb,density,xgboost,train,200,20,0.632767,20000,134875
orb,density,xgboost,train,200,21,0.612959,20000,134875
orb,density,xgboost,train,200,22,0.621079,20000,134875
orb,density,xgboost,train,200,23,0.607823,20000,134875
orb,density,xgboost,train,200,24,0.530175,20000,134875
orb,density,xgboost,train,200,25,0.563922,20000,134875
orb,density,xgboost,train,200,26,0.658859,20000,134875
orb,density,xgboost,train,200,27,0.610615,20000,134875
orb,density,xgboost,train,200,28,0.602405,20000,134875
orb,density,xgboost,train,200,29,0.630509,20000,134875
orb,density,linear,train,200,0,0.617875,20000,134875
orb,density,linear,train,200,1,0.638905,20000,134875
orb,density,linear,train,200,2,0.721406,20000,134875
orb,density,linear,train,200,3,0.725894,20000,134875
orb,density,linear,train,200,4,0.699390,20000,134875
orb,density,linear,train,200,5,0.676304,20000,134875
orb,density,linear,train,200,6,0.702295,20000,134875
orb,density,linear,train,200,7,0.671523,20000,134875
orb,density,linear,train,200,8,0.690949,20000,134875
orb,density,linear,train,200,9,0.722415,20000,134875
orb,density,linear,train,200,10,0.704018,20000,134875
orb,density,linear,train,200,11,0.668188,20000,134875
orb,density,linear,train,200,12,0.702264,20000,134875
orb,density,linear,train,200,13,0.725972,20000,134875
orb,density,linear,train,200,14,0.693384,20000,134875
orb,density,linear,train,200,15,0.645849,20000,134875
orb,density,linear,train,200,16,0.686862,20000,134875
orb,density,linear,train,200,17,0.727598,20000,134875
orb,density,linear,train,200,18,0.698165,20000,134875
orb,density,linear,train,200,19,0.703950,20000,134875
orb,density,linear,train,200,20,0.668748,20000,134875
orb,density,linear,train,200,21,0.703209,20000,134875
orb,density,linear,train,200,22,0.686155,20000,134875
orb,density,linear,train,200,23,0.715774,20000,134875
orb,density,linear,train,200,24,0.618434,20000,134875
orb,density,linear,train,200,25,0.682524,20000,134875
orb,density,linear,train,200,26,0.722345,20000,134875
orb,density,linear,train,200,27,0.705114,20000,134875
orb,density,linear,train,200,28,0.683616,20000,134875
orb,density,linear,train,200,29,0.668111,20000,134875
orb,density,xgboost,train,500,0,0.699123,20000,134875
orb,density,xgboost,train,500,1,0.705967,20000,134875
orb,density,xgboost,train,500,2,0.707221,20000,134875
orb,density,xgboost,train,500,3,0.656176,20000,134875
orb,density,xgboost,train,500,4,0.695815,20000,134875
orb,density,xgboost,train,500,5,0.696124,20000,134875
orb,density,xgboost,train,500,6,0.709366,20000,134875
orb,density,xgboost,train,500,7,0.656519,20000,134875
orb,density,xgboost,train,500,8,0.741336,20000,134875
orb,density,xgboost,train,500,9,0.712945,20000,134875
orb,density,xgboost,train,500,10,0.695846,20000,134875
orb,density,xgboost,train,500,11,0.683698,20000,134875
orb,density,xgboost,train,500,12,0.742182,20000,134875
orb,density,xgboost,train,500,13,0.739457,20000,134875
orb,density,xgboost,train,500,14,0.696139,20000,134875
orb,density,xgboost,train,500,15,0.707555,20000,134875
orb,density,xgboost,train,500,16,0.703223,20000,134875
orb,density,xgboost,train,500,17,0.708062,20000,134875
orb,density,xgboost,train,500,18,0.734660,20000,134875
orb,density,xgboost,train,500,19,0.692934,20000,134875
orb,density,xgboost,train,500,20,0.704776,20000,134875
orb,density,xgboost,train,500,21,0.706795,20000,134875
orb,density,xgboost,train,500,22,0.696858,20000,134875
orb,density,xgboost,train,500,23,0.726022,20000,134875
orb,density,xgboost,train,500,24,0.723834,20000,134875
orb,density,xgboost,train,500,25,0.742864,20000,134875
orb,density,xgboost,train,500,26,0.730236,20000,134875
orb,density,xgboost,train,500,27,0.698885,20000,134875
orb,density,xgboost,train,500,28,0.708913,20000,134875
orb,density,xgboost,train,500,29,0.719775,20000,134875
orb,density,linear,train,500,0,0.777210,20000,134875
orb,density,linear,train,500,1,0.799207,20000,134875
orb,density,linear,train,500,2,0.799770,20000,134875
orb,density,linear,train,500,3,0.770924,20000,134875
orb,density,linear,train,500,4,0.787577,20000,134875
orb,density,linear,train,500,5,0.800391,20000,134875
orb,density,linear,train,500,6,0.777714,20000,134875
orb,density,linear,train,500,7,0.782342,20000,134875
orb,density,linear,train,500,8,0.801732,20000,134875
orb,density,linear,train,500,9,0.799971,20000,134875
orb,density,linear,train,500,10,0.776910,20000,134875
orb,density,linear,train,500,11,0.777479,20000,134875
orb,density,linear,train,500,12,0.797070,20000,134875
orb,density,linear,train,500,13,0.790809,20000,134875
orb,density,linear,train,500,14,0.786240,20000,134875
orb,density,linear,train,500,15,0.784307,20000,134875
orb,density,linear,train,500,16,0.786479,20000,134875
orb,density,linear,train,500,17,0.804327,20000,134875
orb,density,linear,train,500,18,0.803664,20000,134875
orb,density,linear,train,500,19,0.775671,20000,134875
orb,density,linear,train,500,20,0.786679,20000,134875
orb,density,linear,train,500,21,0.798745,20000,134875
orb,density,linear,train,500,22,0.770651,20000,134875
orb,density,linear,train,500,23,0.779045,20000,134875
orb,density,linear,train,500,24,0.751242,20000,134875
orb,density,linear,train,500,25,0.793999,20000,134875
orb,density,linear,train,500,26,0.800924,20000,134875
orb,density,linear,train,500,27,0.798952,20000,134875
orb,density,linear,train,500,28,0.790687,20000,134875
orb,density,linear,train,500,29,0.813922,20000,134875
orb,density,xgboost,train,1000,0,0.778802,20000,134875
orb,density,xgboost,train,1000,1,0.772699,20000,134875
orb,density,xgboost,train,1000,2,0.790294,20000,134875
orb,density,xgboost,train,1000,3,0.760213,20000,134875
orb,density,xgboost,train,1000,4,0.773126,20000,134875
orb,density,xgboost,train,1000,5,0.779638,20000,134875
orb,density,xgboost,train,1000,6,0.776391,20000,134875
orb,density,xgboost,train,1000,7,0.785516,20000,134875
orb,density,xgboost,train,1000,8,0.764718,20000,134875
orb,density,xgboost,train,1000,9,0.764688,20000,134875
orb,density,xgboost,train,1000,10,0.761899,20000,134875
orb,density,xgboost,train,1000,11,0.806708,20000,134875
orb,density,xgboost,train,1000,12,0.766754,20000,134875
orb,density,xgboost,train,1000,13,0.783639,20000,134875
orb,density,xgboost,train,1000,14,0.784757,20000,134875
orb,density,xgboost,train,1000,15,0.781597,20000,134875
orb,density,xgboost,train,1000,16,0.770683,20000,134875
orb,density,xgboost,train,1000,17,0.755746,20000,134875
orb,density,xgboost,train,1000,18,0.792856,20000,134875
orb,density,xgboost,train,1000,19,0.784315,20000,134875
orb,density,xgboost,train,1000,20,0.768207,20000,134875
orb,density,xgboost,train,1000,21,0.758779,20000,134875
orb,density,xgboost,train,1000,22,0.768719,20000,134875
orb,density,xgboost,train,1000,23,0.782426,20000,134875
orb,density,xgboost,train,1000,24,0.762341,20000,134875
orb,density,xgboost,train,1000,25,0.785731,20000,134875
orb,density,xgboost,train,1000,26,0.748203,20000,134875
orb,density,xgboost,train,1000,27,0.774134,20000,134875
orb,density,xgboost,train,1000,28,0.776336,20000,134875
orb,density,xgboost,train,1000,29,0.804430,20000,134875
orb,density,linear,train,1000,0,0.836765,20000,134875
orb,density,linear,train,1000,1,0.836974,20000,134875
orb,density,linear,train,1000,2,0.845087,20000,134875
orb,density,linear,train,1000,3,0.838813,20000,134875
orb,density,linear,train,1000,4,0.832169,20000,134875
orb,density,linear,train,1000,5,0.822357,20000,134875
orb,density,linear,train,1000,6,0.844770,20000,134875
orb,density,linear,train,1000,7,0.815894,20000,134875
orb,density,linear,train,1000,8,0.831378,20000,134875
orb,density,linear,train,1000,9,0.837456,20000,134875
orb,density,linear,train,1000,10,0.815758,20000,134875
orb,density,linear,train,1000,11,0.838784,20000,134875
orb,density,linear,train,1000,12,0.829136,20000,134875
orb,density,linear,train,1000,13,0.839202,20000,134875
orb,density,linear,train,1000,14,0.835619,20000,134875
orb,density,linear,train,1000,15,0.822005,20000,134875
orb,density,linear,train,1000,16,0.834185,20000,134875
orb,density,linear,train,1000,17,0.832953,20000,134875
orb,density,linear,train,1000,18,0.837361,20000,134875
orb,density,linear,train,1000,19,0.853617,20000,134875
orb,density,linear,train,1000,20,0.841799,20000,134875
orb,density,linear,train,1000,21,0.835863,20000,134875
orb,density,linear,train,1000,22,0.829338,20000,134875
orb,density,linear,train,1000,23,0.841371,20000,134875
orb,density,linear,train,1000,24,0.843702,20000,134875
orb,density,linear,train,1000,25,0.835662,20000,134875
orb,density,linear,train,1000,26,0.824246,20000,134875
orb,density,linear,train,1000,27,0.822925,20000,134875
orb,density,linear,train,1000,28,0.838846,20000,134875
orb,density,linear,train,1000,29,0.842385,20000,134875
orb,density,xgboost,train,2000,0,0.838550,20000,134875
orb,density,xgboost,train,2000,1,0.836099,20000,134875
orb,density,xgboost,train,2000,2,0.845863,20000,134875
orb,density,xgboost,train,2000,3,0.827544,20000,134875
orb,density,xgboost,train,2000,4,0.823629,20000,134875
orb,density,xgboost,train,2000,5,0.829172,20000,134875
orb,density,xgboost,train,2000,6,0.828731,20000,134875
orb,density,xgboost,train,2000,7,0.824697,20000,134875
orb,density,xgboost,train,2000,8,0.827350,20000,134875
orb,density,xgboost,train,2000,9,0.832213,20000,134875
orb,density,xgboost,train,2000,10,0.827703,20000,134875
orb,density,xgboost,train,2000,11,0.836004,20000,134875
orb,density,xgboost,train,2000,12,0.826095,20000,134875
orb,density,xgboost,train,2000,13,0.815866,20000,134875
orb,density,xgboost,train,2000,14,0.824476,20000,134875
orb,density,xgboost,train,2000,15,0.817586,20000,134875
orb,density,xgboost,train,2000,16,0.837516,20000,134875
orb,density,xgboost,train,2000,17,0.840498,20000,134875
orb,density,xgboost,train,2000,18,0.822797,20000,134875
orb,density,xgboost,train,2000,19,0.839806,20000,134875
orb,density,xgboost,train,2000,20,0.830765,20000,134875
orb,density,xgboost,train,2000,21,0.827268,20000,134875
orb,density,xgboost,train,2000,22,0.830061,20000,134875
orb,density,xgboost,train,2000,23,0.836346,20000,134875
orb,density,xgboost,train,2000,24,0.845141,20000,134875
orb,density,xgboost,train,2000,25,0.825652,20000,134875
orb,density,xgboost,train,2000,26,0.822040,20000,134875
orb,density,xgboost,train,2000,27,0.829332,20000,134875
orb,density,xgboost,train,2000,28,0.814339,20000,134875
orb,density,xgboost,train,2000,29,0.834242,20000,134875
orb,density,linear,train,2000,0,0.874572,20000,134875
orb,density,linear,train,2000,1,0.872501,20000,134875
orb,density,linear,train,2000,2,0.870472,20000,134875
orb,density,linear,train,2000,3,0.867922,20000,134875
orb,density,linear,train,2000,4,0.871520,20000,134875
orb,density,linear,train,2000,5,0.872329,20000,134875
orb,density,linear,train,2000,6,0.872504,20000,134875
orb,density,linear,train,2000,7,0.879181,20000,134875
orb,density,linear,train,2000,8,0.878461,20000,134875
orb,density,linear,train,2000,9,0.873853,20000,134875
orb,density,linear,train,2000,10,0.869322,20000,134875
orb,density,linear,train,2000,11,0.875672,20000,134875
orb,density,linear,train,2000,12,0.873086,20000,134875
orb,density,linear,train,2000,13,0.869338,20000,134875
orb,density,linear,train,2000,14,0.869897,20000,134875
orb,density,linear,train,2000,15,0.867022,20000,134875
orb,density,linear,train,2000,16,0.876749,20000,134875
orb,density,linear,train,2000,17,0.864434,20000,134875
orb,density,linear,train,2000,18,0.864720,20000,134875
orb,density,linear,train,2000,19,0.871107,20000,134875
orb,density,linear,train,2000,20,0.873762,20000,134875
orb,density,linear,train,2000,21,0.878613,20000,134875
orb,density,linear,train,2000,22,0.864424,20000,134875
orb,density,linear,train,2000,23,0.878109,20000,134875
orb,density,linear,train,2000,24,0.867902,20000,134875
orb,density,linear,train,2000,25,0.878339,20000,134875
orb,density,linear,train,2000,26,0.872178,20000,134875
orb,density,linear,train,2000,27,0.874583,20000,134875
orb,density,linear,train,2000,28,0.874471,20000,134875
orb,density,linear,train,2000,29,0.869538,20000,134875
orb,density,xgboost,train,5000,0,0.889783,20000,134875
orb,density,xgboost,train,5000,1,0.884337,20000,134875
orb,density,xgboost,train,5000,2,0.881436,20000,134875
orb,density,xgboost,train,5000,3,0.886379,20000,134875
orb,density,xgboost,train,5000,4,0.878609,20000,134875
orb,density,xgboost,train,5000,5,0.887423,20000,134875
orb,density,xgboost,train,5000,6,0.879320,20000,134875
orb,density,xgboost,train,5000,7,0.884333,20000,134875
orb,density,xgboost,train,5000,8,0.885429,20000,134875
orb,density,xgboost,train,5000,9,0.884487,20000,134875
orb,density,linear,train,5000,0,0.893168,20000,134875
orb,density,linear,train,5000,1,0.892314,20000,134875
orb,density,linear,train,5000,2,0.890560,20000,134875
orb,density,linear,train,5000,3,0.891805,20000,134875
orb,density,linear,train,5000,4,0.892285,20000,134875
orb,density,linear,train,5000,5,0.891642,20000,134875
orb,density,linear,train,5000,6,0.892036,20000,134875
orb,density,linear,train,5000,7,0.891300,20000,134875
orb,density,linear,train,5000,8,0.889268,20000,134875
orb,density,linear,train,5000,9,0.891840,20000,134875
orb,density,xgboost,train,7000,0,0.899062,20000,134875
orb,density,xgboost,train,7000,1,0.895078,20000,134875
orb,density,xgboost,train,7000,2,0.896756,20000,134875
orb,density,xgboost,train,7000,3,0.897064,20000,134875
orb,density,xgboost,train,7000,4,0.897094,20000,134875
orb,density,xgboost,train,7000,5,0.898337,20000,134875
orb,density,xgboost,train,7000,6,0.897574,20000,134875
orb,density,linear,train,7000,0,0.894654,20000,134875
orb,density,linear,train,7000,1,0.893548,20000,134875
orb,density,linear,train,7000,2,0.894857,20000,134875
orb,density,linear,train,7000,3,0.893609,20000,134875
orb,density,linear,train,7000,4,0.893706,20000,134875
orb,density,linear,train,7000,5,0.894237,20000,134875
orb,density,linear,train,7000,6,0.895823,20000,134875
orb,density,xgboost,train,10000,0,0.911592,20000,134875
orb,density,xgboost,train,10000,1,0.910158,20000,134875
orb,density,xgboost,train,10000,2,0.910656,20000,134875
orb,density,xgboost,train,10000,3,0.909359,20000,134875
orb,density,xgboost,train,10000,4,0.911231,20000,134875
orb,density,xgboost,train,10000,5,0.912657,20000,134875
orb,density,xgboost,train,10000,6,0.909260,20000,134875
orb,density,linear,train,10000,0,0.897852,20000,134875
orb,density,linear,train,10000,1,0.897985,20000,134875
orb,density,linear,train,10000,2,0.897592,20000,134875
orb,density,linear,train,10000,3,0.897700,20000,134875
orb,density,linear,train,10000,4,0.897646,20000,134875
orb,density,linear,train,10000,5,0.898418,20000,134875
orb,density,linear,train,10000,6,0.897730,20000,134875
orb,density,xgboost,train,20000,0,0.926613,20000,134875
orb,density,xgboost,train,20000,1,0.929672,20000,134875
orb,density,xgboost,train,20000,2,0.925428,20000,134875
orb,density,xgboost,train,20000,3,0.927493,20000,134875
orb,density,xgboost,train,20000,4,0.926743,20000,134875
orb,density,xgboost,train,20000,5,0.926248,20000,134875
orb,density,linear,train,20000,0,0.900100,20000,134875
orb,density,linear,train,20000,1,0.901306,20000,134875
orb,density,linear,train,20000,2,0.901300,20000,134875
orb,density,linear,train,20000,3,0.901017,20000,134875
orb,density,linear,train,20000,4,0.900278,20000,134875
orb,density,linear,train,20000,5,0.900585,20000,134875
orb,bulk_modulus,xgboost,train,50,0,0.436453,6426,6427
orb,bulk_modulus,xgboost,train,50,1,0.466812,6426,6427
orb,bulk_modulus,xgboost,train,50,2,0.536858,6426,6427
orb,bulk_modulus,xgboost,train,50,3,0.526358,6426,6427
orb,bulk_modulus,xgboost,train,50,4,0.487471,6426,6427
orb,bulk_modulus,xgboost,train,50,5,0.510857,6426,6427
orb,bulk_modulus,xgboost,train,50,6,0.449215,6426,6427
orb,bulk_modulus,xgboost,train,50,7,0.516211,6426,6427
orb,bulk_modulus,xgboost,train,50,8,0.371416,6426,6427
orb,bulk_modulus,xgboost,train,50,9,0.509482,6426,6427
orb,bulk_modulus,xgboost,train,50,10,0.532720,6426,6427
orb,bulk_modulus,xgboost,train,50,11,0.593213,6426,6427
orb,bulk_modulus,xgboost,train,50,12,0.421846,6426,6427
orb,bulk_modulus,xgboost,train,50,13,0.333674,6426,6427
orb,bulk_modulus,xgboost,train,50,14,0.522653,6426,6427
orb,bulk_modulus,xgboost,train,50,15,0.425473,6426,6427
orb,bulk_modulus,xgboost,train,50,16,0.480780,6426,6427
orb,bulk_modulus,xgboost,train,50,17,0.558955,6426,6427
orb,bulk_modulus,xgboost,train,50,18,0.518213,6426,6427
orb,bulk_modulus,xgboost,train,50,19,0.480164,6426,6427
orb,bulk_modulus,xgboost,train,50,20,0.480800,6426,6427
orb,bulk_modulus,xgboost,train,50,21,0.525705,6426,6427
orb,bulk_modulus,xgboost,train,50,22,0.527670,6426,6427
orb,bulk_modulus,xgboost,train,50,23,0.568055,6426,6427
orb,bulk_modulus,xgboost,train,50,24,0.606776,6426,6427
orb,bulk_modulus,xgboost,train,50,25,0.558787,6426,6427
orb,bulk_modulus,xgboost,train,50,26,0.521024,6426,6427
orb,bulk_modulus,xgboost,train,50,27,0.528268,6426,6427
orb,bulk_modulus,xgboost,train,50,28,0.586749,6426,6427
orb,bulk_modulus,xgboost,train,50,29,0.576752,6426,6427
orb,bulk_modulus,linear,train,50,0,0.540562,6426,6427
orb,bulk_modulus,linear,train,50,1,0.480089,6426,6427
orb,bulk_modulus,linear,train,50,2,0.499095,6426,6427
orb,bulk_modulus,linear,train,50,3,0.528965,6426,6427
orb,bulk_modulus,linear,train,50,4,0.638262,6426,6427
orb,bulk_modulus,linear,train,50,5,0.537912,6426,6427
orb,bulk_modulus,linear,train,50,6,0.575624,6426,6427
orb,bulk_modulus,linear,train,50,7,0.607010,6426,6427
orb,bulk_modulus,linear,train,50,8,0.592288,6426,6427
orb,bulk_modulus,linear,train,50,9,0.561140,6426,6427
orb,bulk_modulus,linear,train,50,10,0.612624,6426,6427
orb,bulk_modulus,linear,train,50,11,0.599721,6426,6427
orb,bulk_modulus,linear,train,50,12,0.520825,6426,6427
orb,bulk_modulus,linear,train,50,13,0.572319,6426,6427
orb,bulk_modulus,linear,train,50,14,0.643011,6426,6427
orb,bulk_modulus,linear,train,50,15,0.558431,6426,6427
orb,bulk_modulus,linear,train,50,16,0.575008,6426,6427
orb,bulk_modulus,linear,train,50,17,0.591785,6426,6427
orb,bulk_modulus,linear,train,50,18,0.582859,6426,6427
orb,bulk_modulus,linear,train,50,19,0.639989,6426,6427
orb,bulk_modulus,linear,train,50,20,0.615165,6426,6427
orb,bulk_modulus,linear,train,50,21,0.502065,6426,6427
orb,bulk_modulus,linear,train,50,22,0.645528,6426,6427
orb,bulk_modulus,linear,train,50,23,0.599461,6426,6427
orb,bulk_modulus,linear,train,50,24,0.584399,6426,6427
orb,bulk_modulus,linear,train,50,25,0.611119,6426,6427
orb,bulk_modulus,linear,train,50,26,0.597954,6426,6427
orb,bulk_modulus,linear,train,50,27,0.594524,6426,6427
orb,bulk_modulus,linear,train,50,28,0.680402,6426,6427
orb,bulk_modulus,linear,train,50,29,0.685647,6426,6427
orb,bulk_modulus,xgboost,train,100,0,0.654294,6426,6427
orb,bulk_modulus,xgboost,train,100,1,0.657184,6426,6427
orb,bulk_modulus,xgboost,train,100,2,0.616275,6426,6427
orb,bulk_modulus,xgboost,train,100,3,0.568470,6426,6427
orb,bulk_modulus,xgboost,train,100,4,0.649182,6426,6427
orb,bulk_modulus,xgboost,train,100,5,0.647729,6426,6427
orb,bulk_modulus,xgboost,train,100,6,0.611401,6426,6427
orb,bulk_modulus,xgboost,train,100,7,0.610065,6426,6427
orb,bulk_modulus,xgboost,train,100,8,0.593808,6426,6427
orb,bulk_modulus,xgboost,train,100,9,0.652125,6426,6427
orb,bulk_modulus,xgboost,train,100,10,0.617937,6426,6427
orb,bulk_modulus,xgboost,train,100,11,0.679163,6426,6427
orb,bulk_modulus,xgboost,train,100,12,0.616910,6426,6427
orb,bulk_modulus,xgboost,train,100,13,0.524506,6426,6427
orb,bulk_modulus,xgboost,train,100,14,0.649171,6426,6427
orb,bulk_modulus,xgboost,train,100,15,0.571297,6426,6427
orb,bulk_modulus,xgboost,train,100,16,0.563408,6426,6427
orb,bulk_modulus,xgboost,train,100,17,0.621980,6426,6427
orb,bulk_modulus,xgboost,train,100,18,0.578907,6426,6427
orb,bulk_modulus,xgboost,train,100,19,0.638136,6426,6427
orb,bulk_modulus,xgboost,train,100,20,0.596896,6426,6427
orb,bulk_modulus,xgboost,train,100,21,0.586728,6426,6427
orb,bulk_modulus,xgboost,train,100,22,0.679713,6426,6427
orb,bulk_modulus,xgboost,train,100,23,0.613628,6426,6427
orb,bulk_modulus,xgboost,train,100,24,0.576452,6426,6427
orb,bulk_modulus,xgboost,train,100,25,0.639699,6426,6427
orb,bulk_modulus,xgboost,train,100,26,0.596303,6426,6427
orb,bulk_modulus,xgboost,train,100,27,0.610796,6426,6427
orb,bulk_modulus,xgboost,train,100,28,0.613183,6426,6427
orb,bulk_modulus,xgboost,train,100,29,0.450047,6426,6427
orb,bulk_modulus,linear,train,100,0,0.704407,6426,6427
orb,bulk_modulus,linear,train,100,1,0.722701,6426,6427
orb,bulk_modulus,linear,train,100,2,0.632806,6426,6427
orb,bulk_modulus,linear,train,100,3,0.643714,6426,6427
orb,bulk_modulus,linear,train,100,4,0.674810,6426,6427
orb,bulk_modulus,linear,train,100,5,0.695075,6426,6427
orb,bulk_modulus,linear,train,100,6,0.639679,6426,6427
orb,bulk_modulus,linear,train,100,7,0.630547,6426,6427
orb,bulk_modulus,linear,train,100,8,0.660543,6426,6427
orb,bulk_modulus,linear,train,100,9,0.624796,6426,6427
orb,bulk_modulus,linear,train,100,10,0.674410,6426,6427
orb,bulk_modulus,linear,train,100,11,0.727075,6426,6427
orb,bulk_modulus,linear,train,100,12,0.677893,6426,6427
orb,bulk_modulus,linear,train,100,13,0.646902,6426,6427
orb,bulk_modulus,linear,train,100,14,0.704235,6426,6427
orb,bulk_modulus,linear,train,100,15,0.676091,6426,6427
orb,bulk_modulus,linear,train,100,16,0.654814,6426,6427
orb,bulk_modulus,linear,train,100,17,0.698819,6426,6427
orb,bulk_modulus,linear,train,100,18,0.688128,6426,6427
orb,bulk_modulus,linear,train,100,19,0.716018,6426,6427
orb,bulk_modulus,linear,train,100,20,0.714741,6426,6427
orb,bulk_modulus,linear,train,100,21,0.683615,6426,6427
orb,bulk_modulus,linear,train,100,22,0.704353,6426,6427
orb,bulk_modulus,linear,train,100,23,0.641632,6426,6427
orb,bulk_modulus,linear,train,100,24,0.576503,6426,6427
orb,bulk_modulus,linear,train,100,25,0.730648,6426,6427
orb,bulk_modulus,linear,train,100,26,0.709242,6426,6427
orb,bulk_modulus,linear,train,100,27,0.702257,6426,6427
orb,bulk_modulus,linear,train,100,28,0.675701,6426,6427
orb,bulk_modulus,linear,train,100,29,0.681976,6426,6427
orb,bulk_modulus,xgboost,train,200,0,0.659069,6426,6427
orb,bulk_modulus,xgboost,train,200,1,0.683334,6426,6427
orb,bulk_modulus,xgboost,train,200,2,0.693488,6426,6427
orb,bulk_modulus,xgboost,train,200,3,0.692444,6426,6427
orb,bulk_modulus,xgboost,train,200,4,0.696755,6426,6427
orb,bulk_modulus,xgboost,train,200,5,0.685064,6426,6427
orb,bulk_modulus,xgboost,train,200,6,0.665810,6426,6427
orb,bulk_modulus,xgboost,train,200,7,0.700610,6426,6427
orb,bulk_modulus,xgboost,train,200,8,0.733401,6426,6427
orb,bulk_modulus,xgboost,train,200,9,0.712893,6426,6427
orb,bulk_modulus,xgboost,train,200,10,0.707936,6426,6427
orb,bulk_modulus,xgboost,train,200,11,0.701812,6426,6427
orb,bulk_modulus,xgboost,train,200,12,0.675573,6426,6427
orb,bulk_modulus,xgboost,train,200,13,0.674137,6426,6427
orb,bulk_modulus,xgboost,train,200,14,0.695188,6426,6427
orb,bulk_modulus,xgboost,train,200,15,0.726178,6426,6427
orb,bulk_modulus,xgboost,train,200,16,0.711325,6426,6427
orb,bulk_modulus,xgboost,train,200,17,0.737518,6426,6427
orb,bulk_modulus,xgboost,train,200,18,0.749298,6426,6427
orb,bulk_modulus,xgboost,train,200,19,0.739403,6426,6427
orb,bulk_modulus,xgboost,train,200,20,0.741438,6426,6427
orb,bulk_modulus,xgboost,train,200,21,0.711526,6426,6427
orb,bulk_modulus,xgboost,train,200,22,0.685575,6426,6427
orb,bulk_modulus,xgboost,train,200,23,0.679499,6426,6427
orb,bulk_modulus,xgboost,train,200,24,0.648327,6426,6427
orb,bulk_modulus,xgboost,train,200,25,0.743033,6426,6427
orb,bulk_modulus,xgboost,train,200,26,0.654935,6426,6427
orb,bulk_modulus,xgboost,train,200,27,0.703805,6426,6427
orb,bulk_modulus,xgboost,train,200,28,0.705132,6426,6427
orb,bulk_modulus,xgboost,train,200,29,0.729680,6426,6427
orb,bulk_modulus,linear,train,200,0,0.789662,6426,6427
orb,bulk_modulus,linear,train,200,1,0.721613,6426,6427
orb,bulk_modulus,linear,train,200,2,0.736624,6426,6427
orb,bulk_modulus,linear,train,200,3,0.786983,6426,6427
orb,bulk_modulus,linear,train,200,4,0.782743,6426,6427
orb,bulk_modulus,linear,train,200,5,0.763263,6426,6427
orb,bulk_modulus,linear,train,200,6,0.783113,6426,6427
orb,bulk_modulus,linear,train,200,7,0.757057,6426,6427
orb,bulk_modulus,linear,train,200,8,0.782467,6426,6427
orb,bulk_modulus,linear,train,200,9,0.765548,6426,6427
orb,bulk_modulus,linear,train,200,10,0.783653,6426,6427
orb,bulk_modulus,linear,train,200,11,0.750220,6426,6427
orb,bulk_modulus,linear,train,200,12,0.765357,6426,6427
orb,bulk_modulus,linear,train,200,13,0.741787,6426,6427
orb,bulk_modulus,linear,train,200,14,0.761146,6426,6427
orb,bulk_modulus,linear,train,200,15,0.794767,6426,6427
orb,bulk_modulus,linear,train,200,16,0.742181,6426,6427
orb,bulk_modulus,linear,train,200,17,0.776575,6426,6427
orb,bulk_modulus,linear,train,200,18,0.793402,6426,6427
orb,bulk_modulus,linear,train,200,19,0.781816,6426,6427
orb,bulk_modulus,linear,train,200,20,0.779470,6426,6427
orb,bulk_modulus,linear,train,200,21,0.792537,6426,6427
orb,bulk_modulus,linear,train,200,22,0.762133,6426,6427
orb,bulk_modulus,linear,train,200,23,0.739972,6426,6427
orb,bulk_modulus,linear,train,200,24,0.687510,6426,6427
orb,bulk_modulus,linear,train,200,25,0.777670,6426,6427
orb,bulk_modulus,linear,train,200,26,0.754758,6426,6427
orb,bulk_modulus,linear,train,200,27,0.750827,6426,6427
orb,bulk_modulus,linear,train,200,28,0.782003,6426,6427
orb,bulk_modulus,linear,train,200,29,0.756396,6426,6427
orb,bulk_modulus,xgboost,train,500,0,0.796709,6426,6427
orb,bulk_modulus,xgboost,train,500,1,0.774693,6426,6427
orb,bulk_modulus,xgboost,train,500,2,0.792393,6426,6427
orb,bulk_modulus,xgboost,train,500,3,0.807100,6426,6427
orb,bulk_modulus,xgboost,train,500,4,0.795327,6426,6427
orb,bulk_modulus,xgboost,train,500,5,0.812335,6426,6427
orb,bulk_modulus,xgboost,train,500,6,0.777787,6426,6427
orb,bulk_modulus,xgboost,train,500,7,0.807341,6426,6427
orb,bulk_modulus,xgboost,train,500,8,0.822884,6426,6427
orb,bulk_modulus,xgboost,train,500,9,0.799740,6426,6427
orb,bulk_modulus,xgboost,train,500,10,0.795509,6426,6427
orb,bulk_modulus,xgboost,train,500,11,0.814099,6426,6427
orb,bulk_modulus,linear,train,500,0,0.834716,6426,6427
orb,bulk_modulus,linear,train,500,1,0.815315,6426,6427
orb,bulk_modulus,linear,train,500,2,0.815341,6426,6427
orb,bulk_modulus,linear,train,500,3,0.830590,6426,6427
orb,bulk_modulus,linear,train,500,4,0.826485,6426,6427
orb,bulk_modulus,linear,train,500,5,0.830230,6426,6427
orb,bulk_modulus,linear,train,500,6,0.806388,6426,6427
orb,bulk_modulus,linear,train,500,7,0.811007,6426,6427
orb,bulk_modulus,linear,train,500,8,0.810385,6426,6427
orb,bulk_modulus,linear,train,500,9,0.798514,6426,6427
orb,bulk_modulus,linear,train,500,10,0.822743,6426,6427
orb,bulk_modulus,linear,train,500,11,0.820539,6426,6427
orb,bulk_modulus,xgboost,train,1000,0,0.858867,6426,6427
orb,bulk_modulus,xgboost,train,1000,1,0.858810,6426,6427
orb,bulk_modulus,xgboost,train,1000,2,0.862814,6426,6427
orb,bulk_modulus,xgboost,train,1000,3,0.850761,6426,6427
orb,bulk_modulus,xgboost,train,1000,4,0.847011,6426,6427
orb,bulk_modulus,xgboost,train,1000,5,0.855222,6426,6427
orb,bulk_modulus,linear,train,1000,0,0.853631,6426,6427
orb,bulk_modulus,linear,train,1000,1,0.850498,6426,6427
orb,bulk_modulus,linear,train,1000,2,0.865985,6426,6427
orb,bulk_modulus,linear,train,1000,3,0.842730,6426,6427
orb,bulk_modulus,linear,train,1000,4,0.854813,6426,6427
orb,bulk_modulus,linear,train,1000,5,0.868853,6426,6427
orb,bulk_modulus,xgboost,train,2000,0,0.895113,6426,6427
orb,bulk_modulus,xgboost,train,2000,1,0.892774,6426,6427
orb,bulk_modulus,xgboost,train,2000,2,0.886110,6426,6427
orb,bulk_modulus,linear,train,2000,0,0.889005,6426,6427
orb,bulk_modulus,linear,train,2000,1,0.880217,6426,6427
orb,bulk_modulus,linear,train,2000,2,0.865589,6426,6427
orb,bulk_modulus,xgboost,train,5000,0,0.918951,6426,6427
orb,bulk_modulus,linear,train,5000,0,0.900160,6426,6427
orb,mag_density,xgboost,train,50,0,0.248534,20000,134875
orb,mag_density,xgboost,train,50,1,0.144941,20000,134875
orb,mag_density,xgboost,train,50,2,-0.121174,20000,134875
orb,mag_density,xgboost,train,50,3,0.138143,20000,134875
orb,mag_density,xgboost,train,50,4,0.087238,20000,134875
orb,mag_density,xgboost,train,50,5,-0.027286,20000,134875
orb,mag_density,xgboost,train,50,6,0.159471,20000,134875
orb,mag_density,xgboost,train,50,7,-0.075469,20000,134875
orb,mag_density,xgboost,train,50,8,0.072030,20000,134875
orb,mag_density,xgboost,train,50,9,-0.068483,20000,134875
orb,mag_density,xgboost,train,50,10,0.011866,20000,134875
orb,mag_density,xgboost,train,50,11,0.112239,20000,134875
orb,mag_density,xgboost,train,50,12,-0.147642,20000,134875
orb,mag_density,xgboost,train,50,13,0.120818,20000,134875
orb,mag_density,xgboost,train,50,14,0.148608,20000,134875
orb,mag_density,xgboost,train,50,15,0.075102,20000,134875
orb,mag_density,xgboost,train,50,16,0.041638,20000,134875
orb,mag_density,xgboost,train,50,17,0.042181,20000,134875
orb,mag_density,xgboost,train,50,18,-0.002977,20000,134875
orb,mag_density,xgboost,train,50,19,-0.018023,20000,134875
orb,mag_density,xgboost,train,50,20,0.034251,20000,134875
orb,mag_density,xgboost,train,50,21,0.046471,20000,134875
orb,mag_density,xgboost,train,50,22,0.093298,20000,134875
orb,mag_density,xgboost,train,50,23,0.023699,20000,134875
orb,mag_density,xgboost,train,50,24,-0.126014,20000,134875
orb,mag_density,xgboost,train,50,25,0.099212,20000,134875
orb,mag_density,xgboost,train,50,26,0.085907,20000,134875
orb,mag_density,xgboost,train,50,27,0.079954,20000,134875
orb,mag_density,xgboost,train,50,28,0.041089,20000,134875
orb,mag_density,xgboost,train,50,29,0.097899,20000,134875
orb,mag_density,linear,train,50,0,0.268563,20000,134875
orb,mag_density,linear,train,50,1,0.165688,20000,134875
orb,mag_density,linear,train,50,2,0.400720,20000,134875
orb,mag_density,linear,train,50,3,0.286061,20000,134875
orb,mag_density,linear,train,50,4,0.165294,20000,134875
orb,mag_density,linear,train,50,5,0.301854,20000,134875
orb,mag_density,linear,train,50,6,0.303413,20000,134875
orb,mag_density,linear,train,50,7,0.203634,20000,134875
orb,mag_density,linear,train,50,8,0.228366,20000,134875
orb,mag_density,linear,train,50,9,0.267652,20000,134875
orb,mag_density,linear,train,50,10,0.404492,20000,134875
orb,mag_density,linear,train,50,11,0.199507,20000,134875
orb,mag_density,linear,train,50,12,0.410434,20000,134875
orb,mag_density,linear,train,50,13,0.318288,20000,134875
orb,mag_density,linear,train,50,14,0.279266,20000,134875
orb,mag_density,linear,train,50,15,0.289277,20000,134875
orb,mag_density,linear,train,50,16,0.314652,20000,134875
orb,mag_density,linear,train,50,17,0.368824,20000,134875
orb,mag_density,linear,train,50,18,0.291840,20000,134875
orb,mag_density,linear,train,50,19,0.159818,20000,134875
orb,mag_density,linear,train,50,20,0.176819,20000,134875
orb,mag_density,linear,train,50,21,0.319010,20000,134875
orb,mag_density,linear,train,50,22,0.301311,20000,134875
orb,mag_density,linear,train,50,23,0.085771,20000,134875
orb,mag_density,linear,train,50,24,-0.038506,20000,134875
orb,mag_density,linear,train,50,25,0.373501,20000,134875
orb,mag_density,linear,train,50,26,0.300555,20000,134875
orb,mag_density,linear,train,50,27,0.036394,20000,134875
orb,mag_density,linear,train,50,28,0.150600,20000,134875
orb,mag_density,linear,train,50,29,0.356261,20000,134875
orb,mag_density,xgboost,train,100,0,0.143453,20000,134875
orb,mag_density,xgboost,train,100,1,0.210295,20000,134875
orb,mag_density,xgboost,train,100,2,0.318204,20000,134875
orb,mag_density,xgboost,train,100,3,0.062440,20000,134875
orb,mag_density,xgboost,train,100,4,-0.041046,20000,134875
orb,mag_density,xgboost,train,100,5,0.256034,20000,134875
orb,mag_density,xgboost,train,100,6,0.349360,20000,134875
orb,mag_density,xgboost,train,100,7,0.110175,20000,134875
orb,mag_density,xgboost,train,100,8,0.234160,20000,134875
orb,mag_density,xgboost,train,100,9,0.056091,20000,134875
orb,mag_density,xgboost,train,100,10,0.319188,20000,134875
orb,mag_density,xgboost,train,100,11,0.197676,20000,134875
orb,mag_density,xgboost,train,100,12,0.205867,20000,134875
orb,mag_density,xgboost,train,100,13,0.257251,20000,134875
orb,mag_density,xgboost,train,100,14,0.190781,20000,134875
orb,mag_density,xgboost,train,100,15,0.244760,20000,134875
orb,mag_density,xgboost,train,100,16,0.083653,20000,134875
orb,mag_density,xgboost,train,100,17,0.003740,20000,134875
orb,mag_density,xgboost,train,100,18,0.226164,20000,134875
orb,mag_density,xgboost,train,100,19,0.275246,20000,134875
orb,mag_density,xgboost,train,100,20,0.237680,20000,134875
orb,mag_density,xgboost,train,100,21,0.206695,20000,134875
orb,mag_density,xgboost,train,100,22,0.213699,20000,134875
orb,mag_density,xgboost,train,100,23,0.180963,20000,134875
orb,mag_density,xgboost,train,100,24,0.106428,20000,134875
orb,mag_density,xgboost,train,100,25,0.314057,20000,134875
orb,mag_density,xgboost,train,100,26,0.177933,20000,134875
orb,mag_density,xgboost,train,100,27,0.055610,20000,134875
orb,mag_density,xgboost,train,100,28,0.321957,20000,134875
orb,mag_density,xgboost,train,100,29,0.010679,20000,134875
orb,mag_density,linear,train,100,0,0.452048,20000,134875
orb,mag_density,linear,train,100,1,0.259268,20000,134875
orb,mag_density,linear,train,100,2,0.465654,20000,134875
orb,mag_density,linear,train,100,3,0.089810,20000,134875
orb,mag_density,linear,train,100,4,0.377328,20000,134875
orb,mag_density,linear,train,100,5,0.308499,20000,134875
orb,mag_density,linear,train,100,6,0.378044,20000,134875
orb,mag_density,linear,train,100,7,0.335418,20000,134875
orb,mag_density,linear,train,100,8,0.382301,20000,134875
orb,mag_density,linear,train,100,9,0.416823,20000,134875
orb,mag_density,linear,train,100,10,0.394643,20000,134875
orb,mag_density,linear,train,100,11,0.332648,20000,134875
orb,mag_density,linear,train,100,12,0.336240,20000,134875
orb,mag_density,linear,train,100,13,0.438052,20000,134875
orb,mag_density,linear,train,100,14,0.401907,20000,134875
orb,mag_density,linear,train,100,15,0.253507,20000,134875
orb,mag_density,linear,train,100,16,0.287109,20000,134875
orb,mag_density,linear,train,100,17,0.229168,20000,134875
orb,mag_density,linear,train,100,18,0.374300,20000,134875
orb,mag_density,linear,train,100,19,0.414407,20000,134875
orb,mag_density,linear,train,100,20,0.386054,20000,134875
orb,mag_density,linear,train,100,21,0.109630,20000,134875
orb,mag_density,linear,train,100,22,0.176017,20000,134875
orb,mag_density,linear,train,100,23,0.313477,20000,134875
orb,mag_density,linear,train,100,24,0.320337,20000,134875
orb,mag_density,linear,train,100,25,0.378555,20000,134875
orb,mag_density,linear,train,100,26,0.453128,20000,134875
orb,mag_density,linear,train,100,27,0.122346,20000,134875
orb,mag_density,linear,train,100,28,0.480662,20000,134875
orb,mag_density,linear,train,100,29,0.454322,20000,134875
orb,mag_density,xgboost,train,200,0,0.352513,20000,134875
orb,mag_density,xgboost,train,200,1,0.352091,20000,134875
orb,mag_density,xgboost,train,200,2,0.372559,20000,134875
orb,mag_density,xgboost,train,200,3,0.364447,20000,134875
orb,mag_density,xgboost,train,200,4,0.411459,20000,134875
orb,mag_density,xgboost,train,200,5,0.236609,20000,134875
orb,mag_density,xgboost,train,200,6,0.294136,20000,134875
orb,mag_density,xgboost,train,200,7,0.373785,20000,134875
orb,mag_density,xgboost,train,200,8,0.225172,20000,134875
orb,mag_density,xgboost,train,200,9,0.370971,20000,134875
orb,mag_density,xgboost,train,200,10,0.402758,20000,134875
orb,mag_density,xgboost,train,200,11,0.333883,20000,134875
orb,mag_density,xgboost,train,200,12,0.272331,20000,134875
orb,mag_density,xgboost,train,200,13,0.348077,20000,134875
orb,mag_density,xgboost,train,200,14,0.391041,20000,134875
orb,mag_density,xgboost,train,200,15,0.352466,20000,134875
orb,mag_density,xgboost,train,200,16,0.282458,20000,134875
orb,mag_density,xgboost,train,200,17,0.358286,20000,134875
orb,mag_density,xgboost,train,200,18,0.267795,20000,134875
orb,mag_density,xgboost,train,200,19,0.186929,20000,134875
orb,mag_density,xgboost,train,200,20,0.312595,20000,134875
orb,mag_density,xgboost,train,200,21,0.344968,20000,134875
orb,mag_density,xgboost,train,200,22,0.384930,20000,134875
orb,mag_density,xgboost,train,200,23,0.249671,20000,134875
orb,mag_density,xgboost,train,200,24,0.407750,20000,134875
orb,mag_density,xgboost,train,200,25,0.344901,20000,134875
orb,mag_density,xgboost,train,200,26,0.318711,20000,134875
orb,mag_density,xgboost,train,200,27,0.367618,20000,134875
orb,mag_density,xgboost,train,200,28,0.209379,20000,134875
orb,mag_density,xgboost,train,200,29,0.441489,20000,134875
orb,mag_density,linear,train,200,0,0.499527,20000,134875
orb,mag_density,linear,train,200,1,0.469468,20000,134875
orb,mag_density,linear,train,200,2,0.483340,20000,134875
orb,mag_density,linear,train,200,3,0.440436,20000,134875
orb,mag_density,linear,train,200,4,0.505994,20000,134875
orb,mag_density,linear,train,200,5,0.216393,20000,134875
orb,mag_density,linear,train,200,6,0.441584,20000,134875
orb,mag_density,linear,train,200,7,0.519289,20000,134875
orb,mag_density,linear,train,200,8,0.481591,20000,134875
orb,mag_density,linear,train,200,9,0.474476,20000,134875
orb,mag_density,linear,train,200,10,0.519232,20000,134875
orb,mag_density,linear,train,200,11,0.435702,20000,134875
orb,mag_density,linear,train,200,12,0.417301,20000,134875
orb,mag_density,linear,train,200,13,0.491610,20000,134875
orb,mag_density,linear,train,200,14,0.504347,20000,134875
orb,mag_density,linear,train,200,15,0.482300,20000,134875
orb,mag_density,linear,train,200,16,0.418774,20000,134875
orb,mag_density,linear,train,200,17,0.501213,20000,134875
orb,mag_density,linear,train,200,18,0.503775,20000,134875
orb,mag_density,linear,train,200,19,0.501736,20000,134875
orb,mag_density,linear,train,200,20,0.487982,20000,134875
orb,mag_density,linear,train,200,21,0.485341,20000,134875
orb,mag_density,linear,train,200,22,0.485097,20000,134875
orb,mag_density,linear,train,200,23,0.478902,20000,134875
orb,mag_density,linear,train,200,24,0.519701,20000,134875
orb,mag_density,linear,train,200,25,0.511203,20000,134875
orb,mag_density,linear,train,200,26,0.476094,20000,134875
orb,mag_density,linear,train,200,27,0.496416,20000,134875
orb,mag_density,linear,train,200,28,0.497839,20000,134875
orb,mag_density,linear,train,200,29,0.515571,20000,134875
orb,mag_density,xgboost,train,500,0,0.532341,20000,134875
orb,mag_density,xgboost,train,500,1,0.507660,20000,134875
orb,mag_density,xgboost,train,500,2,0.514243,20000,134875
orb,mag_density,xgboost,train,500,3,0.491996,20000,134875
orb,mag_density,xgboost,train,500,4,0.506105,20000,134875
orb,mag_density,xgboost,train,500,5,0.493950,20000,134875
orb,mag_density,xgboost,train,500,6,0.508577,20000,134875
orb,mag_density,xgboost,train,500,7,0.502720,20000,134875
orb,mag_density,xgboost,train,500,8,0.490332,20000,134875
orb,mag_density,xgboost,train,500,9,0.472633,20000,134875
orb,mag_density,xgboost,train,500,10,0.490093,20000,134875
orb,mag_density,xgboost,train,500,11,0.526761,20000,134875
orb,mag_density,xgboost,train,500,12,0.512049,20000,134875
orb,mag_density,xgboost,train,500,13,0.441289,20000,134875
orb,mag_density,xgboost,train,500,14,0.548346,20000,134875
orb,mag_density,xgboost,train,500,15,0.510008,20000,134875
orb,mag_density,xgboost,train,500,16,0.491185,20000,134875
orb,mag_density,xgboost,train,500,17,0.483619,20000,134875
orb,mag_density,xgboost,train,500,18,0.521534,20000,134875
orb,mag_density,xgboost,train,500,19,0.487316,20000,134875
orb,mag_density,xgboost,train,500,20,0.513992,20000,134875
orb,mag_density,xgboost,train,500,21,0.526688,20000,134875
orb,mag_density,xgboost,train,500,22,0.492066,20000,134875
orb,mag_density,xgboost,train,500,23,0.501661,20000,134875
orb,mag_density,xgboost,train,500,24,0.513286,20000,134875
orb,mag_density,xgboost,train,500,25,0.509426,20000,134875
orb,mag_density,xgboost,train,500,26,0.489333,20000,134875
orb,mag_density,xgboost,train,500,27,0.554551,20000,134875
orb,mag_density,xgboost,train,500,28,0.469906,20000,134875
orb,mag_density,xgboost,train,500,29,0.519524,20000,134875
orb,mag_density,linear,train,500,0,0.529412,20000,134875
orb,mag_density,linear,train,500,1,0.561549,20000,134875
orb,mag_density,linear,train,500,2,0.579310,20000,134875
orb,mag_density,linear,train,500,3,0.545302,20000,134875
orb,mag_density,linear,train,500,4,0.555780,20000,134875
orb,mag_density,linear,train,500,5,0.558866,20000,134875
orb,mag_density,linear,train,500,6,0.599892,20000,134875
orb,mag_density,linear,train,500,7,0.531304,20000,134875
orb,mag_density,linear,train,500,8,0.550316,20000,134875
orb,mag_density,linear,train,500,9,0.570820,20000,134875
orb,mag_density,linear,train,500,10,0.598900,20000,134875
orb,mag_density,linear,train,500,11,0.582777,20000,134875
orb,mag_density,linear,train,500,12,0.547925,20000,134875
orb,mag_density,linear,train,500,13,0.536247,20000,134875
orb,mag_density,linear,train,500,14,0.602549,20000,134875
orb,mag_density,linear,train,500,15,0.572960,20000,134875
orb,mag_density,linear,train,500,16,0.568960,20000,134875
orb,mag_density,linear,train,500,17,0.559407,20000,134875
orb,mag_density,linear,train,500,18,0.591935,20000,134875
orb,mag_density,linear,train,500,19,0.542700,20000,134875
orb,mag_density,linear,train,500,20,0.548574,20000,134875
orb,mag_density,linear,train,500,21,0.583368,20000,134875
orb,mag_density,linear,train,500,22,0.563601,20000,134875
orb,mag_density,linear,train,500,23,0.574873,20000,134875
orb,mag_density,linear,train,500,24,0.565714,20000,134875
orb,mag_density,linear,train,500,25,0.585254,20000,134875
orb,mag_density,linear,train,500,26,0.567258,20000,134875
orb,mag_density,linear,train,500,27,0.588855,20000,134875
orb,mag_density,linear,train,500,28,0.565816,20000,134875
orb,mag_density,linear,train,500,29,0.537529,20000,134875
orb,mag_density,xgboost,train,1000,0,0.582648,20000,134875
orb,mag_density,xgboost,train,1000,1,0.556481,20000,134875
orb,mag_density,xgboost,train,1000,2,0.558309,20000,134875
orb,mag_density,xgboost,train,1000,3,0.600041,20000,134875
orb,mag_density,xgboost,train,1000,4,0.578908,20000,134875
orb,mag_density,xgboost,train,1000,5,0.593495,20000,134875
orb,mag_density,xgboost,train,1000,6,0.570049,20000,134875
orb,mag_density,xgboost,train,1000,7,0.580311,20000,134875
orb,mag_density,xgboost,train,1000,8,0.552249,20000,134875
orb,mag_density,xgboost,train,1000,9,0.574710,20000,134875
orb,mag_density,xgboost,train,1000,10,0.594838,20000,134875
orb,mag_density,xgboost,train,1000,11,0.569586,20000,134875
orb,mag_density,xgboost,train,1000,12,0.581844,20000,134875
orb,mag_density,xgboost,train,1000,13,0.584189,20000,134875
orb,mag_density,xgboost,train,1000,14,0.563087,20000,134875
orb,mag_density,xgboost,train,1000,15,0.564084,20000,134875
orb,mag_density,xgboost,train,1000,16,0.585962,20000,134875
orb,mag_density,xgboost,train,1000,17,0.576327,20000,134875
orb,mag_density,xgboost,train,1000,18,0.577553,20000,134875
orb,mag_density,xgboost,train,1000,19,0.578484,20000,134875
orb,mag_density,xgboost,train,1000,20,0.577344,20000,134875
orb,mag_density,xgboost,train,1000,21,0.532460,20000,134875
orb,mag_density,xgboost,train,1000,22,0.587807,20000,134875
orb,mag_density,xgboost,train,1000,23,0.587279,20000,134875
orb,mag_density,xgboost,train,1000,24,0.603144,20000,134875
orb,mag_density,xgboost,train,1000,25,0.558567,20000,134875
orb,mag_density,xgboost,train,1000,26,0.565163,20000,134875
orb,mag_density,xgboost,train,1000,27,0.535824,20000,134875
orb,mag_density,xgboost,train,1000,28,0.581191,20000,134875
orb,mag_density,xgboost,train,1000,29,0.580251,20000,134875
orb,mag_density,linear,train,1000,0,0.627861,20000,134875
orb,mag_density,linear,train,1000,1,0.605683,20000,134875
orb,mag_density,linear,train,1000,2,0.634024,20000,134875
orb,mag_density,linear,train,1000,3,0.602694,20000,134875
orb,mag_density,linear,train,1000,4,0.597056,20000,134875
orb,mag_density,linear,train,1000,5,0.624826,20000,134875
orb,mag_density,linear,train,1000,6,0.616574,20000,134875
orb,mag_density,linear,train,1000,7,0.619255,20000,134875
orb,mag_density,linear,train,1000,8,0.580749,20000,134875
orb,mag_density,linear,train,1000,9,0.637738,20000,134875
orb,mag_density,linear,train,1000,10,0.640502,20000,134875
orb,mag_density,linear,train,1000,11,0.617004,20000,134875
orb,mag_density,linear,train,1000,12,0.610254,20000,134875
orb,mag_density,linear,train,1000,13,0.626810,20000,134875
orb,mag_density,linear,train,1000,14,0.580056,20000,134875
orb,mag_density,linear,train,1000,15,0.599636,20000,134875
orb,mag_density,linear,train,1000,16,0.623231,20000,134875
orb,mag_density,linear,train,1000,17,0.626216,20000,134875
orb,mag_density,linear,train,1000,18,0.603942,20000,134875
orb,mag_density,linear,train,1000,19,0.636597,20000,134875
orb,mag_density,linear,train,1000,20,0.588412,20000,134875
orb,mag_density,linear,train,1000,21,0.545188,20000,134875
orb,mag_density,linear,train,1000,22,0.621755,20000,134875
orb,mag_density,linear,train,1000,23,0.610142,20000,134875
orb,mag_density,linear,train,1000,24,0.639056,20000,134875
orb,mag_density,linear,train,1000,25,0.616751,20000,134875
orb,mag_density,linear,train,1000,26,0.593323,20000,134875
orb,mag_density,linear,train,1000,27,0.597313,20000,134875
orb,mag_density,linear,train,1000,28,0.622220,20000,134875
orb,mag_density,linear,train,1000,29,0.625058,20000,134875
orb,mag_density,xgboost,train,2000,0,0.630072,20000,134875
orb,mag_density,xgboost,train,2000,1,0.643387,20000,134875
orb,mag_density,xgboost,train,2000,2,0.635586,20000,134875
orb,mag_density,xgboost,train,2000,3,0.647020,20000,134875
orb,mag_density,xgboost,train,2000,4,0.634610,20000,134875
orb,mag_density,xgboost,train,2000,5,0.637107,20000,134875
orb,mag_density,xgboost,train,2000,6,0.632465,20000,134875
orb,mag_density,xgboost,train,2000,7,0.641947,20000,134875
orb,mag_density,xgboost,train,2000,8,0.649231,20000,134875
orb,mag_density,xgboost,train,2000,9,0.630751,20000,134875
orb,mag_density,xgboost,train,2000,10,0.663547,20000,134875
orb,mag_density,xgboost,train,2000,11,0.647982,20000,134875
orb,mag_density,xgboost,train,2000,12,0.671710,20000,134875
orb,mag_density,xgboost,train,2000,13,0.617968,20000,134875
orb,mag_density,xgboost,train,2000,14,0.640427,20000,134875
orb,mag_density,xgboost,train,2000,15,0.630118,20000,134875
orb,mag_density,xgboost,train,2000,16,0.635860,20000,134875
orb,mag_density,xgboost,train,2000,17,0.629921,20000,134875
orb,mag_density,xgboost,train,2000,18,0.632460,20000,134875
orb,mag_density,xgboost,train,2000,19,0.650004,20000,134875
orb,mag_density,xgboost,train,2000,20,0.618568,20000,134875
orb,mag_density,xgboost,train,2000,21,0.650835,20000,134875
orb,mag_density,xgboost,train,2000,22,0.641825,20000,134875
orb,mag_density,xgboost,train,2000,23,0.650789,20000,134875
orb,mag_density,xgboost,train,2000,24,0.640769,20000,134875
orb,mag_density,xgboost,train,2000,25,0.630207,20000,134875
orb,mag_density,xgboost,train,2000,26,0.638090,20000,134875
orb,mag_density,xgboost,train,2000,27,0.618363,20000,134875
orb,mag_density,xgboost,train,2000,28,0.642739,20000,134875
orb,mag_density,xgboost,train,2000,29,0.641178,20000,134875
orb,mag_density,linear,train,2000,0,0.665382,20000,134875
orb,mag_density,linear,train,2000,1,0.664469,20000,134875
orb,mag_density,linear,train,2000,2,0.657232,20000,134875
orb,mag_density,linear,train,2000,3,0.636981,20000,134875
orb,mag_density,linear,train,2000,4,0.647086,20000,134875
orb,mag_density,linear,train,2000,5,0.649239,20000,134875
orb,mag_density,linear,train,2000,6,0.650624,20000,134875
orb,mag_density,linear,train,2000,7,0.664858,20000,134875
orb,mag_density,linear,train,2000,8,0.661928,20000,134875
orb,mag_density,linear,train,2000,9,0.660558,20000,134875
orb,mag_density,linear,train,2000,10,0.640966,20000,134875
orb,mag_density,linear,train,2000,11,0.670579,20000,134875
orb,mag_density,linear,train,2000,12,0.651322,20000,134875
orb,mag_density,linear,train,2000,13,0.627635,20000,134875
orb,mag_density,linear,train,2000,14,0.649785,20000,134875
orb,mag_density,linear,train,2000,15,0.655861,20000,134875
orb,mag_density,linear,train,2000,16,0.657795,20000,134875
orb,mag_density,linear,train,2000,17,0.654152,20000,134875
orb,mag_density,linear,train,2000,18,0.654818,20000,134875
orb,mag_density,linear,train,2000,19,0.667653,20000,134875
orb,mag_density,linear,train,2000,20,0.645697,20000,134875
orb,mag_density,linear,train,2000,21,0.646836,20000,134875
orb,mag_density,linear,train,2000,22,0.632141,20000,134875
orb,mag_density,linear,train,2000,23,0.660545,20000,134875
orb,mag_density,linear,train,2000,24,0.647726,20000,134875
orb,mag_density,linear,train,2000,25,0.629449,20000,134875
orb,mag_density,linear,train,2000,26,0.653488,20000,134875
orb,mag_density,linear,train,2000,27,0.670553,20000,134875
orb,mag_density,linear,train,2000,28,0.670204,20000,134875
orb,mag_density,linear,train,2000,29,0.654782,20000,134875
orb,mag_density,xgboost,train,5000,0,0.705958,20000,134875
orb,mag_density,xgboost,train,5000,1,0.700230,20000,134875
orb,mag_density,xgboost,train,5000,2,0.707120,20000,134875
orb,mag_density,xgboost,train,5000,3,0.688549,20000,134875
orb,mag_density,xgboost,train,5000,4,0.702791,20000,134875
orb,mag_density,xgboost,train,5000,5,0.689566,20000,134875
orb,mag_density,xgboost,train,5000,6,0.694856,20000,134875
orb,mag_density,xgboost,train,5000,7,0.696721,20000,134875
orb,mag_density,xgboost,train,5000,8,0.696920,20000,134875
orb,mag_density,xgboost,train,5000,9,0.705507,20000,134875
orb,mag_density,linear,train,5000,0,0.693683,20000,134875
orb,mag_density,linear,train,5000,1,0.687906,20000,134875
orb,mag_density,linear,train,5000,2,0.690178,20000,134875
orb,mag_density,linear,train,5000,3,0.691956,20000,134875
orb,mag_density,linear,train,5000,4,0.676487,20000,134875
orb,mag_density,linear,train,5000,5,0.681274,20000,134875
orb,mag_density,linear,train,5000,6,0.679708,20000,134875
orb,mag_density,linear,train,5000,7,0.689594,20000,134875
orb,mag_density,linear,train,5000,8,0.689643,20000,134875
orb,mag_density,linear,train,5000,9,0.693414,20000,134875
orb,mag_density,xgboost,train,7000,0,0.722040,20000,134875
orb,mag_density,xgboost,train,7000,1,0.723188,20000,134875
orb,mag_density,xgboost,train,7000,2,0.711367,20000,134875
orb,mag_density,xgboost,train,7000,3,0.726235,20000,134875
orb,mag_density,xgboost,train,7000,4,0.707852,20000,134875
orb,mag_density,xgboost,train,7000,5,0.711890,20000,134875
orb,mag_density,xgboost,train,7000,6,0.723106,20000,134875
orb,mag_density,linear,train,7000,0,0.686411,20000,134875
orb,mag_density,linear,train,7000,1,0.699689,20000,134875
orb,mag_density,linear,train,7000,2,0.688413,20000,134875
orb,mag_density,linear,train,7000,3,0.688213,20000,134875
orb,mag_density,linear,train,7000,4,0.694329,20000,134875
orb,mag_density,linear,train,7000,5,0.692776,20000,134875
orb,mag_density,linear,train,7000,6,0.704614,20000,134875
orb,mag_density,xgboost,train,10000,0,0.741563,20000,134875
orb,mag_density,xgboost,train,10000,1,0.732946,20000,134875
orb,mag_density,xgboost,train,10000,2,0.731536,20000,134875
orb,mag_density,xgboost,train,10000,3,0.733362,20000,134875
orb,mag_density,xgboost,train,10000,4,0.741482,20000,134875
orb,mag_density,xgboost,train,10000,5,0.734489,20000,134875
orb,mag_density,xgboost,train,10000,6,0.733886,20000,134875
orb,mag_density,linear,train,10000,0,0.694269,20000,134875
orb,mag_density,linear,train,10000,1,0.703308,20000,134875
orb,mag_density,linear,train,10000,2,0.703626,20000,134875
orb,mag_density,linear,train,10000,3,0.698007,20000,134875
orb,mag_density,linear,train,10000,4,0.707450,20000,134875
orb,mag_density,linear,train,10000,5,0.699219,20000,134875
orb,mag_density,linear,train,10000,6,0.710165,20000,134875
orb,mag_density,xgboost,train,20000,0,0.765244,20000,134875
orb,mag_density,xgboost,train,20000,1,0.760235,20000,134875
orb,mag_density,xgboost,train,20000,2,0.758918,20000,134875
orb,mag_density,xgboost,train,20000,3,0.767872,20000,134875
orb,mag_density,xgboost,train,20000,4,0.759320,20000,134875
orb,mag_density,xgboost,train,20000,5,0.767437,20000,134875
orb,mag_density,linear,train,20000,0,0.702657,20000,134875
orb,mag_density,linear,train,20000,1,0.710184,20000,134875
orb,mag_density,linear,train,20000,2,0.712035,20000,134875
orb,mag_density,linear,train,20000,3,0.712814,20000,134875
orb,mag_density,linear,train,20000,4,0.712983,20000,134875
orb,mag_density,linear,train,20000,5,0.704307,20000,134875
orb,crystal_system,xgboost,train,50,0,0.192858,20000,134875
orb,crystal_system,xgboost,train,50,1,0.194763,20000,134875
orb,crystal_system,xgboost,train,50,2,0.181171,20000,134875
orb,crystal_system,xgboost,train,50,3,0.156729,20000,134875
orb,crystal_system,xgboost,train,50,4,0.182892,20000,134875
orb,crystal_system,xgboost,train,50,5,0.189852,20000,134875
orb,crystal_system,xgboost,train,50,6,0.209707,20000,134875
orb,crystal_system,xgboost,train,50,7,0.146711,20000,134875
orb,crystal_system,xgboost,train,50,8,0.174206,20000,134875
orb,crystal_system,xgboost,train,50,9,0.181762,20000,134875
orb,crystal_system,xgboost,train,50,10,0.173501,20000,134875
orb,crystal_system,xgboost,train,50,11,0.200361,20000,134875
orb,crystal_system,xgboost,train,50,12,0.184677,20000,134875
orb,crystal_system,xgboost,train,50,13,0.192628,20000,134875
orb,crystal_system,xgboost,train,50,14,0.206062,20000,134875
orb,crystal_system,xgboost,train,50,15,0.182864,20000,134875
orb,crystal_system,xgboost,train,50,16,0.179917,20000,134875
orb,crystal_system,xgboost,train,50,17,0.164548,20000,134875
orb,crystal_system,xgboost,train,50,18,0.193213,20000,134875
orb,crystal_system,xgboost,train,50,19,0.175020,20000,134875
orb,crystal_system,xgboost,train,50,20,0.220443,20000,134875
orb,crystal_system,xgboost,train,50,21,0.142385,20000,134875
orb,crystal_system,xgboost,train,50,22,0.199898,20000,134875
orb,crystal_system,xgboost,train,50,23,0.227053,20000,134875
orb,crystal_system,xgboost,train,50,24,0.219869,20000,134875
orb,crystal_system,xgboost,train,50,25,0.185006,20000,134875
orb,crystal_system,xgboost,train,50,26,0.178984,20000,134875
orb,crystal_system,xgboost,train,50,27,0.193362,20000,134875
orb,crystal_system,xgboost,train,50,28,0.181257,20000,134875
orb,crystal_system,xgboost,train,50,29,0.186209,20000,134875
orb,crystal_system,linear,train,50,0,0.215820,20000,134875
orb,crystal_system,linear,train,50,1,0.215751,20000,134875
orb,crystal_system,linear,train,50,2,0.228948,20000,134875
orb,crystal_system,linear,train,50,3,0.170393,20000,134875
orb,crystal_system,linear,train,50,4,0.216440,20000,134875
orb,crystal_system,linear,train,50,5,0.215541,20000,134875
orb,crystal_system,linear,train,50,6,0.209002,20000,134875
orb,crystal_system,linear,train,50,7,0.153764,20000,134875
orb,crystal_system,linear,train,50,8,0.183434,20000,134875
orb,crystal_system,linear,train,50,9,0.189757,20000,134875
orb,crystal_system,linear,train,50,10,0.195197,20000,134875
orb,crystal_system,linear,train,50,11,0.185930,20000,134875
orb,crystal_system,linear,train,50,12,0.176793,20000,134875
orb,crystal_system,linear,train,50,13,0.203678,20000,134875
orb,crystal_system,linear,train,50,14,0.212394,20000,134875
orb,crystal_system,linear,train,50,15,0.220599,20000,134875
orb,crystal_system,linear,train,50,16,0.189994,20000,134875
orb,crystal_system,linear,train,50,17,0.184687,20000,134875
orb,crystal_system,linear,train,50,18,0.215764,20000,134875
orb,crystal_system,linear,train,50,19,0.204285,20000,134875
orb,crystal_system,linear,train,50,20,0.218579,20000,134875
orb,crystal_system,linear,train,50,21,0.171826,20000,134875
orb,crystal_system,linear,train,50,22,0.175200,20000,134875
orb,crystal_system,linear,train,50,23,0.223930,20000,134875
orb,crystal_system,linear,train,50,24,0.229596,20000,134875
orb,crystal_system,linear,train,50,25,0.190526,20000,134875
orb,crystal_system,linear,train,50,26,0.192350,20000,134875
orb,crystal_system,linear,train,50,27,0.216774,20000,134875
orb,crystal_system,linear,train,50,28,0.190671,20000,134875
orb,crystal_system,linear,train,50,29,0.202908,20000,134875
orb,crystal_system,xgboost,train,100,0,0.228335,20000,134875
orb,crystal_system,xgboost,train,100,1,0.219327,20000,134875
orb,crystal_system,xgboost,train,100,2,0.225838,20000,134875
orb,crystal_system,xgboost,train,100,3,0.256843,20000,134875
orb,crystal_system,xgboost,train,100,4,0.256487,20000,134875
orb,crystal_system,xgboost,train,100,5,0.249548,20000,134875
orb,crystal_system,xgboost,train,100,6,0.225667,20000,134875
orb,crystal_system,xgboost,train,100,7,0.217275,20000,134875
orb,crystal_system,xgboost,train,100,8,0.272090,20000,134875
orb,crystal_system,xgboost,train,100,9,0.203627,20000,134875
orb,crystal_system,xgboost,train,100,10,0.224045,20000,134875
orb,crystal_system,xgboost,train,100,11,0.206555,20000,134875
orb,crystal_system,xgboost,train,100,12,0.264300,20000,134875
orb,crystal_system,xgboost,train,100,13,0.236869,20000,134875
orb,crystal_system,xgboost,train,100,14,0.248947,20000,134875
orb,crystal_system,xgboost,train,100,15,0.214952,20000,134875
orb,crystal_system,xgboost,train,100,16,0.208013,20000,134875
orb,crystal_system,xgboost,train,100,17,0.213614,20000,134875
orb,crystal_system,xgboost,train,100,18,0.201644,20000,134875
orb,crystal_system,xgboost,train,100,19,0.212801,20000,134875
orb,crystal_system,xgboost,train,100,20,0.202528,20000,134875
orb,crystal_system,xgboost,train,100,21,0.200199,20000,134875
orb,crystal_system,xgboost,train,100,22,0.215790,20000,134875
orb,crystal_system,xgboost,train,100,23,0.241781,20000,134875
orb,crystal_system,xgboost,train,100,24,0.245009,20000,134875
orb,crystal_system,xgboost,train,100,25,0.239369,20000,134875
orb,crystal_system,xgboost,train,100,26,0.221846,20000,134875
orb,crystal_system,xgboost,train,100,27,0.217504,20000,134875
orb,crystal_system,xgboost,train,100,28,0.217146,20000,134875
orb,crystal_system,xgboost,train,100,29,0.228434,20000,134875
orb,crystal_system,linear,train,100,0,0.244016,20000,134875
orb,crystal_system,linear,train,100,1,0.226084,20000,134875
orb,crystal_system,linear,train,100,2,0.257665,20000,134875
orb,crystal_system,linear,train,100,3,0.262640,20000,134875
orb,crystal_system,linear,train,100,4,0.261592,20000,134875
orb,crystal_system,linear,train,100,5,0.256249,20000,134875
orb,crystal_system,linear,train,100,6,0.228864,20000,134875
orb,crystal_system,linear,train,100,7,0.216457,20000,134875
orb,crystal_system,linear,train,100,8,0.283694,20000,134875
orb,crystal_system,linear,train,100,9,0.221740,20000,134875
orb,crystal_system,linear,train,100,10,0.213841,20000,134875
orb,crystal_system,linear,train,100,11,0.229354,20000,134875
orb,crystal_system,linear,train,100,12,0.282384,20000,134875
orb,crystal_system,linear,train,100,13,0.240784,20000,134875
orb,crystal_system,linear,train,100,14,0.264101,20000,134875
orb,crystal_system,linear,train,100,15,0.231260,20000,134875
orb,crystal_system,linear,train,100,16,0.227264,20000,134875
orb,crystal_system,linear,train,100,17,0.204912,20000,134875
orb,crystal_system,linear,train,100,18,0.217153,20000,134875
orb,crystal_system,linear,train,100,19,0.216009,20000,134875
orb,crystal_system,linear,train,100,20,0.216764,20000,134875
orb,crystal_system,linear,train,100,21,0.219534,20000,134875
orb,crystal_system,linear,train,100,22,0.221354,20000,134875
orb,crystal_system,linear,train,100,23,0.248837,20000,134875
orb,crystal_system,linear,train,100,24,0.248541,20000,134875
orb,crystal_system,linear,train,100,25,0.247809,20000,134875
orb,crystal_system,linear,train,100,26,0.247661,20000,134875
orb,crystal_system,linear,train,100,27,0.219804,20000,134875
orb,crystal_system,linear,train,100,28,0.235292,20000,134875
orb,crystal_system,linear,train,100,29,0.238531,20000,134875
orb,crystal_system,xgboost,train,200,0,0.281027,20000,134875
orb,crystal_system,xgboost,train,200,1,0.285689,20000,134875
orb,crystal_system,xgboost,train,200,2,0.267935,20000,134875
orb,crystal_system,xgboost,train,200,3,0.302054,20000,134875
orb,crystal_system,xgboost,train,200,4,0.291584,20000,134875
orb,crystal_system,xgboost,train,200,5,0.286562,20000,134875
orb,crystal_system,xgboost,train,200,6,0.249677,20000,134875
orb,crystal_system,xgboost,train,200,7,0.275981,20000,134875
orb,crystal_system,xgboost,train,200,8,0.286932,20000,134875
orb,crystal_system,xgboost,train,200,9,0.287838,20000,134875
orb,crystal_system,xgboost,train,200,10,0.264447,20000,134875
orb,crystal_system,xgboost,train,200,11,0.280310,20000,134875
orb,crystal_system,xgboost,train,200,12,0.315547,20000,134875
orb,crystal_system,xgboost,train,200,13,0.277663,20000,134875
orb,crystal_system,xgboost,train,200,14,0.245175,20000,134875
orb,crystal_system,xgboost,train,200,15,0.279168,20000,134875
orb,crystal_system,xgboost,train,200,16,0.250326,20000,134875
orb,crystal_system,xgboost,train,200,17,0.271051,20000,134875
orb,crystal_system,xgboost,train,200,18,0.242476,20000,134875
orb,crystal_system,xgboost,train,200,19,0.262196,20000,134875
orb,crystal_system,xgboost,train,200,20,0.232799,20000,134875
orb,crystal_system,xgboost,train,200,21,0.262860,20000,134875
orb,crystal_system,xgboost,train,200,22,0.305490,20000,134875
orb,crystal_system,xgboost,train,200,23,0.241779,20000,134875
orb,crystal_system,xgboost,train,200,24,0.273691,20000,134875
orb,crystal_system,xgboost,train,200,25,0.247000,20000,134875
orb,crystal_system,xgboost,train,200,26,0.260054,20000,134875
orb,crystal_system,xgboost,train,200,27,0.277667,20000,134875
orb,crystal_system,xgboost,train,200,28,0.254957,20000,134875
orb,crystal_system,xgboost,train,200,29,0.259783,20000,134875
orb,crystal_system,linear,train,200,0,0.270491,20000,134875
orb,crystal_system,linear,train,200,1,0.276235,20000,134875
orb,crystal_system,linear,train,200,2,0.257146,20000,134875
orb,crystal_system,linear,train,200,3,0.302204,20000,134875
orb,crystal_system,linear,train,200,4,0.282813,20000,134875
orb,crystal_system,linear,train,200,5,0.296948,20000,134875
orb,crystal_system,linear,train,200,6,0.243667,20000,134875
orb,crystal_system,linear,train,200,7,0.281899,20000,134875
orb,crystal_system,linear,train,200,8,0.294678,20000,134875
orb,crystal_system,linear,train,200,9,0.279752,20000,134875
orb,crystal_system,linear,train,200,10,0.280631,20000,134875
orb,crystal_system,linear,train,200,11,0.300869,20000,134875
orb,crystal_system,linear,train,200,12,0.298100,20000,134875
orb,crystal_system,linear,train,200,13,0.271649,20000,134875
orb,crystal_system,linear,train,200,14,0.240124,20000,134875
orb,crystal_system,linear,train,200,15,0.289027,20000,134875
orb,crystal_system,linear,train,200,16,0.265174,20000,134875
orb,crystal_system,linear,train,200,17,0.283204,20000,134875
orb,crystal_system,linear,train,200,18,0.245773,20000,134875
orb,crystal_system,linear,train,200,19,0.272966,20000,134875
orb,crystal_system,linear,train,200,20,0.253050,20000,134875
orb,crystal_system,linear,train,200,21,0.268740,20000,134875
orb,crystal_system,linear,train,200,22,0.281951,20000,134875
orb,crystal_system,linear,train,200,23,0.244603,20000,134875
orb,crystal_system,linear,train,200,24,0.271114,20000,134875
orb,crystal_system,linear,train,200,25,0.255843,20000,134875
orb,crystal_system,linear,train,200,26,0.258959,20000,134875
orb,crystal_system,linear,train,200,27,0.269362,20000,134875
orb,crystal_system,linear,train,200,28,0.242555,20000,134875
orb,crystal_system,linear,train,200,29,0.279762,20000,134875
orb,crystal_system,xgboost,train,500,0,0.341134,20000,134875
orb,crystal_system,xgboost,train,500,1,0.315932,20000,134875
orb,crystal_system,xgboost,train,500,2,0.328735,20000,134875
orb,crystal_system,xgboost,train,500,3,0.329324,20000,134875
orb,crystal_system,xgboost,train,500,4,0.341310,20000,134875
orb,crystal_system,xgboost,train,500,5,0.322608,20000,134875
orb,crystal_system,xgboost,train,500,6,0.344376,20000,134875
orb,crystal_system,xgboost,train,500,7,0.329562,20000,134875
orb,crystal_system,xgboost,train,500,8,0.340098,20000,134875
orb,crystal_system,xgboost,train,500,9,0.341711,20000,134875
orb,crystal_system,xgboost,train,500,10,0.322127,20000,134875
orb,crystal_system,xgboost,train,500,11,0.316192,20000,134875
orb,crystal_system,xgboost,train,500,12,0.345237,20000,134875
orb,crystal_system,xgboost,train,500,13,0.302212,20000,134875
orb,crystal_system,xgboost,train,500,14,0.341432,20000,134875
orb,crystal_system,xgboost,train,500,15,0.326472,20000,134875
orb,crystal_system,xgboost,train,500,16,0.326337,20000,134875
orb,crystal_system,xgboost,train,500,17,0.320069,20000,134875
orb,crystal_system,xgboost,train,500,18,0.332707,20000,134875
orb,crystal_system,xgboost,train,500,19,0.348179,20000,134875
orb,crystal_system,xgboost,train,500,20,0.341933,20000,134875
orb,crystal_system,xgboost,train,500,21,0.335259,20000,134875
orb,crystal_system,xgboost,train,500,22,0.301250,20000,134875
orb,crystal_system,xgboost,train,500,23,0.351259,20000,134875
orb,crystal_system,xgboost,train,500,24,0.328901,20000,134875
orb,crystal_system,xgboost,train,500,25,0.338984,20000,134875
orb,crystal_system,xgboost,train,500,26,0.329921,20000,134875
orb,crystal_system,xgboost,train,500,27,0.342379,20000,134875
orb,crystal_system,xgboost,train,500,28,0.339562,20000,134875
orb,crystal_system,xgboost,train,500,29,0.327005,20000,134875
orb,crystal_system,linear,train,500,0,0.302735,20000,134875
orb,crystal_system,linear,train,500,1,0.307497,20000,134875
orb,crystal_system,linear,train,500,2,0.302465,20000,134875
orb,crystal_system,linear,train,500,3,0.307706,20000,134875
orb,crystal_system,linear,train,500,4,0.323583,20000,134875
orb,crystal_system,linear,train,500,5,0.305103,20000,134875
orb,crystal_system,linear,train,500,6,0.325991,20000,134875
orb,crystal_system,linear,train,500,7,0.295101,20000,134875
orb,crystal_system,linear,train,500,8,0.312881,20000,134875
orb,crystal_system,linear,train,500,9,0.320637,20000,134875
orb,crystal_system,linear,train,500,10,0.303161,20000,134875
orb,crystal_system,linear,train,500,11,0.293045,20000,134875
orb,crystal_system,linear,train,500,12,0.303767,20000,134875
orb,crystal_system,linear,train,500,13,0.294846,20000,134875
orb,crystal_system,linear,train,500,14,0.319013,20000,134875
orb,crystal_system,linear,train,500,15,0.300252,20000,134875
orb,crystal_system,linear,train,500,16,0.304155,20000,134875
orb,crystal_system,linear,train,500,17,0.314474,20000,134875
orb,crystal_system,linear,train,500,18,0.314118,20000,134875
orb,crystal_system,linear,train,500,19,0.313259,20000,134875
orb,crystal_system,linear,train,500,20,0.327629,20000,134875
orb,crystal_system,linear,train,500,21,0.315260,20000,134875
orb,crystal_system,linear,train,500,22,0.295897,20000,134875
orb,crystal_system,linear,train,500,23,0.328270,20000,134875
orb,crystal_system,linear,train,500,24,0.294713,20000,134875
orb,crystal_system,linear,train,500,25,0.317173,20000,134875
orb,crystal_system,linear,train,500,26,0.316558,20000,134875
orb,crystal_system,linear,train,500,27,0.309316,20000,134875
orb,crystal_system,linear,train,500,28,0.312802,20000,134875
orb,crystal_system,linear,train,500,29,0.305298,20000,134875
orb,crystal_system,xgboost,train,1000,0,0.370718,20000,134875
orb,crystal_system,xgboost,train,1000,1,0.353749,20000,134875
orb,crystal_system,xgboost,train,1000,2,0.357852,20000,134875
orb,crystal_system,xgboost,train,1000,3,0.384347,20000,134875
orb,crystal_system,xgboost,train,1000,4,0.370947,20000,134875
orb,crystal_system,xgboost,train,1000,5,0.380486,20000,134875
orb,crystal_system,xgboost,train,1000,6,0.387451,20000,134875
orb,crystal_system,xgboost,train,1000,7,0.365711,20000,134875
orb,crystal_system,xgboost,train,1000,8,0.372921,20000,134875
orb,crystal_system,xgboost,train,1000,9,0.376545,20000,134875
orb,crystal_system,xgboost,train,1000,10,0.369646,20000,134875
orb,crystal_system,xgboost,train,1000,11,0.364333,20000,134875
orb,crystal_system,xgboost,train,1000,12,0.388095,20000,134875
orb,crystal_system,xgboost,train,1000,13,0.370236,20000,134875
orb,crystal_system,xgboost,train,1000,14,0.355268,20000,134875
orb,crystal_system,xgboost,train,1000,15,0.368573,20000,134875
orb,crystal_system,xgboost,train,1000,16,0.385783,20000,134875
orb,crystal_system,xgboost,train,1000,17,0.389504,20000,134875
orb,crystal_system,xgboost,train,1000,18,0.382684,20000,134875
orb,crystal_system,xgboost,train,1000,19,0.379113,20000,134875
orb,crystal_system,xgboost,train,1000,20,0.371885,20000,134875
orb,crystal_system,xgboost,train,1000,21,0.371564,20000,134875
orb,crystal_system,xgboost,train,1000,22,0.370441,20000,134875
orb,crystal_system,xgboost,train,1000,23,0.377169,20000,134875
orb,crystal_system,xgboost,train,1000,24,0.359716,20000,134875
orb,crystal_system,xgboost,train,1000,25,0.394054,20000,134875
orb,crystal_system,xgboost,train,1000,26,0.382609,20000,134875
orb,crystal_system,xgboost,train,1000,27,0.366185,20000,134875
orb,crystal_system,xgboost,train,1000,28,0.369257,20000,134875
orb,crystal_system,xgboost,train,1000,29,0.380205,20000,134875
orb,crystal_system,linear,train,1000,0,0.325541,20000,134875
orb,crystal_system,linear,train,1000,1,0.333099,20000,134875
orb,crystal_system,linear,train,1000,2,0.323264,20000,134875
orb,crystal_system,linear,train,1000,3,0.344877,20000,134875
orb,crystal_system,linear,train,1000,4,0.343822,20000,134875
orb,crystal_system,linear,train,1000,5,0.341560,20000,134875
orb,crystal_system,linear,train,1000,6,0.336099,20000,134875
orb,crystal_system,linear,train,1000,7,0.330567,20000,134875
orb,crystal_system,linear,train,1000,8,0.344875,20000,134875
orb,crystal_system,linear,train,1000,9,0.335119,20000,134875
orb,crystal_system,linear,train,1000,10,0.324307,20000,134875
orb,crystal_system,linear,train,1000,11,0.331671,20000,134875
orb,crystal_system,linear,train,1000,12,0.345188,20000,134875
orb,crystal_system,linear,train,1000,13,0.339405,20000,134875
orb,crystal_system,linear,train,1000,14,0.341240,20000,134875
orb,crystal_system,linear,train,1000,15,0.350788,20000,134875
orb,crystal_system,linear,train,1000,16,0.339336,20000,134875
orb,crystal_system,linear,train,1000,17,0.351908,20000,134875
orb,crystal_system,linear,train,1000,18,0.351294,20000,134875
orb,crystal_system,linear,train,1000,19,0.336925,20000,134875
orb,crystal_system,linear,train,1000,20,0.330490,20000,134875
orb,crystal_system,linear,train,1000,21,0.330531,20000,134875
orb,crystal_system,linear,train,1000,22,0.336506,20000,134875
orb,crystal_system,linear,train,1000,23,0.340619,20000,134875
orb,crystal_system,linear,train,1000,24,0.338636,20000,134875
orb,crystal_system,linear,train,1000,25,0.335195,20000,134875
orb,crystal_system,linear,train,1000,26,0.344166,20000,134875
orb,crystal_system,linear,train,1000,27,0.324652,20000,134875
orb,crystal_system,linear,train,1000,28,0.326533,20000,134875
orb,crystal_system,linear,train,1000,29,0.338391,20000,134875
orb,crystal_system,xgboost,train,2000,0,0.415598,20000,134875
orb,crystal_system,xgboost,train,2000,1,0.411648,20000,134875
orb,crystal_system,xgboost,train,2000,2,0.413188,20000,134875
orb,crystal_system,xgboost,train,2000,3,0.401992,20000,134875
orb,crystal_system,xgboost,train,2000,4,0.428444,20000,134875
orb,crystal_system,xgboost,train,2000,5,0.418770,20000,134875
orb,crystal_system,xgboost,train,2000,6,0.407222,20000,134875
orb,crystal_system,xgboost,train,2000,7,0.422046,20000,134875
orb,crystal_system,xgboost,train,2000,8,0.412683,20000,134875
orb,crystal_system,xgboost,train,2000,9,0.411765,20000,134875
orb,crystal_system,xgboost,train,2000,10,0.407451,20000,134875
orb,crystal_system,xgboost,train,2000,11,0.409923,20000,134875
orb,crystal_system,xgboost,train,2000,12,0.419741,20000,134875
orb,crystal_system,xgboost,train,2000,13,0.412162,20000,134875
orb,crystal_system,xgboost,train,2000,14,0.426067,20000,134875
orb,crystal_system,xgboost,train,2000,15,0.420354,20000,134875
orb,crystal_system,xgboost,train,2000,16,0.416058,20000,134875
orb,crystal_system,xgboost,train,2000,17,0.407848,20000,134875
orb,crystal_system,xgboost,train,2000,18,0.421142,20000,134875
orb,crystal_system,xgboost,train,2000,19,0.416239,20000,134875
orb,crystal_system,xgboost,train,2000,20,0.411884,20000,134875
orb,crystal_system,xgboost,train,2000,21,0.407323,20000,134875
orb,crystal_system,xgboost,train,2000,22,0.405889,20000,134875
orb,crystal_system,xgboost,train,2000,23,0.410669,20000,134875
orb,crystal_system,xgboost,train,2000,24,0.410045,20000,134875
orb,crystal_system,xgboost,train,2000,25,0.409772,20000,134875
orb,crystal_system,xgboost,train,2000,26,0.420808,20000,134875
orb,crystal_system,xgboost,train,2000,27,0.406664,20000,134875
orb,crystal_system,xgboost,train,2000,28,0.404995,20000,134875
orb,crystal_system,xgboost,train,2000,29,0.396614,20000,134875
orb,crystal_system,linear,train,2000,0,0.366030,20000,134875
orb,crystal_system,linear,train,2000,1,0.370841,20000,134875
orb,crystal_system,linear,train,2000,2,0.377553,20000,134875
orb,crystal_system,linear,train,2000,3,0.369342,20000,134875
orb,crystal_system,linear,train,2000,4,0.381263,20000,134875
orb,crystal_system,linear,train,2000,5,0.381904,20000,134875
orb,crystal_system,linear,train,2000,6,0.369611,20000,134875
orb,crystal_system,linear,train,2000,7,0.380097,20000,134875
orb,crystal_system,linear,train,2000,8,0.370884,20000,134875
orb,crystal_system,linear,train,2000,9,0.376037,20000,134875
orb,crystal_system,linear,train,2000,10,0.375405,20000,134875
orb,crystal_system,linear,train,2000,11,0.373673,20000,134875
orb,crystal_system,linear,train,2000,12,0.376784,20000,134875
orb,crystal_system,linear,train,2000,13,0.375347,20000,134875
orb,crystal_system,linear,train,2000,14,0.386323,20000,134875
orb,crystal_system,linear,train,2000,15,0.377184,20000,134875
orb,crystal_system,linear,train,2000,16,0.391150,20000,134875
orb,crystal_system,linear,train,2000,17,0.374887,20000,134875
orb,crystal_system,linear,train,2000,18,0.386427,20000,134875
orb,crystal_system,linear,train,2000,19,0.373057,20000,134875
orb,crystal_system,linear,train,2000,20,0.383373,20000,134875
orb,crystal_system,linear,train,2000,21,0.369349,20000,134875
orb,crystal_system,linear,train,2000,22,0.382398,20000,134875
orb,crystal_system,linear,train,2000,23,0.371091,20000,134875
orb,crystal_system,linear,train,2000,24,0.371686,20000,134875
orb,crystal_system,linear,train,2000,25,0.369880,20000,134875
orb,crystal_system,linear,train,2000,26,0.372653,20000,134875
orb,crystal_system,linear,train,2000,27,0.367892,20000,134875
orb,crystal_system,linear,train,2000,28,0.380633,20000,134875
orb,crystal_system,linear,train,2000,29,0.381314,20000,134875
orb,crystal_system,xgboost,train,5000,0,0.457317,20000,134875
orb,crystal_system,xgboost,train,5000,1,0.476030,20000,134875
orb,crystal_system,xgboost,train,5000,2,0.464925,20000,134875
orb,crystal_system,xgboost,train,5000,3,0.475057,20000,134875
orb,crystal_system,xgboost,train,5000,4,0.467803,20000,134875
orb,crystal_system,xgboost,train,5000,5,0.473210,20000,134875
orb,crystal_system,xgboost,train,5000,6,0.471557,20000,134875
orb,crystal_system,xgboost,train,5000,7,0.474475,20000,134875
orb,crystal_system,xgboost,train,5000,8,0.474426,20000,134875
orb,crystal_system,xgboost,train,5000,9,0.466525,20000,134875
orb,crystal_system,linear,train,5000,0,0.426773,20000,134875
orb,crystal_system,linear,train,5000,1,0.431092,20000,134875
orb,crystal_system,linear,train,5000,2,0.412026,20000,134875
orb,crystal_system,linear,train,5000,3,0.426632,20000,134875
orb,crystal_system,linear,train,5000,4,0.427396,20000,134875
orb,crystal_system,linear,train,5000,5,0.424639,20000,134875
orb,crystal_system,linear,train,5000,6,0.419014,20000,134875
orb,crystal_system,linear,train,5000,7,0.433047,20000,134875
orb,crystal_system,linear,train,5000,8,0.423478,20000,134875
orb,crystal_system,linear,train,5000,9,0.431304,20000,134875
orb,crystal_system,xgboost,train,7000,0,0.486853,20000,134875
orb,crystal_system,xgboost,train,7000,1,0.494294,20000,134875
orb,crystal_system,xgboost,train,7000,2,0.492490,20000,134875
orb,crystal_system,xgboost,train,7000,3,0.494252,20000,134875
orb,crystal_system,xgboost,train,7000,4,0.492902,20000,134875
orb,crystal_system,xgboost,train,7000,5,0.492100,20000,134875
orb,crystal_system,xgboost,train,7000,6,0.489874,20000,134875
orb,crystal_system,linear,train,7000,0,0.433279,20000,134875
orb,crystal_system,linear,train,7000,1,0.437924,20000,134875
orb,crystal_system,linear,train,7000,2,0.437282,20000,134875
orb,crystal_system,linear,train,7000,3,0.431104,20000,134875
orb,crystal_system,linear,train,7000,4,0.442794,20000,134875
orb,crystal_system,linear,train,7000,5,0.430024,20000,134875
orb,crystal_system,linear,train,7000,6,0.431803,20000,134875
orb,crystal_system,xgboost,train,10000,0,0.516239,20000,134875
orb,crystal_system,xgboost,train,10000,1,0.510714,20000,134875
orb,crystal_system,xgboost,train,10000,2,0.504246,20000,134875
orb,crystal_system,xgboost,train,10000,3,0.508977,20000,134875
orb,crystal_system,xgboost,train,10000,4,0.515332,20000,134875
orb,crystal_system,xgboost,train,10000,5,0.504446,20000,134875
orb,crystal_system,xgboost,train,10000,6,0.518582,20000,134875
orb,crystal_system,linear,train,10000,0,0.447956,20000,134875
orb,crystal_system,linear,train,10000,1,0.443122,20000,134875
orb,crystal_system,linear,train,10000,2,0.445220,20000,134875
orb,crystal_system,linear,train,10000,3,0.442002,20000,134875
orb,crystal_system,linear,train,10000,4,0.445511,20000,134875
orb,crystal_system,linear,train,10000,5,0.443682,20000,134875
orb,crystal_system,linear,train,10000,6,0.449361,20000,134875
orb,crystal_system,xgboost,train,20000,0,0.554267,20000,134875
orb,crystal_system,xgboost,train,20000,1,0.557358,20000,134875
orb,crystal_system,xgboost,train,20000,2,0.552590,20000,134875
orb,crystal_system,xgboost,train,20000,3,0.552960,20000,134875
orb,crystal_system,xgboost,train,20000,4,0.554631,20000,134875
orb,crystal_system,xgboost,train,20000,5,0.553936,20000,134875
orb,crystal_system,linear,train,20000,0,0.457809,20000,134875
orb,crystal_system,linear,train,20000,1,0.456586,20000,134875
orb,crystal_system,linear,train,20000,2,0.462976,20000,134875
orb,crystal_system,linear,train,20000,3,0.455427,20000,134875
orb,crystal_system,linear,train,20000,4,0.458435,20000,134875
orb,crystal_system,linear,train,20000,5,0.461314,20000,134875
orb,metal_insulator,xgboost,train,50,0,0.707242,20000,134875
orb,metal_insulator,xgboost,train,50,1,0.732977,20000,134875
orb,metal_insulator,xgboost,train,50,2,0.763387,20000,134875
orb,metal_insulator,xgboost,train,50,3,0.761235,20000,134875
orb,metal_insulator,xgboost,train,50,4,0.754769,20000,134875
orb,metal_insulator,xgboost,train,50,5,0.721089,20000,134875
orb,metal_insulator,xgboost,train,50,6,0.734448,20000,134875
orb,metal_insulator,xgboost,train,50,7,0.721137,20000,134875
orb,metal_insulator,xgboost,train,50,8,0.731347,20000,134875
orb,metal_insulator,xgboost,train,50,9,0.715608,20000,134875
orb,metal_insulator,xgboost,train,50,10,0.760833,20000,134875
orb,metal_insulator,xgboost,train,50,11,0.737186,20000,134875
orb,metal_insulator,xgboost,train,50,12,0.740426,20000,134875
orb,metal_insulator,xgboost,train,50,13,0.734000,20000,134875
orb,metal_insulator,xgboost,train,50,14,0.683270,20000,134875
orb,metal_insulator,xgboost,train,50,15,0.724437,20000,134875
orb,metal_insulator,xgboost,train,50,16,0.683680,20000,134875
orb,metal_insulator,xgboost,train,50,17,0.755972,20000,134875
orb,metal_insulator,xgboost,train,50,18,0.712115,20000,134875
orb,metal_insulator,xgboost,train,50,19,0.726269,20000,134875
orb,metal_insulator,xgboost,train,50,20,0.757469,20000,134875
orb,metal_insulator,xgboost,train,50,21,0.690827,20000,134875
orb,metal_insulator,xgboost,train,50,22,0.673215,20000,134875
orb,metal_insulator,xgboost,train,50,23,0.768691,20000,134875
orb,metal_insulator,xgboost,train,50,24,0.749852,20000,134875
orb,metal_insulator,xgboost,train,50,25,0.687758,20000,134875
orb,metal_insulator,xgboost,train,50,26,0.720387,20000,134875
orb,metal_insulator,xgboost,train,50,27,0.727843,20000,134875
orb,metal_insulator,xgboost,train,50,28,0.677294,20000,134875
orb,metal_insulator,xgboost,train,50,29,0.679572,20000,134875
orb,metal_insulator,linear,train,50,0,0.744490,20000,134875
orb,metal_insulator,linear,train,50,1,0.772779,20000,134875
orb,metal_insulator,linear,train,50,2,0.805380,20000,134875
orb,metal_insulator,linear,train,50,3,0.774145,20000,134875
orb,metal_insulator,linear,train,50,4,0.757135,20000,134875
orb,metal_insulator,linear,train,50,5,0.754443,20000,134875
orb,metal_insulator,linear,train,50,6,0.744242,20000,134875
orb,metal_insulator,linear,train,50,7,0.723908,20000,134875
orb,metal_insulator,linear,train,50,8,0.791017,20000,134875
orb,metal_insulator,linear,train,50,9,0.737220,20000,134875
orb,metal_insulator,linear,train,50,10,0.793273,20000,134875
orb,metal_insulator,linear,train,50,11,0.736271,20000,134875
orb,metal_insulator,linear,train,50,12,0.814917,20000,134875
orb,metal_insulator,linear,train,50,13,0.718345,20000,134875
orb,metal_insulator,linear,train,50,14,0.747121,20000,134875
orb,metal_insulator,linear,train,50,15,0.746922,20000,134875
orb,metal_insulator,linear,train,50,16,0.702924,20000,134875
orb,metal_insulator,linear,train,50,17,0.724096,20000,134875
orb,metal_insulator,linear,train,50,18,0.710309,20000,134875
orb,metal_insulator,linear,train,50,19,0.750500,20000,134875
orb,metal_insulator,linear,train,50,20,0.786712,20000,134875
orb,metal_insulator,linear,train,50,21,0.733651,20000,134875
orb,metal_insulator,linear,train,50,22,0.691113,20000,134875
orb,metal_insulator,linear,train,50,23,0.790045,20000,134875
orb,metal_insulator,linear,train,50,24,0.810616,20000,134875
orb,metal_insulator,linear,train,50,25,0.778164,20000,134875
orb,metal_insulator,linear,train,50,26,0.731489,20000,134875
orb,metal_insulator,linear,train,50,27,0.779008,20000,134875
orb,metal_insulator,linear,train,50,28,0.736909,20000,134875
orb,metal_insulator,linear,train,50,29,0.717608,20000,134875
orb,metal_insulator,xgboost,train,100,0,0.796511,20000,134875
orb,metal_insulator,xgboost,train,100,1,0.789414,20000,134875
orb,metal_insulator,xgboost,train,100,2,0.776996,20000,134875
orb,metal_insulator,xgboost,train,100,3,0.816794,20000,134875
orb,metal_insulator,xgboost,train,100,4,0.783536,20000,134875
orb,metal_insulator,xgboost,train,100,5,0.774964,20000,134875
orb,metal_insulator,xgboost,train,100,6,0.770841,20000,134875
orb,metal_insulator,xgboost,train,100,7,0.808028,20000,134875
orb,metal_insulator,xgboost,train,100,8,0.789458,20000,134875
orb,metal_insulator,xgboost,train,100,9,0.783214,20000,134875
orb,metal_insulator,xgboost,train,100,10,0.788404,20000,134875
orb,metal_insulator,xgboost,train,100,11,0.783731,20000,134875
orb,metal_insulator,xgboost,train,100,12,0.795517,20000,134875
orb,metal_insulator,xgboost,train,100,13,0.754974,20000,134875
orb,metal_insulator,xgboost,train,100,14,0.789497,20000,134875
orb,metal_insulator,xgboost,train,100,15,0.809522,20000,134875
orb,metal_insulator,xgboost,train,100,16,0.772285,20000,134875
orb,metal_insulator,xgboost,train,100,17,0.773945,20000,134875
orb,metal_insulator,xgboost,train,100,18,0.794623,20000,134875
orb,metal_insulator,xgboost,train,100,19,0.797106,20000,134875
orb,metal_insulator,xgboost,train,100,20,0.795471,20000,134875
orb,metal_insulator,xgboost,train,100,21,0.748084,20000,134875
orb,metal_insulator,xgboost,train,100,22,0.782532,20000,134875
orb,metal_insulator,xgboost,train,100,23,0.775788,20000,134875
orb,metal_insulator,xgboost,train,100,24,0.785881,20000,134875
orb,metal_insulator,xgboost,train,100,25,0.764658,20000,134875
orb,metal_insulator,xgboost,train,100,26,0.803033,20000,134875
orb,metal_insulator,xgboost,train,100,27,0.773311,20000,134875
orb,metal_insulator,xgboost,train,100,28,0.787396,20000,134875
orb,metal_insulator,xgboost,train,100,29,0.796899,20000,134875
orb,metal_insulator,linear,train,100,0,0.801256,20000,134875
orb,metal_insulator,linear,train,100,1,0.788397,20000,134875
orb,metal_insulator,linear,train,100,2,0.778633,20000,134875
orb,metal_insulator,linear,train,100,3,0.826200,20000,134875
orb,metal_insulator,linear,train,100,4,0.799031,20000,134875
orb,metal_insulator,linear,train,100,5,0.779893,20000,134875
orb,metal_insulator,linear,train,100,6,0.795559,20000,134875
orb,metal_insulator,linear,train,100,7,0.829873,20000,134875
orb,metal_insulator,linear,train,100,8,0.780849,20000,134875
orb,metal_insulator,linear,train,100,9,0.809390,20000,134875
orb,metal_insulator,linear,train,100,10,0.782382,20000,134875
orb,metal_insulator,linear,train,100,11,0.808462,20000,134875
orb,metal_insulator,linear,train,100,12,0.793641,20000,134875
orb,metal_insulator,linear,train,100,13,0.779045,20000,134875
orb,metal_insulator,linear,train,100,14,0.801106,20000,134875
orb,metal_insulator,linear,train,100,15,0.817122,20000,134875
orb,metal_insulator,linear,train,100,16,0.808082,20000,134875
orb,metal_insulator,linear,train,100,17,0.790888,20000,134875
orb,metal_insulator,linear,train,100,18,0.812084,20000,134875
orb,metal_insulator,linear,train,100,19,0.796985,20000,134875
orb,metal_insulator,linear,train,100,20,0.793542,20000,134875
orb,metal_insulator,linear,train,100,21,0.778367,20000,134875
orb,metal_insulator,linear,train,100,22,0.792872,20000,134875
orb,metal_insulator,linear,train,100,23,0.783062,20000,134875
orb,metal_insulator,linear,train,100,24,0.812141,20000,134875
orb,metal_insulator,linear,train,100,25,0.810130,20000,134875
orb,metal_insulator,linear,train,100,26,0.793834,20000,134875
orb,metal_insulator,linear,train,100,27,0.783979,20000,134875
orb,metal_insulator,linear,train,100,28,0.792062,20000,134875
orb,metal_insulator,linear,train,100,29,0.777436,20000,134875
orb,metal_insulator,xgboost,train,200,0,0.814946,20000,134875
orb,metal_insulator,xgboost,train,200,1,0.819350,20000,134875
orb,metal_insulator,xgboost,train,200,2,0.825022,20000,134875
orb,metal_insulator,xgboost,train,200,3,0.811671,20000,134875
orb,metal_insulator,xgboost,train,200,4,0.820497,20000,134875
orb,metal_insulator,xgboost,train,200,5,0.813280,20000,134875
orb,metal_insulator,xgboost,train,200,6,0.819086,20000,134875
orb,metal_insulator,xgboost,train,200,7,0.832274,20000,134875
orb,metal_insulator,xgboost,train,200,8,0.812908,20000,134875
orb,metal_insulator,xgboost,train,200,9,0.806543,20000,134875
orb,metal_insulator,xgboost,train,200,10,0.797259,20000,134875
orb,metal_insulator,xgboost,train,200,11,0.811643,20000,134875
orb,metal_insulator,xgboost,train,200,12,0.810645,20000,134875
orb,metal_insulator,xgboost,train,200,13,0.817245,20000,134875
orb,metal_insulator,xgboost,train,200,14,0.807108,20000,134875
orb,metal_insulator,xgboost,train,200,15,0.826489,20000,134875
orb,metal_insulator,xgboost,train,200,16,0.809520,20000,134875
orb,metal_insulator,xgboost,train,200,17,0.825239,20000,134875
orb,metal_insulator,xgboost,train,200,18,0.816203,20000,134875
orb,metal_insulator,xgboost,train,200,19,0.821385,20000,134875
orb,metal_insulator,xgboost,train,200,20,0.818705,20000,134875
orb,metal_insulator,xgboost,train,200,21,0.824983,20000,134875
orb,metal_insulator,xgboost,train,200,22,0.806069,20000,134875
orb,metal_insulator,xgboost,train,200,23,0.824442,20000,134875
orb,metal_insulator,xgboost,train,200,24,0.813766,20000,134875
orb,metal_insulator,xgboost,train,200,25,0.800668,20000,134875
orb,metal_insulator,xgboost,train,200,26,0.830442,20000,134875
orb,metal_insulator,xgboost,train,200,27,0.824894,20000,134875
orb,metal_insulator,xgboost,train,200,28,0.816334,20000,134875
orb,metal_insulator,xgboost,train,200,29,0.813310,20000,134875
orb,metal_insulator,linear,train,200,0,0.803396,20000,134875
orb,metal_insulator,linear,train,200,1,0.801170,20000,134875
orb,metal_insulator,linear,train,200,2,0.818438,20000,134875
orb,metal_insulator,linear,train,200,3,0.799594,20000,134875
orb,metal_insulator,linear,train,200,4,0.815369,20000,134875
orb,metal_insulator,linear,train,200,5,0.800840,20000,134875
orb,metal_insulator,linear,train,200,6,0.793291,20000,134875
orb,metal_insulator,linear,train,200,7,0.796179,20000,134875
orb,metal_insulator,linear,train,200,8,0.783446,20000,134875
orb,metal_insulator,linear,train,200,9,0.798851,20000,134875
orb,metal_insulator,linear,train,200,10,0.807651,20000,134875
orb,metal_insulator,linear,train,200,11,0.810420,20000,134875
orb,metal_insulator,linear,train,200,12,0.817738,20000,134875
orb,metal_insulator,linear,train,200,13,0.834000,20000,134875
orb,metal_insulator,linear,train,200,14,0.771880,20000,134875
orb,metal_insulator,linear,train,200,15,0.824166,20000,134875
orb,metal_insulator,linear,train,200,16,0.800481,20000,134875
orb,metal_insulator,linear,train,200,17,0.818645,20000,134875
orb,metal_insulator,linear,train,200,18,0.805153,20000,134875
orb,metal_insulator,linear,train,200,19,0.817795,20000,134875
orb,metal_insulator,linear,train,200,20,0.793573,20000,134875
orb,metal_insulator,linear,train,200,21,0.810056,20000,134875
orb,metal_insulator,linear,train,200,22,0.792093,20000,134875
orb,metal_insulator,linear,train,200,23,0.803439,20000,134875
orb,metal_insulator,linear,train,200,24,0.808441,20000,134875
orb,metal_insulator,linear,train,200,25,0.816305,20000,134875
orb,metal_insulator,linear,train,200,26,0.798696,20000,134875
orb,metal_insulator,linear,train,200,27,0.790007,20000,134875
orb,metal_insulator,linear,train,200,28,0.813834,20000,134875
orb,metal_insulator,linear,train,200,29,0.800855,20000,134875
orb,metal_insulator,xgboost,train,500,0,0.856611,20000,134875
orb,metal_insulator,xgboost,train,500,1,0.853649,20000,134875
orb,metal_insulator,xgboost,train,500,2,0.848810,20000,134875
orb,metal_insulator,xgboost,train,500,3,0.846843,20000,134875
orb,metal_insulator,xgboost,train,500,4,0.844633,20000,134875
orb,metal_insulator,xgboost,train,500,5,0.843290,20000,134875
orb,metal_insulator,xgboost,train,500,6,0.835590,20000,134875
orb,metal_insulator,xgboost,train,500,7,0.847741,20000,134875
orb,metal_insulator,xgboost,train,500,8,0.840266,20000,134875
orb,metal_insulator,xgboost,train,500,9,0.853241,20000,134875
orb,metal_insulator,xgboost,train,500,10,0.851165,20000,134875
orb,metal_insulator,xgboost,train,500,11,0.853526,20000,134875
orb,metal_insulator,xgboost,train,500,12,0.850759,20000,134875
orb,metal_insulator,xgboost,train,500,13,0.851070,20000,134875
orb,metal_insulator,xgboost,train,500,14,0.847624,20000,134875
orb,metal_insulator,xgboost,train,500,15,0.857578,20000,134875
orb,metal_insulator,xgboost,train,500,16,0.854405,20000,134875
orb,metal_insulator,xgboost,train,500,17,0.852630,20000,134875
orb,metal_insulator,xgboost,train,500,18,0.860440,20000,134875
orb,metal_insulator,xgboost,train,500,19,0.845224,20000,134875
orb,metal_insulator,xgboost,train,500,20,0.850069,20000,134875
orb,metal_insulator,xgboost,train,500,21,0.848088,20000,134875
orb,metal_insulator,xgboost,train,500,22,0.848180,20000,134875
orb,metal_insulator,xgboost,train,500,23,0.852599,20000,134875
orb,metal_insulator,xgboost,train,500,24,0.845756,20000,134875
orb,metal_insulator,xgboost,train,500,25,0.843198,20000,134875
orb,metal_insulator,xgboost,train,500,26,0.856642,20000,134875
orb,metal_insulator,xgboost,train,500,27,0.856885,20000,134875
orb,metal_insulator,xgboost,train,500,28,0.834710,20000,134875
orb,metal_insulator,xgboost,train,500,29,0.843126,20000,134875
orb,metal_insulator,linear,train,500,0,0.824251,20000,134875
orb,metal_insulator,linear,train,500,1,0.829324,20000,134875
orb,metal_insulator,linear,train,500,2,0.834032,20000,134875
orb,metal_insulator,linear,train,500,3,0.837983,20000,134875
orb,metal_insulator,linear,train,500,4,0.809656,20000,134875
orb,metal_insulator,linear,train,500,5,0.800097,20000,134875
orb,metal_insulator,linear,train,500,6,0.798135,20000,134875
orb,metal_insulator,linear,train,500,7,0.818998,20000,134875
orb,metal_insulator,linear,train,500,8,0.827985,20000,134875
orb,metal_insulator,linear,train,500,9,0.816443,20000,134875
orb,metal_insulator,linear,train,500,10,0.834220,20000,134875
orb,metal_insulator,linear,train,500,11,0.827764,20000,134875
orb,metal_insulator,linear,train,500,12,0.807967,20000,134875
orb,metal_insulator,linear,train,500,13,0.815474,20000,134875
orb,metal_insulator,linear,train,500,14,0.831582,20000,134875
orb,metal_insulator,linear,train,500,15,0.830234,20000,134875
orb,metal_insulator,linear,train,500,16,0.833060,20000,134875
orb,metal_insulator,linear,train,500,17,0.825182,20000,134875
orb,metal_insulator,linear,train,500,18,0.838411,20000,134875
orb,metal_insulator,linear,train,500,19,0.819525,20000,134875
orb,metal_insulator,linear,train,500,20,0.827687,20000,134875
orb,metal_insulator,linear,train,500,21,0.810221,20000,134875
orb,metal_insulator,linear,train,500,22,0.817410,20000,134875
orb,metal_insulator,linear,train,500,23,0.838889,20000,134875
orb,metal_insulator,linear,train,500,24,0.825778,20000,134875
orb,metal_insulator,linear,train,500,25,0.824839,20000,134875
orb,metal_insulator,linear,train,500,26,0.828445,20000,134875
orb,metal_insulator,linear,train,500,27,0.824973,20000,134875
orb,metal_insulator,linear,train,500,28,0.808079,20000,134875
orb,metal_insulator,linear,train,500,29,0.825578,20000,134875
orb,metal_insulator,xgboost,train,1000,0,0.863394,20000,134875
orb,metal_insulator,xgboost,train,1000,1,0.864453,20000,134875
orb,metal_insulator,xgboost,train,1000,2,0.852327,20000,134875
orb,metal_insulator,xgboost,train,1000,3,0.864064,20000,134875
orb,metal_insulator,xgboost,train,1000,4,0.862758,20000,134875
orb,metal_insulator,xgboost,train,1000,5,0.863821,20000,134875
orb,metal_insulator,xgboost,train,1000,6,0.863891,20000,134875
orb,metal_insulator,xgboost,train,1000,7,0.862358,20000,134875
orb,metal_insulator,xgboost,train,1000,8,0.862382,20000,134875
orb,metal_insulator,xgboost,train,1000,9,0.857797,20000,134875
orb,metal_insulator,xgboost,train,1000,10,0.869602,20000,134875
orb,metal_insulator,xgboost,train,1000,11,0.857447,20000,134875
orb,metal_insulator,xgboost,train,1000,12,0.860182,20000,134875
orb,metal_insulator,xgboost,train,1000,13,0.860322,20000,134875
orb,metal_insulator,xgboost,train,1000,14,0.861551,20000,134875
orb,metal_insulator,xgboost,train,1000,15,0.864052,20000,134875
orb,metal_insulator,xgboost,train,1000,16,0.861749,20000,134875
orb,metal_insulator,xgboost,train,1000,17,0.855769,20000,134875
orb,metal_insulator,xgboost,train,1000,18,0.859140,20000,134875
orb,metal_insulator,xgboost,train,1000,19,0.859602,20000,134875
orb,metal_insulator,xgboost,train,1000,20,0.868577,20000,134875
orb,metal_insulator,xgboost,train,1000,21,0.861157,20000,134875
orb,metal_insulator,xgboost,train,1000,22,0.864846,20000,134875
orb,metal_insulator,xgboost,train,1000,23,0.862769,20000,134875
orb,metal_insulator,xgboost,train,1000,24,0.860748,20000,134875
orb,metal_insulator,xgboost,train,1000,25,0.865683,20000,134875
orb,metal_insulator,xgboost,train,1000,26,0.864954,20000,134875
orb,metal_insulator,xgboost,train,1000,27,0.861339,20000,134875
orb,metal_insulator,xgboost,train,1000,28,0.864746,20000,134875
orb,metal_insulator,xgboost,train,1000,29,0.866479,20000,134875
orb,metal_insulator,linear,train,1000,0,0.843702,20000,134875
orb,metal_insulator,linear,train,1000,1,0.834329,20000,134875
orb,metal_insulator,linear,train,1000,2,0.841750,20000,134875
orb,metal_insulator,linear,train,1000,3,0.849377,20000,134875
orb,metal_insulator,linear,train,1000,4,0.841065,20000,134875
orb,metal_insulator,linear,train,1000,5,0.838256,20000,134875
orb,metal_insulator,linear,train,1000,6,0.832006,20000,134875
orb,metal_insulator,linear,train,1000,7,0.845936,20000,134875
orb,metal_insulator,linear,train,1000,8,0.833527,20000,134875
orb,metal_insulator,linear,train,1000,9,0.843253,20000,134875
orb,metal_insulator,linear,train,1000,10,0.838995,20000,134875
orb,metal_insulator,linear,train,1000,11,0.832497,20000,134875
orb,metal_insulator,linear,train,1000,12,0.845766,20000,134875
orb,metal_insulator,linear,train,1000,13,0.842594,20000,134875
orb,metal_insulator,linear,train,1000,14,0.844037,20000,134875
orb,metal_insulator,linear,train,1000,15,0.848525,20000,134875
orb,metal_insulator,linear,train,1000,16,0.838031,20000,134875
orb,metal_insulator,linear,train,1000,17,0.829018,20000,134875
orb,metal_insulator,linear,train,1000,18,0.835015,20000,134875
orb,metal_insulator,linear,train,1000,19,0.825849,20000,134875
orb,metal_insulator,linear,train,1000,20,0.843947,20000,134875
orb,metal_insulator,linear,train,1000,21,0.839562,20000,134875
orb,metal_insulator,linear,train,1000,22,0.844254,20000,134875
orb,metal_insulator,linear,train,1000,23,0.848649,20000,134875
orb,metal_insulator,linear,train,1000,24,0.822136,20000,134875
orb,metal_insulator,linear,train,1000,25,0.835729,20000,134875
orb,metal_insulator,linear,train,1000,26,0.846702,20000,134875
orb,metal_insulator,linear,train,1000,27,0.830111,20000,134875
orb,metal_insulator,linear,train,1000,28,0.835806,20000,134875
orb,metal_insulator,linear,train,1000,29,0.842384,20000,134875
orb,metal_insulator,xgboost,train,2000,0,0.873281,20000,134875
orb,metal_insulator,xgboost,train,2000,1,0.875606,20000,134875
orb,metal_insulator,xgboost,train,2000,2,0.871583,20000,134875
orb,metal_insulator,xgboost,train,2000,3,0.871159,20000,134875
orb,metal_insulator,xgboost,train,2000,4,0.873567,20000,134875
orb,metal_insulator,xgboost,train,2000,5,0.877368,20000,134875
orb,metal_insulator,xgboost,train,2000,6,0.872357,20000,134875
orb,metal_insulator,xgboost,train,2000,7,0.874288,20000,134875
orb,metal_insulator,xgboost,train,2000,8,0.869303,20000,134875
orb,metal_insulator,xgboost,train,2000,9,0.872844,20000,134875
orb,metal_insulator,xgboost,train,2000,10,0.870172,20000,134875
orb,metal_insulator,xgboost,train,2000,11,0.878054,20000,134875
orb,metal_insulator,xgboost,train,2000,12,0.871602,20000,134875
orb,metal_insulator,xgboost,train,2000,13,0.874491,20000,134875
orb,metal_insulator,xgboost,train,2000,14,0.869450,20000,134875
orb,metal_insulator,xgboost,train,2000,15,0.872759,20000,134875
orb,metal_insulator,xgboost,train,2000,16,0.866943,20000,134875
orb,metal_insulator,xgboost,train,2000,17,0.870971,20000,134875
orb,metal_insulator,xgboost,train,2000,18,0.869396,20000,134875
orb,metal_insulator,xgboost,train,2000,19,0.871112,20000,134875
orb,metal_insulator,xgboost,train,2000,20,0.875720,20000,134875
orb,metal_insulator,xgboost,train,2000,21,0.869791,20000,134875
orb,metal_insulator,xgboost,train,2000,22,0.869816,20000,134875
orb,metal_insulator,xgboost,train,2000,23,0.872778,20000,134875
orb,metal_insulator,xgboost,train,2000,24,0.869787,20000,134875
orb,metal_insulator,xgboost,train,2000,25,0.877781,20000,134875
orb,metal_insulator,xgboost,train,2000,26,0.871075,20000,134875
orb,metal_insulator,xgboost,train,2000,27,0.870385,20000,134875
orb,metal_insulator,xgboost,train,2000,28,0.874873,20000,134875
orb,metal_insulator,xgboost,train,2000,29,0.873771,20000,134875
orb,metal_insulator,linear,train,2000,0,0.860475,20000,134875
orb,metal_insulator,linear,train,2000,1,0.864255,20000,134875
orb,metal_insulator,linear,train,2000,2,0.862499,20000,134875
orb,metal_insulator,linear,train,2000,3,0.862774,20000,134875
orb,metal_insulator,linear,train,2000,4,0.858993,20000,134875
orb,metal_insulator,linear,train,2000,5,0.863848,20000,134875
orb,metal_insulator,linear,train,2000,6,0.860878,20000,134875
orb,metal_insulator,linear,train,2000,7,0.863474,20000,134875
orb,metal_insulator,linear,train,2000,8,0.851921,20000,134875
orb,metal_insulator,linear,train,2000,9,0.866112,20000,134875
orb,metal_insulator,linear,train,2000,10,0.858617,20000,134875
orb,metal_insulator,linear,train,2000,11,0.861930,20000,134875
orb,metal_insulator,linear,train,2000,12,0.856695,20000,134875
orb,metal_insulator,linear,train,2000,13,0.856765,20000,134875
orb,metal_insulator,linear,train,2000,14,0.859968,20000,134875
orb,metal_insulator,linear,train,2000,15,0.857948,20000,134875
orb,metal_insulator,linear,train,2000,16,0.850488,20000,134875
orb,metal_insulator,linear,train,2000,17,0.862797,20000,134875
orb,metal_insulator,linear,train,2000,18,0.852155,20000,134875
orb,metal_insulator,linear,train,2000,19,0.858215,20000,134875
orb,metal_insulator,linear,train,2000,20,0.859892,20000,134875
orb,metal_insulator,linear,train,2000,21,0.853792,20000,134875
orb,metal_insulator,linear,train,2000,22,0.856180,20000,134875
orb,metal_insulator,linear,train,2000,23,0.862007,20000,134875
orb,metal_insulator,linear,train,2000,24,0.857484,20000,134875
orb,metal_insulator,linear,train,2000,25,0.868574,20000,134875
orb,metal_insulator,linear,train,2000,26,0.864193,20000,134875
orb,metal_insulator,linear,train,2000,27,0.865957,20000,134875
orb,metal_insulator,linear,train,2000,28,0.864695,20000,134875
orb,metal_insulator,linear,train,2000,29,0.859359,20000,134875
orb,metal_insulator,xgboost,train,5000,0,0.885312,20000,134875
orb,metal_insulator,xgboost,train,5000,1,0.884073,20000,134875
orb,metal_insulator,xgboost,train,5000,2,0.883225,20000,134875
orb,metal_insulator,xgboost,train,5000,3,0.885857,20000,134875
orb,metal_insulator,xgboost,train,5000,4,0.884136,20000,134875
orb,metal_insulator,xgboost,train,5000,5,0.887832,20000,134875
orb,metal_insulator,xgboost,train,5000,6,0.884814,20000,134875
orb,metal_insulator,xgboost,train,5000,7,0.884510,20000,134875
orb,metal_insulator,xgboost,train,5000,8,0.884741,20000,134875
orb,metal_insulator,xgboost,train,5000,9,0.886909,20000,134875
orb,metal_insulator,linear,train,5000,0,0.874100,20000,134875
orb,metal_insulator,linear,train,5000,1,0.875513,20000,134875
orb,metal_insulator,linear,train,5000,2,0.875733,20000,134875
orb,metal_insulator,linear,train,5000,3,0.876752,20000,134875
orb,metal_insulator,linear,train,5000,4,0.872753,20000,134875
orb,metal_insulator,linear,train,5000,5,0.876630,20000,134875
orb,metal_insulator,linear,train,5000,6,0.877165,20000,134875
orb,metal_insulator,linear,train,5000,7,0.878478,20000,134875
orb,metal_insulator,linear,train,5000,8,0.877559,20000,134875
orb,metal_insulator,linear,train,5000,9,0.877980,20000,134875
orb,metal_insulator,xgboost,train,7000,0,0.886382,20000,134875
orb,metal_insulator,xgboost,train,7000,1,0.887471,20000,134875
orb,metal_insulator,xgboost,train,7000,2,0.885191,20000,134875
orb,metal_insulator,xgboost,train,7000,3,0.886866,20000,134875
orb,metal_insulator,xgboost,train,7000,4,0.888561,20000,134875
orb,metal_insulator,xgboost,train,7000,5,0.890443,20000,134875
orb,metal_insulator,xgboost,train,7000,6,0.888982,20000,134875
orb,metal_insulator,linear,train,7000,0,0.879018,20000,134875
orb,metal_insulator,linear,train,7000,1,0.881817,20000,134875
orb,metal_insulator,linear,train,7000,2,0.877813,20000,134875
orb,metal_insulator,linear,train,7000,3,0.877806,20000,134875
orb,metal_insulator,linear,train,7000,4,0.877597,20000,134875
orb,metal_insulator,linear,train,7000,5,0.881921,20000,134875
orb,metal_insulator,linear,train,7000,6,0.877783,20000,134875
orb,metal_insulator,xgboost,train,10000,0,0.891468,20000,134875
orb,metal_insulator,xgboost,train,10000,1,0.890180,20000,134875
orb,metal_insulator,xgboost,train,10000,2,0.891765,20000,134875
orb,metal_insulator,xgboost,train,10000,3,0.891249,20000,134875
orb,metal_insulator,xgboost,train,10000,4,0.892613,20000,134875
orb,metal_insulator,xgboost,train,10000,5,0.891876,20000,134875
orb,metal_insulator,xgboost,train,10000,6,0.891745,20000,134875
orb,metal_insulator,linear,train,10000,0,0.882319,20000,134875
orb,metal_insulator,linear,train,10000,1,0.881850,20000,134875
orb,metal_insulator,linear,train,10000,2,0.880105,20000,134875
orb,metal_insulator,linear,train,10000,3,0.880031,20000,134875
orb,metal_insulator,linear,train,10000,4,0.882313,20000,134875
orb,metal_insulator,linear,train,10000,5,0.881583,20000,134875
orb,metal_insulator,linear,train,10000,6,0.883805,20000,134875
orb,metal_insulator,xgboost,train,20000,0,0.896896,20000,134875
orb,metal_insulator,xgboost,train,20000,1,0.895754,20000,134875
orb,metal_insulator,xgboost,train,20000,2,0.898793,20000,134875
orb,metal_insulator,xgboost,train,20000,3,0.894788,20000,134875
orb,metal_insulator,xgboost,train,20000,4,0.898352,20000,134875
orb,metal_insulator,xgboost,train,20000,5,0.897116,20000,134875
orb,metal_insulator,linear,train,20000,0,0.883015,20000,134875
orb,metal_insulator,linear,train,20000,1,0.882890,20000,134875
orb,metal_insulator,linear,train,20000,2,0.883698,20000,134875
orb,metal_insulator,linear,train,20000,3,0.885452,20000,134875
orb,metal_insulator,linear,train,20000,4,0.884266,20000,134875
orb,metal_insulator,linear,train,20000,5,0.883734,20000,134875
orb,magnetic_label,xgboost,train,50,0,0.676883,20000,134875
orb,magnetic_label,xgboost,train,50,1,0.688730,20000,134875
orb,magnetic_label,xgboost,train,50,2,0.662152,20000,134875
orb,magnetic_label,xgboost,train,50,3,0.630566,20000,134875
orb,magnetic_label,xgboost,train,50,4,0.632529,20000,134875
orb,magnetic_label,xgboost,train,50,5,0.692418,20000,134875
orb,magnetic_label,xgboost,train,50,6,0.644910,20000,134875
orb,magnetic_label,xgboost,train,50,7,0.597880,20000,134875
orb,magnetic_label,xgboost,train,50,8,0.641685,20000,134875
orb,magnetic_label,xgboost,train,50,9,0.654518,20000,134875
orb,magnetic_label,xgboost,train,50,10,0.700955,20000,134875
orb,magnetic_label,xgboost,train,50,11,0.627508,20000,134875
orb,magnetic_label,xgboost,train,50,12,0.642381,20000,134875
orb,magnetic_label,xgboost,train,50,13,0.610698,20000,134875
orb,magnetic_label,xgboost,train,50,14,0.638211,20000,134875
orb,magnetic_label,xgboost,train,50,15,0.666306,20000,134875
orb,magnetic_label,xgboost,train,50,16,0.589037,20000,134875
orb,magnetic_label,xgboost,train,50,17,0.673709,20000,134875
orb,magnetic_label,xgboost,train,50,18,0.680574,20000,134875
orb,magnetic_label,xgboost,train,50,19,0.656545,20000,134875
orb,magnetic_label,xgboost,train,50,20,0.664349,20000,134875
orb,magnetic_label,xgboost,train,50,21,0.611614,20000,134875
orb,magnetic_label,xgboost,train,50,22,0.649186,20000,134875
orb,magnetic_label,xgboost,train,50,23,0.666863,20000,134875
orb,magnetic_label,xgboost,train,50,24,0.613699,20000,134875
orb,magnetic_label,xgboost,train,50,25,0.631409,20000,134875
orb,magnetic_label,xgboost,train,50,26,0.684525,20000,134875
orb,magnetic_label,xgboost,train,50,27,0.678786,20000,134875
orb,magnetic_label,xgboost,train,50,28,0.614371,20000,134875
orb,magnetic_label,xgboost,train,50,29,0.578515,20000,134875
orb,magnetic_label,linear,train,50,0,0.721613,20000,134875
orb,magnetic_label,linear,train,50,1,0.721582,20000,134875
orb,magnetic_label,linear,train,50,2,0.686784,20000,134875
orb,magnetic_label,linear,train,50,3,0.648336,20000,134875
orb,magnetic_label,linear,train,50,4,0.675875,20000,134875
orb,magnetic_label,linear,train,50,5,0.715820,20000,134875
orb,magnetic_label,linear,train,50,6,0.697455,20000,134875
orb,magnetic_label,linear,train,50,7,0.714980,20000,134875
orb,magnetic_label,linear,train,50,8,0.681766,20000,134875
orb,magnetic_label,linear,train,50,9,0.719418,20000,134875
orb,magnetic_label,linear,train,50,10,0.700126,20000,134875
orb,magnetic_label,linear,train,50,11,0.663371,20000,134875
orb,magnetic_label,linear,train,50,12,0.728700,20000,134875
orb,magnetic_label,linear,train,50,13,0.654642,20000,134875
orb,magnetic_label,linear,train,50,14,0.696982,20000,134875
orb,magnetic_label,linear,train,50,15,0.697824,20000,134875
orb,magnetic_label,linear,train,50,16,0.685007,20000,134875
orb,magnetic_label,linear,train,50,17,0.725250,20000,134875
orb,magnetic_label,linear,train,50,18,0.757636,20000,134875
orb,magnetic_label,linear,train,50,19,0.687806,20000,134875
orb,magnetic_label,linear,train,50,20,0.721081,20000,134875
orb,magnetic_label,linear,train,50,21,0.674376,20000,134875
orb,magnetic_label,linear,train,50,22,0.698850,20000,134875
orb,magnetic_label,linear,train,50,23,0.707578,20000,134875
orb,magnetic_label,linear,train,50,24,0.663472,20000,134875
orb,magnetic_label,linear,train,50,25,0.661374,20000,134875
orb,magnetic_label,linear,train,50,26,0.706839,20000,134875
orb,magnetic_label,linear,train,50,27,0.746344,20000,134875
orb,magnetic_label,linear,train,50,28,0.657795,20000,134875
orb,magnetic_label,linear,train,50,29,0.647680,20000,134875
orb,magnetic_label,xgboost,train,100,0,0.694367,20000,134875
orb,magnetic_label,xgboost,train,100,1,0.715436,20000,134875
orb,magnetic_label,xgboost,train,100,2,0.700353,20000,134875
orb,magnetic_label,xgboost,train,100,3,0.660280,20000,134875
orb,magnetic_label,xgboost,train,100,4,0.701719,20000,134875
orb,magnetic_label,xgboost,train,100,5,0.696177,20000,134875
orb,magnetic_label,xgboost,train,100,6,0.676467,20000,134875
orb,magnetic_label,xgboost,train,100,7,0.714383,20000,134875
orb,magnetic_label,xgboost,train,100,8,0.718798,20000,134875
orb,magnetic_label,xgboost,train,100,9,0.716386,20000,134875
orb,magnetic_label,xgboost,train,100,10,0.698965,20000,134875
orb,magnetic_label,xgboost,train,100,11,0.695721,20000,134875
orb,magnetic_label,xgboost,train,100,12,0.693146,20000,134875
orb,magnetic_label,xgboost,train,100,13,0.712180,20000,134875
orb,magnetic_label,xgboost,train,100,14,0.727854,20000,134875
orb,magnetic_label,xgboost,train,100,15,0.690043,20000,134875
orb,magnetic_label,xgboost,train,100,16,0.694940,20000,134875
orb,magnetic_label,xgboost,train,100,17,0.716545,20000,134875
orb,magnetic_label,xgboost,train,100,18,0.692339,20000,134875
orb,magnetic_label,xgboost,train,100,19,0.713503,20000,134875
orb,magnetic_label,xgboost,train,100,20,0.717527,20000,134875
orb,magnetic_label,xgboost,train,100,21,0.695857,20000,134875
orb,magnetic_label,xgboost,train,100,22,0.702718,20000,134875
orb,magnetic_label,xgboost,train,100,23,0.695103,20000,134875
orb,magnetic_label,xgboost,train,100,24,0.720474,20000,134875
orb,magnetic_label,xgboost,train,100,25,0.654098,20000,134875
orb,magnetic_label,xgboost,train,100,26,0.676717,20000,134875
orb,magnetic_label,xgboost,train,100,27,0.737431,20000,134875
orb,magnetic_label,xgboost,train,100,28,0.697377,20000,134875
orb,magnetic_label,xgboost,train,100,29,0.668075,20000,134875
orb,magnetic_label,linear,train,100,0,0.715926,20000,134875
orb,magnetic_label,linear,train,100,1,0.752491,20000,134875
orb,magnetic_label,linear,train,100,2,0.730543,20000,134875
orb,magnetic_label,linear,train,100,3,0.681180,20000,134875
orb,magnetic_label,linear,train,100,4,0.746989,20000,134875
orb,magnetic_label,linear,train,100,5,0.731159,20000,134875
orb,magnetic_label,linear,train,100,6,0.702896,20000,134875
orb,magnetic_label,linear,train,100,7,0.729104,20000,134875
orb,magnetic_label,linear,train,100,8,0.751230,20000,134875
orb,magnetic_label,linear,train,100,9,0.736166,20000,134875
orb,magnetic_label,linear,train,100,10,0.710343,20000,134875
orb,magnetic_label,linear,train,100,11,0.672833,20000,134875
orb,magnetic_label,linear,train,100,12,0.717429,20000,134875
orb,magnetic_label,linear,train,100,13,0.754462,20000,134875
orb,magnetic_label,linear,train,100,14,0.731976,20000,134875
orb,magnetic_label,linear,train,100,15,0.699067,20000,134875
orb,magnetic_label,linear,train,100,16,0.707477,20000,134875
orb,magnetic_label,linear,train,100,17,0.762693,20000,134875
orb,magnetic_label,linear,train,100,18,0.710771,20000,134875
orb,magnetic_label,linear,train,100,19,0.742890,20000,134875
orb,magnetic_label,linear,train,100,20,0.747869,20000,134875
orb,magnetic_label,linear,train,100,21,0.693162,20000,134875
orb,magnetic_label,linear,train,100,22,0.716716,20000,134875
orb,magnetic_label,linear,train,100,23,0.723431,20000,134875
orb,magnetic_label,linear,train,100,24,0.746861,20000,134875
orb,magnetic_label,linear,train,100,25,0.686593,20000,134875
orb,magnetic_label,linear,train,100,26,0.692948,20000,134875
orb,magnetic_label,linear,train,100,27,0.760854,20000,134875
orb,magnetic_label,linear,train,100,28,0.719420,20000,134875
orb,magnetic_label,linear,train,100,29,0.708032,20000,134875
orb,magnetic_label,xgboost,train,200,0,0.740789,20000,134875
orb,magnetic_label,xgboost,train,200,1,0.763105,20000,134875
orb,magnetic_label,xgboost,train,200,2,0.715733,20000,134875
orb,magnetic_label,xgboost,train,200,3,0.760203,20000,134875
orb,magnetic_label,xgboost,train,200,4,0.746316,20000,134875
orb,magnetic_label,xgboost,train,200,5,0.741896,20000,134875
orb,magnetic_label,xgboost,train,200,6,0.751029,20000,134875
orb,magnetic_label,xgboost,train,200,7,0.740189,20000,134875
orb,magnetic_label,xgboost,train,200,8,0.754920,20000,134875
orb,magnetic_label,xgboost,train,200,9,0.751312,20000,134875
orb,magnetic_label,xgboost,train,200,10,0.758038,20000,134875
orb,magnetic_label,xgboost,train,200,11,0.720567,20000,134875
orb,magnetic_label,xgboost,train,200,12,0.728875,20000,134875
orb,magnetic_label,xgboost,train,200,13,0.732194,20000,134875
orb,magnetic_label,xgboost,train,200,14,0.741731,20000,134875
orb,magnetic_label,xgboost,train,200,15,0.761200,20000,134875
orb,magnetic_label,xgboost,train,200,16,0.725702,20000,134875
orb,magnetic_label,xgboost,train,200,17,0.761156,20000,134875
orb,magnetic_label,xgboost,train,200,18,0.728642,20000,134875
orb,magnetic_label,xgboost,train,200,19,0.754479,20000,134875
orb,magnetic_label,xgboost,train,200,20,0.733081,20000,134875
orb,magnetic_label,xgboost,train,200,21,0.737240,20000,134875
orb,magnetic_label,xgboost,train,200,22,0.733546,20000,134875
orb,magnetic_label,xgboost,train,200,23,0.749652,20000,134875
orb,magnetic_label,xgboost,train,200,24,0.742320,20000,134875
orb,magnetic_label,xgboost,train,200,25,0.715795,20000,134875
orb,magnetic_label,xgboost,train,200,26,0.748671,20000,134875
orb,magnetic_label,xgboost,train,200,27,0.739878,20000,134875
orb,magnetic_label,xgboost,train,200,28,0.712855,20000,134875
orb,magnetic_label,xgboost,train,200,29,0.734554,20000,134875
orb,magnetic_label,linear,train,200,0,0.754022,20000,134875
orb,magnetic_label,linear,train,200,1,0.780845,20000,134875
orb,magnetic_label,linear,train,200,2,0.734886,20000,134875
orb,magnetic_label,linear,train,200,3,0.743115,20000,134875
orb,magnetic_label,linear,train,200,4,0.747326,20000,134875
orb,magnetic_label,linear,train,200,5,0.760694,20000,134875
orb,magnetic_label,linear,train,200,6,0.743836,20000,134875
orb,magnetic_label,linear,train,200,7,0.764610,20000,134875
orb,magnetic_label,linear,train,200,8,0.763938,20000,134875
orb,magnetic_label,linear,train,200,9,0.783968,20000,134875
orb,magnetic_label,linear,train,200,10,0.742146,20000,134875
orb,magnetic_label,linear,train,200,11,0.708936,20000,134875
orb,magnetic_label,linear,train,200,12,0.745452,20000,134875
orb,magnetic_label,linear,train,200,13,0.768578,20000,134875
orb,magnetic_label,linear,train,200,14,0.735028,20000,134875
orb,magnetic_label,linear,train,200,15,0.760248,20000,134875
orb,magnetic_label,linear,train,200,16,0.730589,20000,134875
orb,magnetic_label,linear,train,200,17,0.781061,20000,134875
orb,magnetic_label,linear,train,200,18,0.745141,20000,134875
orb,magnetic_label,linear,train,200,19,0.751273,20000,134875
orb,magnetic_label,linear,train,200,20,0.748784,20000,134875
orb,magnetic_label,linear,train,200,21,0.748180,20000,134875
orb,magnetic_label,linear,train,200,22,0.756514,20000,134875
orb,magnetic_label,linear,train,200,23,0.757966,20000,134875
orb,magnetic_label,linear,train,200,24,0.763019,20000,134875
orb,magnetic_label,linear,train,200,25,0.748736,20000,134875
orb,magnetic_label,linear,train,200,26,0.735228,20000,134875
orb,magnetic_label,linear,train,200,27,0.749141,20000,134875
orb,magnetic_label,linear,train,200,28,0.751926,20000,134875
orb,magnetic_label,linear,train,200,29,0.757391,20000,134875
orb,magnetic_label,xgboost,train,500,0,0.795990,20000,134875
orb,magnetic_label,xgboost,train,500,1,0.788794,20000,134875
orb,magnetic_label,xgboost,train,500,2,0.790629,20000,134875
orb,magnetic_label,xgboost,train,500,3,0.783435,20000,134875
orb,magnetic_label,xgboost,train,500,4,0.787035,20000,134875
orb,magnetic_label,xgboost,train,500,5,0.802499,20000,134875
orb,magnetic_label,xgboost,train,500,6,0.793053,20000,134875
orb,magnetic_label,xgboost,train,500,7,0.790030,20000,134875
orb,magnetic_label,xgboost,train,500,8,0.792689,20000,134875
orb,magnetic_label,xgboost,train,500,9,0.788258,20000,134875
orb,magnetic_label,xgboost,train,500,10,0.790253,20000,134875
orb,magnetic_label,xgboost,train,500,11,0.791068,20000,134875
orb,magnetic_label,xgboost,train,500,12,0.786373,20000,134875
orb,magnetic_label,xgboost,train,500,13,0.793807,20000,134875
orb,magnetic_label,xgboost,train,500,14,0.781730,20000,134875
orb,magnetic_label,xgboost,train,500,15,0.783363,20000,134875
orb,magnetic_label,xgboost,train,500,16,0.787044,20000,134875
orb,magnetic_label,xgboost,train,500,17,0.768053,20000,134875
orb,magnetic_label,xgboost,train,500,18,0.799880,20000,134875
orb,magnetic_label,xgboost,train,500,19,0.789930,20000,134875
orb,magnetic_label,xgboost,train,500,20,0.782754,20000,134875
orb,magnetic_label,xgboost,train,500,21,0.785630,20000,134875
orb,magnetic_label,xgboost,train,500,22,0.793774,20000,134875
orb,magnetic_label,xgboost,train,500,23,0.791195,20000,134875
orb,magnetic_label,xgboost,train,500,24,0.790186,20000,134875
orb,magnetic_label,xgboost,train,500,25,0.768511,20000,134875
orb,magnetic_label,xgboost,train,500,26,0.777662,20000,134875
orb,magnetic_label,xgboost,train,500,27,0.777761,20000,134875
orb,magnetic_label,xgboost,train,500,28,0.779458,20000,134875
orb,magnetic_label,xgboost,train,500,29,0.788175,20000,134875
orb,magnetic_label,linear,train,500,0,0.791704,20000,134875
orb,magnetic_label,linear,train,500,1,0.778839,20000,134875
orb,magnetic_label,linear,train,500,2,0.783045,20000,134875
orb,magnetic_label,linear,train,500,3,0.765052,20000,134875
orb,magnetic_label,linear,train,500,4,0.788148,20000,134875
orb,magnetic_label,linear,train,500,5,0.792160,20000,134875
orb,magnetic_label,linear,train,500,6,0.781267,20000,134875
orb,magnetic_label,linear,train,500,7,0.787581,20000,134875
orb,magnetic_label,linear,train,500,8,0.777181,20000,134875
orb,magnetic_label,linear,train,500,9,0.773579,20000,134875
orb,magnetic_label,linear,train,500,10,0.772554,20000,134875
orb,magnetic_label,linear,train,500,11,0.789046,20000,134875
orb,magnetic_label,linear,train,500,12,0.793290,20000,134875
orb,magnetic_label,linear,train,500,13,0.775730,20000,134875
orb,magnetic_label,linear,train,500,14,0.780191,20000,134875
orb,magnetic_label,linear,train,500,15,0.764511,20000,134875
orb,magnetic_label,linear,train,500,16,0.762318,20000,134875
orb,magnetic_label,linear,train,500,17,0.765872,20000,134875
orb,magnetic_label,linear,train,500,18,0.770799,20000,134875
orb,magnetic_label,linear,train,500,19,0.794754,20000,134875
orb,magnetic_label,linear,train,500,20,0.782802,20000,134875
orb,magnetic_label,linear,train,500,21,0.784208,20000,134875
orb,magnetic_label,linear,train,500,22,0.777925,20000,134875
orb,magnetic_label,linear,train,500,23,0.772538,20000,134875
orb,magnetic_label,linear,train,500,24,0.781885,20000,134875
orb,magnetic_label,linear,train,500,25,0.758505,20000,134875
orb,magnetic_label,linear,train,500,26,0.771878,20000,134875
orb,magnetic_label,linear,train,500,27,0.756831,20000,134875
orb,magnetic_label,linear,train,500,28,0.779029,20000,134875
orb,magnetic_label,linear,train,500,29,0.762686,20000,134875
orb,magnetic_label,xgboost,train,1000,0,0.816212,20000,134875
orb,magnetic_label,xgboost,train,1000,1,0.818406,20000,134875
orb,magnetic_label,xgboost,train,1000,2,0.811976,20000,134875
orb,magnetic_label,xgboost,train,1000,3,0.813476,20000,134875
orb,magnetic_label,xgboost,train,1000,4,0.812268,20000,134875
orb,magnetic_label,xgboost,train,1000,5,0.809619,20000,134875
orb,magnetic_label,xgboost,train,1000,6,0.824787,20000,134875
orb,magnetic_label,xgboost,train,1000,7,0.809784,20000,134875
orb,magnetic_label,xgboost,train,1000,8,0.813627,20000,134875
orb,magnetic_label,xgboost,train,1000,9,0.821825,20000,134875
orb,magnetic_label,xgboost,train,1000,10,0.809834,20000,134875
orb,magnetic_label,xgboost,train,1000,11,0.807199,20000,134875
orb,magnetic_label,xgboost,train,1000,12,0.814227,20000,134875
orb,magnetic_label,xgboost,train,1000,13,0.810050,20000,134875
orb,magnetic_label,xgboost,train,1000,14,0.810499,20000,134875
orb,magnetic_label,xgboost,train,1000,15,0.807899,20000,134875
orb,magnetic_label,xgboost,train,1000,16,0.816092,20000,134875
orb,magnetic_label,xgboost,train,1000,17,0.812771,20000,134875
orb,magnetic_label,xgboost,train,1000,18,0.809985,20000,134875
orb,magnetic_label,xgboost,train,1000,19,0.811522,20000,134875
orb,magnetic_label,xgboost,train,1000,20,0.813019,20000,134875
orb,magnetic_label,xgboost,train,1000,21,0.817570,20000,134875
orb,magnetic_label,xgboost,train,1000,22,0.810859,20000,134875
orb,magnetic_label,xgboost,train,1000,23,0.803908,20000,134875
orb,magnetic_label,xgboost,train,1000,24,0.809282,20000,134875
orb,magnetic_label,xgboost,train,1000,25,0.816607,20000,134875
orb,magnetic_label,xgboost,train,1000,26,0.812934,20000,134875
orb,magnetic_label,xgboost,train,1000,27,0.809648,20000,134875
orb,magnetic_label,xgboost,train,1000,28,0.802891,20000,134875
orb,magnetic_label,xgboost,train,1000,29,0.809027,20000,134875
orb,magnetic_label,linear,train,1000,0,0.809154,20000,134875
orb,magnetic_label,linear,train,1000,1,0.801400,20000,134875
orb,magnetic_label,linear,train,1000,2,0.799431,20000,134875
orb,magnetic_label,linear,train,1000,3,0.802958,20000,134875
orb,magnetic_label,linear,train,1000,4,0.804470,20000,134875
orb,magnetic_label,linear,train,1000,5,0.786401,20000,134875
orb,magnetic_label,linear,train,1000,6,0.816313,20000,134875
orb,magnetic_label,linear,train,1000,7,0.790961,20000,134875
orb,magnetic_label,linear,train,1000,8,0.811757,20000,134875
orb,magnetic_label,linear,train,1000,9,0.810317,20000,134875
orb,magnetic_label,linear,train,1000,10,0.805352,20000,134875
orb,magnetic_label,linear,train,1000,11,0.800528,20000,134875
orb,magnetic_label,linear,train,1000,12,0.796709,20000,134875
orb,magnetic_label,linear,train,1000,13,0.802070,20000,134875
orb,magnetic_label,linear,train,1000,14,0.796944,20000,134875
orb,magnetic_label,linear,train,1000,15,0.791298,20000,134875
orb,magnetic_label,linear,train,1000,16,0.802362,20000,134875
orb,magnetic_label,linear,train,1000,17,0.788217,20000,134875
orb,magnetic_label,linear,train,1000,18,0.798756,20000,134875
orb,magnetic_label,linear,train,1000,19,0.804237,20000,134875
orb,magnetic_label,linear,train,1000,20,0.793927,20000,134875
orb,magnetic_label,linear,train,1000,21,0.810768,20000,134875
orb,magnetic_label,linear,train,1000,22,0.799538,20000,134875
orb,magnetic_label,linear,train,1000,23,0.782835,20000,134875
orb,magnetic_label,linear,train,1000,24,0.800610,20000,134875
orb,magnetic_label,linear,train,1000,25,0.805867,20000,134875
orb,magnetic_label,linear,train,1000,26,0.793959,20000,134875
orb,magnetic_label,linear,train,1000,27,0.798138,20000,134875
orb,magnetic_label,linear,train,1000,28,0.792986,20000,134875
orb,magnetic_label,linear,train,1000,29,0.797747,20000,134875
orb,magnetic_label,xgboost,train,2000,0,0.827883,20000,134875
orb,magnetic_label,xgboost,train,2000,1,0.838027,20000,134875
orb,magnetic_label,xgboost,train,2000,2,0.835880,20000,134875
orb,magnetic_label,xgboost,train,2000,3,0.836874,20000,134875
orb,magnetic_label,xgboost,train,2000,4,0.835961,20000,134875
orb,magnetic_label,xgboost,train,2000,5,0.835758,20000,134875
orb,magnetic_label,xgboost,train,2000,6,0.836713,20000,134875
orb,magnetic_label,xgboost,train,2000,7,0.836058,20000,134875
orb,magnetic_label,xgboost,train,2000,8,0.834508,20000,134875
orb,magnetic_label,xgboost,train,2000,9,0.830200,20000,134875
orb,magnetic_label,xgboost,train,2000,10,0.837085,20000,134875
orb,magnetic_label,xgboost,train,2000,11,0.839231,20000,134875
orb,magnetic_label,xgboost,train,2000,12,0.828463,20000,134875
orb,magnetic_label,xgboost,train,2000,13,0.833056,20000,134875
orb,magnetic_label,xgboost,train,2000,14,0.830538,20000,134875
orb,magnetic_label,xgboost,train,2000,15,0.827409,20000,134875
orb,magnetic_label,xgboost,train,2000,16,0.834257,20000,134875
orb,magnetic_label,xgboost,train,2000,17,0.832083,20000,134875
orb,magnetic_label,xgboost,train,2000,18,0.831743,20000,134875
orb,magnetic_label,xgboost,train,2000,19,0.832255,20000,134875
orb,magnetic_label,xgboost,train,2000,20,0.831826,20000,134875
orb,magnetic_label,xgboost,train,2000,21,0.836956,20000,134875
orb,magnetic_label,xgboost,train,2000,22,0.832141,20000,134875
orb,magnetic_label,xgboost,train,2000,23,0.836635,20000,134875
orb,magnetic_label,xgboost,train,2000,24,0.831860,20000,134875
orb,magnetic_label,xgboost,train,2000,25,0.831834,20000,134875
orb,magnetic_label,xgboost,train,2000,26,0.825455,20000,134875
orb,magnetic_label,xgboost,train,2000,27,0.833818,20000,134875
orb,magnetic_label,xgboost,train,2000,28,0.830025,20000,134875
orb,magnetic_label,xgboost,train,2000,29,0.834745,20000,134875
orb,magnetic_label,linear,train,2000,0,0.824042,20000,134875
orb,magnetic_label,linear,train,2000,1,0.832030,20000,134875
orb,magnetic_label,linear,train,2000,2,0.834018,20000,134875
orb,magnetic_label,linear,train,2000,3,0.835418,20000,134875
orb,magnetic_label,linear,train,2000,4,0.832376,20000,134875
orb,magnetic_label,linear,train,2000,5,0.827014,20000,134875
orb,magnetic_label,linear,train,2000,6,0.822524,20000,134875
orb,magnetic_label,linear,train,2000,7,0.825421,20000,134875
orb,magnetic_label,linear,train,2000,8,0.823197,20000,134875
orb,magnetic_label,linear,train,2000,9,0.837929,20000,134875
orb,magnetic_label,linear,train,2000,10,0.829841,20000,134875
orb,magnetic_label,linear,train,2000,11,0.828117,20000,134875
orb,magnetic_label,linear,train,2000,12,0.822074,20000,134875
orb,magnetic_label,linear,train,2000,13,0.828210,20000,134875
orb,magnetic_label,linear,train,2000,14,0.830248,20000,134875
orb,magnetic_label,linear,train,2000,15,0.821684,20000,134875
orb,magnetic_label,linear,train,2000,16,0.827990,20000,134875
orb,magnetic_label,linear,train,2000,17,0.823017,20000,134875
orb,magnetic_label,linear,train,2000,18,0.825924,20000,134875
orb,magnetic_label,linear,train,2000,19,0.831819,20000,134875
orb,magnetic_label,linear,train,2000,20,0.827249,20000,134875
orb,magnetic_label,linear,train,2000,21,0.834115,20000,134875
orb,magnetic_label,linear,train,2000,22,0.822276,20000,134875
orb,magnetic_label,linear,train,2000,23,0.826387,20000,134875
orb,magnetic_label,linear,train,2000,24,0.821640,20000,134875
orb,magnetic_label,linear,train,2000,25,0.822540,20000,134875
orb,magnetic_label,linear,train,2000,26,0.816889,20000,134875
orb,magnetic_label,linear,train,2000,27,0.834781,20000,134875
orb,magnetic_label,linear,train,2000,28,0.825086,20000,134875
orb,magnetic_label,linear,train,2000,29,0.831984,20000,134875
orb,magnetic_label,xgboost,train,5000,0,0.854288,20000,134875
orb,magnetic_label,xgboost,train,5000,1,0.853728,20000,134875
orb,magnetic_label,xgboost,train,5000,2,0.853462,20000,134875
orb,magnetic_label,xgboost,train,5000,3,0.854827,20000,134875
orb,magnetic_label,xgboost,train,5000,4,0.854682,20000,134875
orb,magnetic_label,xgboost,train,5000,5,0.855180,20000,134875
orb,magnetic_label,xgboost,train,5000,6,0.854108,20000,134875
orb,magnetic_label,xgboost,train,5000,7,0.853923,20000,134875
orb,magnetic_label,xgboost,train,5000,8,0.852859,20000,134875
orb,magnetic_label,xgboost,train,5000,9,0.850615,20000,134875
orb,magnetic_label,linear,train,5000,0,0.840943,20000,134875
orb,magnetic_label,linear,train,5000,1,0.842033,20000,134875
orb,magnetic_label,linear,train,5000,2,0.847089,20000,134875
orb,magnetic_label,linear,train,5000,3,0.843810,20000,134875
orb,magnetic_label,linear,train,5000,4,0.848387,20000,134875
orb,magnetic_label,linear,train,5000,5,0.843819,20000,134875
orb,magnetic_label,linear,train,5000,6,0.849847,20000,134875
orb,magnetic_label,linear,train,5000,7,0.852687,20000,134875
orb,magnetic_label,linear,train,5000,8,0.845177,20000,134875
orb,magnetic_label,linear,train,5000,9,0.849266,20000,134875
orb,magnetic_label,xgboost,train,7000,0,0.861717,20000,134875
orb,magnetic_label,xgboost,train,7000,1,0.860934,20000,134875
orb,magnetic_label,xgboost,train,7000,2,0.862352,20000,134875
orb,magnetic_label,xgboost,train,7000,3,0.859211,20000,134875
orb,magnetic_label,xgboost,train,7000,4,0.862728,20000,134875
orb,magnetic_label,xgboost,train,7000,5,0.862155,20000,134875
orb,magnetic_label,xgboost,train,7000,6,0.861048,20000,134875
orb,magnetic_label,linear,train,7000,0,0.854220,20000,134875
orb,magnetic_label,linear,train,7000,1,0.855231,20000,134875
orb,magnetic_label,linear,train,7000,2,0.850894,20000,134875
orb,magnetic_label,linear,train,7000,3,0.852209,20000,134875
orb,magnetic_label,linear,train,7000,4,0.851185,20000,134875
orb,magnetic_label,linear,train,7000,5,0.852227,20000,134875
orb,magnetic_label,linear,train,7000,6,0.850407,20000,134875
orb,magnetic_label,xgboost,train,10000,0,0.866212,20000,134875
orb,magnetic_label,xgboost,train,10000,1,0.866843,20000,134875
orb,magnetic_label,xgboost,train,10000,2,0.869042,20000,134875
orb,magnetic_label,xgboost,train,10000,3,0.866331,20000,134875
orb,magnetic_label,xgboost,train,10000,4,0.867777,20000,134875
orb,magnetic_label,xgboost,train,10000,5,0.863488,20000,134875
orb,magnetic_label,xgboost,train,10000,6,0.868917,20000,134875
orb,magnetic_label,linear,train,10000,0,0.856292,20000,134875
orb,magnetic_label,linear,train,10000,1,0.855932,20000,134875
orb,magnetic_label,linear,train,10000,2,0.852481,20000,134875
orb,magnetic_label,linear,train,10000,3,0.855979,20000,134875
orb,magnetic_label,linear,train,10000,4,0.855746,20000,134875
orb,magnetic_label,linear,train,10000,5,0.852784,20000,134875
orb,magnetic_label,linear,train,10000,6,0.855063,20000,134875
orb,magnetic_label,xgboost,train,20000,0,0.877365,20000,134875
orb,magnetic_label,xgboost,train,20000,1,0.877143,20000,134875
orb,magnetic_label,xgboost,train,20000,2,0.877377,20000,134875
orb,magnetic_label,xgboost,train,20000,3,0.875495,20000,134875
orb,magnetic_label,xgboost,train,20000,4,0.877190,20000,134875
orb,magnetic_label,xgboost,train,20000,5,0.877759,20000,134875
orb,magnetic_label,linear,train,20000,0,0.858780,20000,134875
orb,magnetic_label,linear,train,20000,1,0.858713,20000,134875
orb,magnetic_label,linear,train,20000,2,0.857845,20000,134875
orb,magnetic_label,linear,train,20000,3,0.857359,20000,134875
orb,magnetic_label,linear,train,20000,4,0.858033,20000,134875
orb,magnetic_label,linear,train,20000,5,0.856983,20000,134875
